date_gmt,daily_mean_water_level_m
01-Jan-1995,0.113583333333333
02-Jan-1995,0.0140833333333333
03-Jan-1995,-0.1035
04-Jan-1995,-0.0689583333333333
05-Jan-1995,-0.136083333333333
06-Jan-1995,-0.0565833333333333
07-Jan-1995,0.126125
08-Jan-1995,-0.163166666666667
09-Jan-1995,-0.151375
10-Jan-1995,-0.155
11-Jan-1995,-0.08375
12-Jan-1995,-0.125708333333333
13-Jan-1995,-0.137541666666667
14-Jan-1995,-0.00279166666666665
15-Jan-1995,0.208
16-Jan-1995,-0.0357916666666667
17-Jan-1995,-0.04225
18-Jan-1995,0.0962083333333333
19-Jan-1995,0.167416666666667
20-Jan-1995,0.277583333333333
21-Jan-1995,0.0843333333333333
22-Jan-1995,-0.00883333333333334
23-Jan-1995,-0.0259166666666667
24-Jan-1995,-0.0619166666666667
25-Jan-1995,-0.154625
26-Jan-1995,-0.119541666666667
27-Jan-1995,-0.115541666666667
28-Jan-1995,-0.0765416666666667
29-Jan-1995,-0.081625
30-Jan-1995,-0.00716666666666667
31-Jan-1995,-0.042125
01-Feb-1995,0.0280833333333333
02-Feb-1995,-0.0406666666666667
03-Feb-1995,-0.121875
04-Feb-1995,0.0187916666666667
05-Feb-1995,-0.234333333333333
06-Feb-1995,-0.123125
07-Feb-1995,-0.166541666666667
08-Feb-1995,-0.22725
09-Feb-1995,-0.284458333333333
10-Feb-1995,-0.234833333333333
11-Feb-1995,-0.2285
12-Feb-1995,-0.217625
13-Feb-1995,-0.168125
14-Feb-1995,-0.145125
15-Feb-1995,-0.149875
16-Feb-1995,-0.188208333333333
17-Feb-1995,-0.237083333333333
18-Feb-1995,-0.122458333333333
19-Feb-1995,-0.0698333333333334
20-Feb-1995,0.0206666666666667
21-Feb-1995,0.120041666666667
22-Feb-1995,0.0512083333333333
23-Feb-1995,0.108125
24-Feb-1995,0.0654583333333333
25-Feb-1995,0.0187916666666666
26-Feb-1995,0.0867916666666667
27-Feb-1995,0.0149166666666667
28-Feb-1995,0.0347083333333333
01-Mar-1995,0.0924166666666667
02-Mar-1995,0.053875
03-Mar-1995,0.150833333333333
04-Mar-1995,0.1595
05-Mar-1995,0.12
06-Mar-1995,0.124041666666667
07-Mar-1995,0.0197083333333333
08-Mar-1995,0.0995416666666667
09-Mar-1995,-0.18275
10-Mar-1995,-0.0694166666666667
11-Mar-1995,-0.04975
12-Mar-1995,-0.137666666666667
13-Mar-1995,-0.136458333333333
14-Mar-1995,-0.0302083333333333
15-Mar-1995,0.074125
16-Mar-1995,0.160166666666667
17-Mar-1995,0.155416666666667
18-Mar-1995,0.142083333333333
19-Mar-1995,0.238833333333333
20-Mar-1995,0.209041666666667
21-Mar-1995,0.149833333333333
22-Mar-1995,0.09775
23-Mar-1995,0.0770833333333333
24-Mar-1995,0.0509166666666667
25-Mar-1995,-0.00520833333333331
26-Mar-1995,-0.00687499999999999
27-Mar-1995,-0.0552916666666667
28-Mar-1995,-0.061625
29-Mar-1995,-0.0275416666666667
30-Mar-1995,-0.0015833333333333
31-Mar-1995,-0.0121666666666667
01-Apr-1995,0.0967083333333334
02-Apr-1995,0.0743333333333333
03-Apr-1995,-0.0339166666666667
04-Apr-1995,-0.0188333333333333
05-Apr-1995,-0.131208333333333
06-Apr-1995,0.0789583333333333
07-Apr-1995,0.0655833333333333
08-Apr-1995,0.0227916666666667
09-Apr-1995,-0.00045833333333335
10-Apr-1995,-0.0532916666666667
11-Apr-1995,-0.0932916666666667
12-Apr-1995,0.0181666666666667
13-Apr-1995,-0.0095
14-Apr-1995,-0.0222083333333333
15-Apr-1995,0.0310833333333333
16-Apr-1995,0.0592083333333333
17-Apr-1995,0.0105416666666666
18-Apr-1995,8.33333333333149e-05
19-Apr-1995,0.0537083333333333
20-Apr-1995,-0.00166666666666666
21-Apr-1995,-0.0384583333333333
22-Apr-1995,-0.086
23-Apr-1995,-0.0758333333333333
24-Apr-1995,0.105625
25-Apr-1995,-0.132875
26-Apr-1995,-0.0734583333333333
27-Apr-1995,-0.104916666666667
28-Apr-1995,-0.074625
29-Apr-1995,-0.0739583333333333
30-Apr-1995,-0.0002916666666667
01-May-1995,-0.0488333333333333
02-May-1995,0.118333333333333
03-May-1995,-0.0320833333333333
04-May-1995,0.081125
05-May-1995,0.07125
06-May-1995,0.00133333333333333
07-May-1995,0.00987499999999999
08-May-1995,0.0144166666666667
09-May-1995,0.104041666666667
10-May-1995,0.0714166666666667
11-May-1995,0.0234166666666667
12-May-1995,0.00716666666666667
13-May-1995,0.0584583333333333
14-May-1995,0.0616666666666667
15-May-1995,0.0187916666666667
16-May-1995,0.0947083333333333
17-May-1995,0.187916666666667
18-May-1995,0.129375
19-May-1995,0.091625
20-May-1995,0.0489166666666667
21-May-1995,0.131583333333333
22-May-1995,0.018125
23-May-1995,-0.0122083333333333
24-May-1995,-0.021875
25-May-1995,-0.0268333333333333
26-May-1995,-0.0234583333333333
27-May-1995,0.0163333333333333
28-May-1995,0.1085
29-May-1995,0.0765
30-May-1995,-0.017625
31-May-1995,-0.058375
01-Jun-1995,-0.0122916666666667
02-Jun-1995,-0.0319583333333333
03-Jun-1995,-0.0657916666666667
04-Jun-1995,-0.064875
05-Jun-1995,0.00733333333333333
06-Jun-1995,0.18625
07-Jun-1995,-0.0378333333333333
08-Jun-1995,0.03125
09-Jun-1995,0.00654166666666667
10-Jun-1995,0.0325833333333333
11-Jun-1995,0.09375
12-Jun-1995,0.145458333333333
13-Jun-1995,0.0897916666666667
14-Jun-1995,0.182291666666667
15-Jun-1995,0.197666666666667
16-Jun-1995,0.122041666666667
17-Jun-1995,0.0769166666666667
18-Jun-1995,0.0866666666666667
19-Jun-1995,0.149833333333333
20-Jun-1995,0.118
21-Jun-1995,0.103666666666667
22-Jun-1995,0.131541666666667
23-Jun-1995,0.169083333333333
24-Jun-1995,0.204625
25-Jun-1995,0.2
26-Jun-1995,0.192458333333333
27-Jun-1995,0.188208333333333
28-Jun-1995,0.175958333333333
29-Jun-1995,0.257708333333333
30-Jun-1995,0.257958333333333
01-Jul-1995,0.288666666666667
02-Jul-1995,0.245125
03-Jul-1995,0.233125
04-Jul-1995,0.235416666666667
05-Jul-1995,0.196541666666667
06-Jul-1995,0.162833333333333
07-Jul-1995,0.187625
08-Jul-1995,0.210166666666667
09-Jul-1995,0.216958333333333
10-Jul-1995,0.281458333333333
11-Jul-1995,0.298041666666667
12-Jul-1995,0.312375
13-Jul-1995,0.294958333333333
14-Jul-1995,0.287708333333333
15-Jul-1995,0.266083333333333
16-Jul-1995,0.197708333333333
17-Jul-1995,0.11725
18-Jul-1995,0.0630416666666667
19-Jul-1995,-0.0445833333333333
20-Jul-1995,-0.029625
21-Jul-1995,-0.037
22-Jul-1995,-0.0695
23-Jul-1995,-0.0663333333333333
24-Jul-1995,-0.0155833333333333
25-Jul-1995,-0.0138333333333333
26-Jul-1995,0.0070416666666667
27-Jul-1995,-0.04425
28-Jul-1995,-0.06175
29-Jul-1995,-0.0492083333333333
30-Jul-1995,0.00920833333333334
31-Jul-1995,0.0691666666666666
01-Aug-1995,0.072375
02-Aug-1995,0.0924583333333333
03-Aug-1995,0.00366666666666668
04-Aug-1995,-0.119375
05-Aug-1995,-0.114083333333333
06-Aug-1995,-0.0517083333333333
07-Aug-1995,-0.10725
08-Aug-1995,0.122541666666667
09-Aug-1995,0.184541666666667
10-Aug-1995,0.139458333333333
11-Aug-1995,0.083
12-Aug-1995,0.117375
13-Aug-1995,0.134708333333333
14-Aug-1995,0.116875
15-Aug-1995,0.131833333333333
16-Aug-1995,0.15575
17-Aug-1995,0.209541666666667
18-Aug-1995,0.237791666666667
19-Aug-1995,0.257958333333333
20-Aug-1995,0.311041666666667
21-Aug-1995,0.323958333333333
22-Aug-1995,0.2375
23-Aug-1995,0.17175
24-Aug-1995,0.19775
25-Aug-1995,0.206708333333333
26-Aug-1995,0.204541666666667
27-Aug-1995,0.2645
28-Aug-1995,0.250791666666667
29-Aug-1995,0.31425
30-Aug-1995,0.423958333333333
31-Aug-1995,0.360625
01-Sep-1995,0.271458333333333
02-Sep-1995,0.187541666666667
03-Sep-1995,0.214916666666667
04-Sep-1995,0.210166666666667
05-Sep-1995,0.179666666666667
06-Sep-1995,0.180791666666667
07-Sep-1995,0.317041666666667
08-Sep-1995,0.2915
09-Sep-1995,0.290125
10-Sep-1995,0.25675
11-Sep-1995,0.18425
12-Sep-1995,0.167333333333333
13-Sep-1995,0.198
14-Sep-1995,0.141125
15-Sep-1995,0.064625
16-Sep-1995,0.0692916666666667
17-Sep-1995,0.142083333333333
18-Sep-1995,0.0685
19-Sep-1995,0.122
20-Sep-1995,0.112833333333333
21-Sep-1995,0.082
22-Sep-1995,0.090125
23-Sep-1995,-0.0375416666666667
24-Sep-1995,0.0955
25-Sep-1995,0.199083333333333
26-Sep-1995,0.188916666666667
27-Sep-1995,0.17325
28-Sep-1995,0.1565
29-Sep-1995,0.158708333333333
30-Sep-1995,0.0919583333333334
01-Oct-1995,0.135708333333333
02-Oct-1995,0.173291666666667
03-Oct-1995,0.137375
04-Oct-1995,0.160583333333333
05-Oct-1995,0.1575
06-Oct-1995,0.103083333333333
07-Oct-1995,0.117416666666667
08-Oct-1995,0.146958333333333
09-Oct-1995,0.291166666666667
10-Oct-1995,0.341416666666667
11-Oct-1995,0.33275
12-Oct-1995,0.267708333333333
13-Oct-1995,0.244125
14-Oct-1995,0.207666666666667
15-Oct-1995,0.1525
16-Oct-1995,0.202583333333333
17-Oct-1995,0.145166666666667
18-Oct-1995,0.08375
19-Oct-1995,0.0662916666666667
20-Oct-1995,0.198666666666667
21-Oct-1995,0.186083333333333
22-Oct-1995,0.100125
23-Oct-1995,0.127458333333333
24-Oct-1995,0.1035
25-Oct-1995,0.0947916666666666
26-Oct-1995,0.110875
27-Oct-1995,0.239208333333333
28-Oct-1995,0.273
29-Oct-1995,0.05575
30-Oct-1995,0.097125
31-Oct-1995,0.0948333333333333
01-Nov-1995,0.111875
02-Nov-1995,0.00391666666666668
03-Nov-1995,0.0470833333333333
04-Nov-1995,0.0167083333333333
05-Nov-1995,0.067875
06-Nov-1995,0.118
07-Nov-1995,0.174458333333333
08-Nov-1995,0.0904166666666667
09-Nov-1995,0.0316666666666667
10-Nov-1995,0.0842083333333334
11-Nov-1995,0.176166666666667
12-Nov-1995,-0.0434583333333334
13-Nov-1995,0.04425
14-Nov-1995,0.154041666666667
15-Nov-1995,0.0517083333333333
16-Nov-1995,0.00504166666666669
17-Nov-1995,-0.0305
18-Nov-1995,0.00783333333333333
19-Nov-1995,0.0445
20-Nov-1995,0.0473333333333333
21-Nov-1995,0.135791666666667
22-Nov-1995,0.114166666666667
23-Nov-1995,0.198333333333333
24-Nov-1995,0.107833333333333
25-Nov-1995,0.021625
26-Nov-1995,0.0844166666666667
27-Nov-1995,0.0854583333333333
28-Nov-1995,-0.00441666666666665
29-Nov-1995,-0.109541666666667
30-Nov-1995,-0.202666666666667
01-Dec-1995,-0.014375
02-Dec-1995,-0.118625
03-Dec-1995,-0.124666666666667
04-Dec-1995,-0.16425
05-Dec-1995,-0.110041666666667
06-Dec-1995,-0.03825
07-Dec-1995,-0.011625
08-Dec-1995,0.0332916666666666
09-Dec-1995,0.0523333333333333
10-Dec-1995,-0.0785
11-Dec-1995,-0.13125
12-Dec-1995,-0.108791666666667
13-Dec-1995,-0.14975
14-Dec-1995,-0.10575
15-Dec-1995,-0.10275
16-Dec-1995,-0.0638333333333333
17-Dec-1995,0.0144583333333333
18-Dec-1995,0.0295
19-Dec-1995,0.142333333333333
20-Dec-1995,0.0304583333333333
21-Dec-1995,0.0858333333333333
22-Dec-1995,0.130416666666667
23-Dec-1995,0.101833333333333
24-Dec-1995,0.0224166666666667
25-Dec-1995,0.0105
26-Dec-1995,-0.0377083333333333
27-Dec-1995,-0.0167916666666667
28-Dec-1995,-0.0509583333333333
29-Dec-1995,-0.128291666666667
30-Dec-1995,-0.105291666666667
31-Dec-1995,-0.130833333333333
01-Jan-1996,-0.0496666666666667
02-Jan-1996,0.0774166666666667
03-Jan-1996,0.103375
04-Jan-1996,-0.02
05-Jan-1996,-0.0265416666666667
06-Jan-1996,-0.118125
07-Jan-1996,0.0251666666666666
08-Jan-1996,-0.238166666666667
09-Jan-1996,-0.209791666666667
10-Jan-1996,-0.135375
11-Jan-1996,-0.0405833333333333
12-Jan-1996,0.0852083333333333
13-Jan-1996,-0.0385416666666667
14-Jan-1996,0.0125
15-Jan-1996,-0.0923333333333333
16-Jan-1996,-0.188041666666667
17-Jan-1996,-0.185125
18-Jan-1996,-0.0794583333333333
19-Jan-1996,0.05725
20-Jan-1996,-0.197541666666667
21-Jan-1996,-0.0539583333333333
22-Jan-1996,-0.030875
23-Jan-1996,0.0244583333333333
24-Jan-1996,0.137208333333333
25-Jan-1996,-0.171625
26-Jan-1996,-0.0935
27-Jan-1996,0.0350416666666667
28-Jan-1996,-0.327291666666667
29-Jan-1996,-0.129166666666667
30-Jan-1996,-0.130458333333333
31-Jan-1996,-0.0874583333333333
01-Feb-1996,-0.07175
02-Feb-1996,-0.00316666666666663
03-Feb-1996,0.00837500000000002
04-Feb-1996,-0.0224583333333333
05-Feb-1996,-0.06825
06-Feb-1996,-0.0314166666666667
07-Feb-1996,-0.0942083333333333
08-Feb-1996,-0.090125
09-Feb-1996,-0.11525
10-Feb-1996,-0.114791666666667
11-Feb-1996,-0.0359583333333333
12-Feb-1996,-0.199083333333333
13-Feb-1996,-0.213
14-Feb-1996,-0.045625
15-Feb-1996,-0.106625
16-Feb-1996,-0.0712083333333333
17-Feb-1996,-0.188958333333333
18-Feb-1996,-0.0103333333333333
19-Feb-1996,0.0119166666666667
20-Feb-1996,-0.017875
21-Feb-1996,-0.133458333333333
22-Feb-1996,-0.0874583333333333
23-Feb-1996,-0.0602083333333333
24-Feb-1996,-0.0937083333333333
25-Feb-1996,-0.189291666666667
26-Feb-1996,-0.223541666666667
27-Feb-1996,-0.2365
28-Feb-1996,-0.195166666666667
29-Feb-1996,-0.22825
01-Mar-1996,-0.119958333333333
02-Mar-1996,0.0240416666666667
03-Mar-1996,-0.0625
04-Mar-1996,-0.200666666666667
05-Mar-1996,-0.158041666666667
06-Mar-1996,-0.173625
07-Mar-1996,-0.18425
08-Mar-1996,-0.308708333333333
09-Mar-1996,-0.299416666666667
10-Mar-1996,-0.250083333333333
11-Mar-1996,-0.274833333333333
12-Mar-1996,-0.15075
13-Mar-1996,0.0585833333333333
14-Mar-1996,-0.0197916666666667
15-Mar-1996,-0.0539583333333333
16-Mar-1996,-0.0801666666666667
17-Mar-1996,-0.0352083333333333
18-Mar-1996,0.00166666666666667
19-Mar-1996,0.189166666666667
20-Mar-1996,0.0445416666666667
21-Mar-1996,-0.140333333333333
22-Mar-1996,-0.08675
23-Mar-1996,-0.0555833333333333
24-Mar-1996,-0.1285
25-Mar-1996,-0.135333333333333
26-Mar-1996,-0.187791666666667
27-Mar-1996,-0.345541666666667
28-Mar-1996,-0.149541666666667
29-Mar-1996,-0.211375
30-Mar-1996,-0.115208333333333
31-Mar-1996,0.028
01-Apr-1996,0.0285833333333334
02-Apr-1996,-0.082125
03-Apr-1996,0.00841666666666671
04-Apr-1996,-0.00820833333333334
05-Apr-1996,-0.06325
06-Apr-1996,-0.056625
07-Apr-1996,0.00704166666666669
08-Apr-1996,0.0309583333333333
09-Apr-1996,0.05975
10-Apr-1996,-0.00358333333333336
11-Apr-1996,0.00883333333333335
12-Apr-1996,-0.0994166666666667
13-Apr-1996,-0.160041666666667
14-Apr-1996,-0.150208333333333
15-Apr-1996,-0.0665833333333333
16-Apr-1996,0.0176666666666667
17-Apr-1996,-0.131833333333333
18-Apr-1996,-0.0552083333333333
19-Apr-1996,-0.0418333333333334
20-Apr-1996,-0.0536666666666666
21-Apr-1996,-0.110833333333333
22-Apr-1996,-0.225916666666667
23-Apr-1996,-0.194791666666667
24-Apr-1996,-0.29075
25-Apr-1996,-0.162458333333333
26-Apr-1996,-0.0891666666666666
27-Apr-1996,-0.193041666666667
28-Apr-1996,-0.203333333333333
29-Apr-1996,-0.134916666666667
30-Apr-1996,-0.010625
01-May-1996,-0.181083333333333
02-May-1996,-0.0889166666666667
03-May-1996,-0.074125
04-May-1996,0.00316666666666664
05-May-1996,0.0377916666666666
06-May-1996,0.0514583333333333
07-May-1996,-0.0211666666666667
08-May-1996,0.0119583333333333
09-May-1996,-0.014125
10-May-1996,-0.0625833333333333
11-May-1996,-0.0485416666666666
12-May-1996,-0.061125
13-May-1996,-0.0572083333333333
14-May-1996,-0.174625
15-May-1996,-0.159166666666667
16-May-1996,-0.169875
17-May-1996,-0.161541666666667
18-May-1996,-0.110208333333333
19-May-1996,-0.0840833333333333
20-May-1996,-0.03625
21-May-1996,0.036
22-May-1996,0.00929166666666667
23-May-1996,0.00779166666666666
24-May-1996,-0.0544166666666667
25-May-1996,-0.110375
26-May-1996,-0.00162500000000001
27-May-1996,-0.007125
28-May-1996,-0.0146666666666667
29-May-1996,0.0170833333333333
30-May-1996,0.0273333333333333
31-May-1996,0.0988333333333333
01-Jun-1996,0.00725000000000005
02-Jun-1996,-0.0165833333333333
03-Jun-1996,0.0512916666666667
04-Jun-1996,0.130291666666667
05-Jun-1996,0.110625
06-Jun-1996,0.0185833333333333
07-Jun-1996,-0.0571666666666667
08-Jun-1996,-0.07225
09-Jun-1996,-0.0685833333333334
10-Jun-1996,-0.09225
11-Jun-1996,-0.0975
12-Jun-1996,-0.0840833333333334
13-Jun-1996,-0.135166666666667
14-Jun-1996,-0.12925
15-Jun-1996,-0.0850416666666666
16-Jun-1996,-0.105291666666667
17-Jun-1996,-0.0930416666666667
18-Jun-1996,-0.064625
19-Jun-1996,-0.05625
20-Jun-1996,-0.0849583333333333
21-Jun-1996,-0.0352083333333333
22-Jun-1996,-0.00691666666666666
23-Jun-1996,0.00587499999999999
24-Jun-1996,-0.0183333333333334
25-Jun-1996,-0.020875
26-Jun-1996,-0.109125
27-Jun-1996,0.00374999999999999
28-Jun-1996,-0.045875
29-Jun-1996,-0.077625
30-Jun-1996,0.00229166666666669
01-Jul-1996,-0.0185
02-Jul-1996,0.0187083333333334
03-Jul-1996,0.112166666666667
04-Jul-1996,0.121
05-Jul-1996,0.130958333333333
06-Jul-1996,0.0532083333333333
07-Jul-1996,0.018
08-Jul-1996,-0.0166666666666667
09-Jul-1996,-0.0566666666666667
10-Jul-1996,-0.127333333333333
11-Jul-1996,-0.143583333333333
12-Jul-1996,0.0672083333333333
13-Jul-1996,0.016
14-Jul-1996,-0.0625833333333334
15-Jul-1996,-0.0243333333333333
16-Jul-1996,-0.0869583333333333
17-Jul-1996,-0.0963333333333333
18-Jul-1996,-0.0974166666666667
19-Jul-1996,-0.0385416666666667
20-Jul-1996,-0.0665416666666667
21-Jul-1996,0.0442083333333333
22-Jul-1996,0.0394166666666667
23-Jul-1996,0.02175
24-Jul-1996,0.00033333333333335
25-Jul-1996,-0.0292916666666667
26-Jul-1996,-0.0939583333333333
27-Jul-1996,-0.123875
28-Jul-1996,-0.0741666666666667
29-Jul-1996,-0.0232083333333333
30-Jul-1996,0.015375
31-Jul-1996,0.0602083333333334
01-Aug-1996,0.110541666666667
02-Aug-1996,0.0613333333333334
03-Aug-1996,0.0535833333333333
04-Aug-1996,0.0220416666666667
05-Aug-1996,0.00429166666666667
06-Aug-1996,0.0163333333333333
07-Aug-1996,0.0196666666666667
08-Aug-1996,0.00979166666666667
09-Aug-1996,-0.0781666666666667
10-Aug-1996,-0.0837916666666667
11-Aug-1996,-0.0697083333333333
12-Aug-1996,0.134416666666667
13-Aug-1996,0.168666666666667
14-Aug-1996,0.0831666666666667
15-Aug-1996,0.0832083333333333
16-Aug-1996,0.0300000000000001
17-Aug-1996,0.0345
18-Aug-1996,0.065
19-Aug-1996,0.0120833333333333
20-Aug-1996,0.0204166666666667
21-Aug-1996,0.031625
22-Aug-1996,0.03325
23-Aug-1996,-0.0345833333333333
24-Aug-1996,-0.066625
25-Aug-1996,-0.0829166666666667
26-Aug-1996,-0.055875
27-Aug-1996,0.0264166666666666
28-Aug-1996,0.0484583333333333
29-Aug-1996,0.02925
30-Aug-1996,0.130958333333333
31-Aug-1996,0.132416666666667
01-Sep-1996,0.1505
02-Sep-1996,0.174625
03-Sep-1996,0.199541666666667
04-Sep-1996,0.141
05-Sep-1996,0.048375
06-Sep-1996,0.734916666666667
07-Sep-1996,0.243083333333333
08-Sep-1996,0.255166666666667
09-Sep-1996,0.239666666666667
10-Sep-1996,0.252083333333333
11-Sep-1996,0.320041666666667
12-Sep-1996,0.40725
13-Sep-1996,0.488791666666667
14-Sep-1996,0.554166666666667
15-Sep-1996,0.534791666666667
16-Sep-1996,0.499125
17-Sep-1996,0.519583333333333
18-Sep-1996,0.296958333333333
19-Sep-1996,0.40425
20-Sep-1996,0.379666666666667
21-Sep-1996,0.333916666666667
22-Sep-1996,0.315791666666667
23-Sep-1996,0.236458333333333
24-Sep-1996,0.312666666666667
25-Sep-1996,0.350041666666667
26-Sep-1996,0.348041666666667
27-Sep-1996,0.339
28-Sep-1996,0.358291666666667
29-Sep-1996,0.233041666666667
30-Sep-1996,0.14925
01-Oct-1996,0.183166666666667
02-Oct-1996,0.176125
03-Oct-1996,0.122166666666667
04-Oct-1996,0.0587083333333334
05-Oct-1996,0.121291666666667
06-Oct-1996,0.15275
07-Oct-1996,0.283041666666667
08-Oct-1996,0.618291666666667
09-Oct-1996,0.325541666666667
10-Oct-1996,0.336916666666667
11-Oct-1996,0.297333333333333
12-Oct-1996,0.306083333333333
13-Oct-1996,0.332125
14-Oct-1996,0.323791666666667
15-Oct-1996,0.261416666666667
16-Oct-1996,0.31625
17-Oct-1996,0.286125
18-Oct-1996,0.242875
19-Oct-1996,0.139208333333333
20-Oct-1996,0.243208333333333
21-Oct-1996,0.201333333333333
22-Oct-1996,0.202416666666667
23-Oct-1996,0.208458333333333
24-Oct-1996,0.142708333333333
25-Oct-1996,0.141666666666667
26-Oct-1996,0.115208333333333
27-Oct-1996,0.116541666666667
28-Oct-1996,0.141625
29-Oct-1996,0.108041666666667
30-Oct-1996,0.243125
31-Oct-1996,0.0722083333333333
01-Nov-1996,0.168375
02-Nov-1996,0.0971666666666667
03-Nov-1996,0.0826666666666667
04-Nov-1996,0.0677083333333333
05-Nov-1996,0.0517083333333333
06-Nov-1996,0.0326666666666666
07-Nov-1996,0.108708333333333
08-Nov-1996,0.29025
09-Nov-1996,0.124125
10-Nov-1996,0.0362916666666666
11-Nov-1996,-0.00991666666666667
12-Nov-1996,-0.0444583333333333
13-Nov-1996,-0.00416666666666666
14-Nov-1996,0.0189583333333333
15-Nov-1996,-0.0742083333333333
16-Nov-1996,-0.017625
17-Nov-1996,0.0157916666666667
18-Nov-1996,0.0642083333333333
19-Nov-1996,0.09925
20-Nov-1996,0.194541666666667
21-Nov-1996,0.212
22-Nov-1996,0.028
23-Nov-1996,0.106708333333333
24-Nov-1996,0.0361666666666667
25-Nov-1996,-0.0269583333333333
26-Nov-1996,-0.00529166666666664
27-Nov-1996,-0.184166666666667
28-Nov-1996,-0.0655833333333333
29-Nov-1996,-0.0434583333333333
30-Nov-1996,0.04125
01-Dec-1996,0.16225
02-Dec-1996,0.00250000000000001
03-Dec-1996,-0.0203333333333334
04-Dec-1996,0.00987499999999998
05-Dec-1996,0.0403333333333333
06-Dec-1996,0.0258333333333333
07-Dec-1996,0.0386666666666667
08-Dec-1996,0.128041666666667
09-Dec-1996,0.05725
10-Dec-1996,0.118166666666667
11-Dec-1996,0.217416666666667
12-Dec-1996,0.130458333333333
13-Dec-1996,0.133875
14-Dec-1996,0.0951666666666667
15-Dec-1996,0.146958333333333
16-Dec-1996,0.278625
17-Dec-1996,0.3125
18-Dec-1996,0.176291666666667
19-Dec-1996,0.0415416666666667
20-Dec-1996,-0.171791666666667
21-Dec-1996,-0.150625
22-Dec-1996,-0.142541666666667
23-Dec-1996,-0.158208333333333
24-Dec-1996,-0.14275
25-Dec-1996,-0.233875
26-Dec-1996,-0.143833333333333
27-Dec-1996,-0.0951666666666667
28-Dec-1996,-0.0792916666666667
29-Dec-1996,0.00333333333333335
30-Dec-1996,-0.0549166666666667
31-Dec-1996,-0.048375
01-Jan-1997,-0.0186666666666667
02-Jan-1997,0.105458333333333
03-Jan-1997,0.043125
04-Jan-1997,-0.0206666666666667
05-Jan-1997,0.016125
06-Jan-1997,-0.034875
07-Jan-1997,-0.0222083333333333
08-Jan-1997,-0.0664166666666667
09-Jan-1997,0.107416666666667
10-Jan-1997,0.0456666666666667
11-Jan-1997,-0.027375
12-Jan-1997,-0.096
13-Jan-1997,-0.0696666666666667
14-Jan-1997,-0.079875
15-Jan-1997,-0.0199166666666667
16-Jan-1997,0.143916666666667
17-Jan-1997,-0.154375
18-Jan-1997,-0.118291666666667
19-Jan-1997,-0.176833333333333
20-Jan-1997,-0.0705
21-Jan-1997,-0.174458333333333
22-Jan-1997,-0.0822083333333333
23-Jan-1997,-0.144166666666667
24-Jan-1997,-0.152583333333333
25-Jan-1997,-0.0124166666666667
26-Jan-1997,-0.163833333333333
27-Jan-1997,-0.050625
28-Jan-1997,-0.037625
29-Jan-1997,-0.171583333333333
30-Jan-1997,-0.0346666666666666
31-Jan-1997,0.0264166666666667
01-Feb-1997,-0.00812499999999999
02-Feb-1997,-0.0204583333333333
03-Feb-1997,-1.38777878078145e-17
04-Feb-1997,-0.0285
05-Feb-1997,0.0193333333333333
06-Feb-1997,-0.0637916666666667
07-Feb-1997,0.0537083333333333
08-Feb-1997,0.0683333333333334
09-Feb-1997,-0.0621666666666667
10-Feb-1997,0.0324583333333333
11-Feb-1997,0.128166666666667
12-Feb-1997,0.118791666666667
13-Feb-1997,0.0264166666666667
14-Feb-1997,0.188416666666667
15-Feb-1997,-0.0277916666666667
16-Feb-1997,-0.0424166666666667
17-Feb-1997,-0.0589583333333333
18-Feb-1997,-0.034625
19-Feb-1997,-0.0320416666666667
20-Feb-1997,-0.07025
21-Feb-1997,-0.01325
22-Feb-1997,0.0190833333333333
23-Feb-1997,-0.0985833333333333
24-Feb-1997,-0.0432083333333333
25-Feb-1997,-0.070625
26-Feb-1997,0.02225
27-Feb-1997,0.00504166666666665
28-Feb-1997,-0.0896666666666667
01-Mar-1997,-0.122333333333333
02-Mar-1997,-0.046625
03-Mar-1997,0.0063333333333333
04-Mar-1997,-0.00983333333333335
05-Mar-1997,0.0570416666666666
06-Mar-1997,0.00191666666666668
07-Mar-1997,-0.112791666666667
08-Mar-1997,-0.0568333333333333
09-Mar-1997,-0.137041666666667
10-Mar-1997,0.062
11-Mar-1997,0.0928333333333333
12-Mar-1997,0.118166666666667
13-Mar-1997,0.0907083333333333
14-Mar-1997,0.173916666666667
15-Mar-1997,-0.0573333333333333
16-Mar-1997,-0.106041666666667
17-Mar-1997,-0.0462916666666666
18-Mar-1997,-0.0448333333333333
19-Mar-1997,-0.0275
20-Mar-1997,0.0242083333333333
21-Mar-1997,0.11
22-Mar-1997,0.135833333333333
23-Mar-1997,0.105291666666667
24-Mar-1997,0.0435
25-Mar-1997,0.0322916666666667
26-Mar-1997,0.0105833333333333
27-Mar-1997,-0.0841666666666667
28-Mar-1997,-0.000208333333333347
29-Mar-1997,-0.00583333333333332
30-Mar-1997,-0.104083333333333
31-Mar-1997,-0.038625
01-Apr-1997,-0.279875
02-Apr-1997,0.073875
03-Apr-1997,0.08775
04-Apr-1997,0.0625833333333333
05-Apr-1997,-0.0352916666666667
06-Apr-1997,-0.003625
07-Apr-1997,0.067625
08-Apr-1997,-0.00358333333333334
09-Apr-1997,0.0795416666666667
10-Apr-1997,-0.00904166666666666
11-Apr-1997,0.0640833333333333
12-Apr-1997,0.136875
13-Apr-1997,0.108875
14-Apr-1997,-0.071875
15-Apr-1997,0.00495833333333335
16-Apr-1997,0.00395833333333336
17-Apr-1997,0.0244166666666667
18-Apr-1997,-0.0752083333333333
19-Apr-1997,-0.0105416666666667
20-Apr-1997,0.0932916666666667
21-Apr-1997,0.180666666666667
22-Apr-1997,0.13175
23-Apr-1997,0.209
24-Apr-1997,0.068625
25-Apr-1997,0.175125
26-Apr-1997,0.115791666666667
27-Apr-1997,0.218958333333333
28-Apr-1997,0.260333333333333
29-Apr-1997,0.0809583333333333
30-Apr-1997,0.114125
01-May-1997,0.117666666666667
02-May-1997,0.04025
03-May-1997,0.1135
04-May-1997,-0.0292083333333333
05-May-1997,0.0326666666666667
06-May-1997,0.123416666666667
07-May-1997,0.0195
08-May-1997,0.09375
09-May-1997,0.167041666666667
10-May-1997,0.00558333333333333
11-May-1997,0.0177083333333333
12-May-1997,0.0550833333333333
13-May-1997,0.0599583333333333
14-May-1997,-0.014
15-May-1997,0.0328333333333333
16-May-1997,-0.1595
17-May-1997,-0.112416666666667
18-May-1997,-0.214833333333333
19-May-1997,-0.195416666666667
20-May-1997,-0.193458333333333
21-May-1997,-0.186833333333333
22-May-1997,-0.0167083333333334
23-May-1997,-0.000750000000000024
24-May-1997,0.00774999999999998
25-May-1997,0.0653333333333334
26-May-1997,0.0494166666666667
27-May-1997,-0.02875
28-May-1997,0.02275
29-May-1997,0.0198333333333333
30-May-1997,-0.0227083333333333
31-May-1997,-0.0597083333333333
01-Jun-1997,-0.016375
02-Jun-1997,-0.0159583333333333
03-Jun-1997,-0.004
04-Jun-1997,0.0379166666666667
05-Jun-1997,0.14375
06-Jun-1997,0.214166666666667
07-Jun-1997,0.175833333333333
08-Jun-1997,0.159958333333333
09-Jun-1997,0.174541666666667
10-Jun-1997,0.121625
11-Jun-1997,0.0415
12-Jun-1997,0.0374583333333333
13-Jun-1997,0.0562916666666667
14-Jun-1997,0.000124999999999984
15-Jun-1997,-0.0483333333333334
16-Jun-1997,0.037
17-Jun-1997,0.0635833333333333
18-Jun-1997,0.0157083333333333
19-Jun-1997,-0.0508333333333333
20-Jun-1997,-0.0827083333333334
21-Jun-1997,-0.0229583333333333
22-Jun-1997,-0.0096666666666667
23-Jun-1997,-0.030125
24-Jun-1997,-0.0559583333333333
25-Jun-1997,-0.0327916666666667
26-Jun-1997,-0.0184583333333333
27-Jun-1997,-0.0549583333333333
28-Jun-1997,0.0396666666666667
29-Jun-1997,0.09325
30-Jun-1997,0.054
01-Jul-1997,0.0767916666666667
02-Jul-1997,0.158583333333333
03-Jul-1997,0.166541666666667
04-Jul-1997,0.124833333333333
05-Jul-1997,0.0864166666666667
06-Jul-1997,0.0129583333333333
07-Jul-1997,0.017875
08-Jul-1997,-0.0178333333333334
09-Jul-1997,0.0199166666666667
10-Jul-1997,0.0206666666666667
11-Jul-1997,-0.0729166666666667
12-Jul-1997,0.00583333333333332
13-Jul-1997,-0.0357083333333333
14-Jul-1997,-0.0665416666666667
15-Jul-1997,-0.0972916666666667
16-Jul-1997,-0.128708333333333
17-Jul-1997,-0.136416666666667
18-Jul-1997,-0.0769583333333333
19-Jul-1997,-0.0455416666666667
20-Jul-1997,0.00258333333333334
21-Jul-1997,0.0384166666666666
22-Jul-1997,0.0655416666666667
23-Jul-1997,0.0671666666666666
24-Jul-1997,0.132041666666667
25-Jul-1997,0.0379583333333333
26-Jul-1997,0.140583333333333
27-Jul-1997,0.144333333333333
28-Jul-1997,0.055375
29-Jul-1997,-0.00941666666666665
30-Jul-1997,-0.0219166666666667
31-Jul-1997,0.0555416666666667
01-Aug-1997,0.124791666666667
02-Aug-1997,0.0906666666666666
03-Aug-1997,0.0675416666666667
04-Aug-1997,0.013625
05-Aug-1997,-0.0189583333333333
06-Aug-1997,0.0365
07-Aug-1997,0.040125
08-Aug-1997,0.07025
09-Aug-1997,0.0470833333333333
10-Aug-1997,-0.025875
11-Aug-1997,-0.0386666666666667
12-Aug-1997,-0.00929166666666668
13-Aug-1997,-0.063875
14-Aug-1997,-0.0564583333333334
15-Aug-1997,-0.074
16-Aug-1997,-0.0438333333333333
17-Aug-1997,-0.0155833333333333
18-Aug-1997,0.031125
19-Aug-1997,0.0755416666666667
20-Aug-1997,0.267541666666667
21-Aug-1997,0.21125
22-Aug-1997,0.12525
23-Aug-1997,0.05275
24-Aug-1997,0.0189166666666667
25-Aug-1997,0.0382916666666667
26-Aug-1997,0.0145833333333333
27-Aug-1997,-0.0304166666666667
28-Aug-1997,0.0314166666666667
29-Aug-1997,-0.0100416666666667
30-Aug-1997,-0.0113333333333333
31-Aug-1997,0.0335833333333333
01-Sep-1997,-0.0209166666666667
02-Sep-1997,-0.0205
03-Sep-1997,0.00795833333333333
04-Sep-1997,0.00254166666666668
05-Sep-1997,0.122166666666667
06-Sep-1997,0.11275
07-Sep-1997,0.0406666666666667
08-Sep-1997,-0.0107916666666667
09-Sep-1997,-0.0229166666666667
10-Sep-1997,0.0250833333333333
11-Sep-1997,0.03875
12-Sep-1997,0.014375
13-Sep-1997,0.031125
14-Sep-1997,0.0116666666666667
15-Sep-1997,0.0766666666666667
16-Sep-1997,0.100541666666667
17-Sep-1997,0.13475
18-Sep-1997,0.202666666666667
19-Sep-1997,0.200458333333333
20-Sep-1997,0.20525
21-Sep-1997,0.0955
22-Sep-1997,0.120083333333333
23-Sep-1997,0.084375
24-Sep-1997,0.018
25-Sep-1997,0.146125
26-Sep-1997,0.168041666666667
27-Sep-1997,0.165333333333333
28-Sep-1997,0.143875
29-Sep-1997,0.000416666666666669
30-Sep-1997,-0.00854166666666667
01-Oct-1997,-0.0533333333333333
02-Oct-1997,-0.08375
03-Oct-1997,-0.0280416666666667
04-Oct-1997,-0.0222916666666667
05-Oct-1997,-0.0729166666666667
06-Oct-1997,-0.0879583333333333
07-Oct-1997,-0.112416666666667
08-Oct-1997,-0.083625
09-Oct-1997,-0.056625
10-Oct-1997,-0.083625
11-Oct-1997,-0.0949583333333334
12-Oct-1997,-0.0454583333333333
13-Oct-1997,-0.00233333333333334
14-Oct-1997,0.0229166666666667
15-Oct-1997,0.0190833333333333
16-Oct-1997,0.0471666666666666
17-Oct-1997,0.115791666666667
18-Oct-1997,0.147833333333333
19-Oct-1997,0.224583333333333
20-Oct-1997,0.236166666666667
21-Oct-1997,0.261208333333333
22-Oct-1997,0.180541666666667
23-Oct-1997,0.103916666666667
24-Oct-1997,0.05325
25-Oct-1997,0.05475
26-Oct-1997,0.065625
27-Oct-1997,0.19775
28-Oct-1997,-0.0940833333333333
29-Oct-1997,0.09725
30-Oct-1997,0.0100416666666667
31-Oct-1997,-0.00629166666666667
01-Nov-1997,0.0739166666666667
02-Nov-1997,0.0672083333333334
03-Nov-1997,-0.000833333333333339
04-Nov-1997,-0.0372916666666666
05-Nov-1997,-0.123791666666667
06-Nov-1997,-0.00458333333333335
07-Nov-1997,0.0770416666666667
08-Nov-1997,0.108541666666667
09-Nov-1997,0.167791666666667
10-Nov-1997,0.1705
11-Nov-1997,0.0914583333333333
12-Nov-1997,-0.0095
13-Nov-1997,-0.028
14-Nov-1997,0.0597916666666667
15-Nov-1997,-0.0505833333333333
16-Nov-1997,-0.0283333333333333
17-Nov-1997,-0.05975
18-Nov-1997,-0.0282083333333333
19-Nov-1997,-0.0860833333333333
20-Nov-1997,-0.072875
21-Nov-1997,-0.0766666666666667
22-Nov-1997,-0.0951666666666667
23-Nov-1997,-0.1605
24-Nov-1997,-0.215125
25-Nov-1997,-0.129958333333333
26-Nov-1997,-0.0485833333333333
27-Nov-1997,-0.17
28-Nov-1997,-0.173125
29-Nov-1997,-0.214583333333333
30-Nov-1997,-0.0151666666666667
01-Dec-1997,-0.039125
02-Dec-1997,-0.0199583333333333
03-Dec-1997,-0.00149999999999998
04-Dec-1997,-0.01525
05-Dec-1997,-0.119458333333333
06-Dec-1997,-0.165375
07-Dec-1997,-0.177375
08-Dec-1997,-0.218958333333333
09-Dec-1997,-0.2195
10-Dec-1997,-0.0931666666666666
11-Dec-1997,-0.104833333333333
12-Dec-1997,-0.0370416666666667
13-Dec-1997,-0.011625
14-Dec-1997,-0.006
15-Dec-1997,0.0066666666666667
16-Dec-1997,0.00399999999999999
17-Dec-1997,0.0444166666666667
18-Dec-1997,-0.0328333333333333
19-Dec-1997,-0.068125
20-Dec-1997,-0.160583333333333
21-Dec-1997,-0.247458333333333
22-Dec-1997,-0.0784583333333333
23-Dec-1997,-0.188208333333333
24-Dec-1997,-0.161666666666667
25-Dec-1997,-0.0260416666666667
26-Dec-1997,-0.034
27-Dec-1997,0.0494583333333333
28-Dec-1997,-0.0365416666666667
29-Dec-1997,0.130666666666667
30-Dec-1997,0.078125
31-Dec-1997,-0.124583333333333
01-Jan-1998,-0.28525
02-Jan-1998,-0.246666666666667
03-Jan-1998,-0.317166666666667
04-Jan-1998,-0.276666666666667
05-Jan-1998,-0.255791666666667
06-Jan-1998,-0.205125
07-Jan-1998,-0.0804583333333333
08-Jan-1998,-0.0605
09-Jan-1998,-0.0313333333333333
10-Jan-1998,-0.0893333333333333
11-Jan-1998,-0.00925
12-Jan-1998,0.013375
13-Jan-1998,0.054
14-Jan-1998,-0.02325
15-Jan-1998,0.0914166666666666
16-Jan-1998,0.167208333333333
17-Jan-1998,-0.0212083333333333
18-Jan-1998,0.0488333333333333
19-Jan-1998,0.140208333333333
20-Jan-1998,0.1845
21-Jan-1998,0.06425
22-Jan-1998,0.074
23-Jan-1998,0.175
24-Jan-1998,0.169708333333333
25-Jan-1998,0.0607916666666667
26-Jan-1998,0.15775
27-Jan-1998,0.265208333333333
28-Jan-1998,0.278416666666667
29-Jan-1998,0.22775
30-Jan-1998,0.460958333333333
31-Jan-1998,0.4395
01-Feb-1998,0.359333333333333
02-Feb-1998,0.325625
03-Feb-1998,0.316
04-Feb-1998,0.606166666666667
05-Feb-1998,0.434458333333333
06-Feb-1998,0.398541666666667
07-Feb-1998,0.452
08-Feb-1998,0.485583333333333
09-Feb-1998,0.503875
10-Feb-1998,0.44225
11-Feb-1998,0.379458333333333
12-Feb-1998,0.344708333333333
13-Feb-1998,0.208541666666667
14-Feb-1998,0.204458333333333
15-Feb-1998,0.127416666666667
16-Feb-1998,0.192
17-Feb-1998,0.475291666666667
18-Feb-1998,0.343833333333333
19-Feb-1998,0.220541666666667
20-Feb-1998,0.242
21-Feb-1998,0.193375
22-Feb-1998,0.154041666666667
23-Feb-1998,0.308291666666667
24-Feb-1998,0.2235
25-Feb-1998,0.288041666666667
26-Feb-1998,0.429666666666667
27-Feb-1998,0.537333333333333
28-Feb-1998,0.504458333333333
01-Mar-1998,0.427291666666667
02-Mar-1998,0.415041666666667
03-Mar-1998,0.287666666666667
04-Mar-1998,0.222541666666667
05-Mar-1998,0.157541666666667
06-Mar-1998,0.0892916666666667
07-Mar-1998,0.05325
08-Mar-1998,0.0785
09-Mar-1998,0.224833333333333
10-Mar-1998,-0.003
11-Mar-1998,-0.0470833333333333
12-Mar-1998,0.00183333333333336
13-Mar-1998,0.0325833333333333
14-Mar-1998,0.0758333333333333
15-Mar-1998,-0.00412499999999998
16-Mar-1998,0.0348333333333333
17-Mar-1998,0.027875
18-Mar-1998,0.133125
19-Mar-1998,0.147041666666667
20-Mar-1998,0.119458333333333
21-Mar-1998,0.185666666666667
22-Mar-1998,0.0523333333333333
23-Mar-1998,0.167541666666667
24-Mar-1998,0.22975
25-Mar-1998,0.180375
26-Mar-1998,0.198
27-Mar-1998,0.204208333333333
28-Mar-1998,0.197541666666667
29-Mar-1998,0.185375
30-Mar-1998,0.138125
31-Mar-1998,0.125625
01-Apr-1998,0.133208333333333
02-Apr-1998,0.06075
03-Apr-1998,-0.0175416666666667
04-Apr-1998,0.110583333333333
05-Apr-1998,0.0229583333333334
06-Apr-1998,0.130666666666667
07-Apr-1998,0.0711666666666667
08-Apr-1998,0.0466666666666667
09-Apr-1998,0.109333333333333
10-Apr-1998,-0.0548333333333333
11-Apr-1998,0.06425
12-Apr-1998,0.142541666666667
13-Apr-1998,0.156
14-Apr-1998,0.146166666666667
15-Apr-1998,0.0979583333333334
16-Apr-1998,0.120958333333333
17-Apr-1998,0.128666666666667
18-Apr-1998,-0.0261666666666667
19-Apr-1998,0.04125
20-Apr-1998,-0.0513333333333333
21-Apr-1998,0.001625
22-Apr-1998,0.04675
23-Apr-1998,0.0950833333333333
24-Apr-1998,0.15625
25-Apr-1998,0.107916666666667
26-Apr-1998,0.0991666666666667
27-Apr-1998,0.0818333333333333
28-Apr-1998,0.0530833333333333
29-Apr-1998,0.117416666666667
30-Apr-1998,0.05725
01-May-1998,0.08725
02-May-1998,0.0365416666666667
03-May-1998,0.022125
04-May-1998,0.0318333333333333
05-May-1998,0.008875
06-May-1998,-0.100833333333333
07-May-1998,-0.0475833333333333
08-May-1998,0.0661666666666667
09-May-1998,0.029
10-May-1998,0.0559583333333333
11-May-1998,0.184708333333333
12-May-1998,0.194125
13-May-1998,0.134208333333333
14-May-1998,0.250708333333333
15-May-1998,0.346208333333333
16-May-1998,0.28
17-May-1998,0.180333333333333
18-May-1998,0.105291666666667
19-May-1998,0.106166666666667
20-May-1998,0.0243333333333333
21-May-1998,0.0290416666666667
22-May-1998,0.084125
23-May-1998,0.159541666666667
24-May-1998,0.092375
25-May-1998,0.095875
26-May-1998,0.055
27-May-1998,0.038
28-May-1998,0.0145416666666666
29-May-1998,0.048875
30-May-1998,0.0863333333333333
31-May-1998,0.067625
01-Jun-1998,0.0627916666666667
02-Jun-1998,0.0413333333333333
03-Jun-1998,0.0710416666666667
04-Jun-1998,0.088
05-Jun-1998,0.0681666666666667
06-Jun-1998,0.00458333333333333
07-Jun-1998,-0.150708333333333
08-Jun-1998,-0.186208333333333
09-Jun-1998,-0.186208333333333
10-Jun-1998,-0.1495
11-Jun-1998,-0.090875
12-Jun-1998,0.00983333333333333
13-Jun-1998,0.010625
14-Jun-1998,-0.0145
15-Jun-1998,0.0640833333333333
16-Jun-1998,-0.0377083333333333
17-Jun-1998,-0.109541666666667
18-Jun-1998,-0.122208333333333
19-Jun-1998,-0.0615416666666667
20-Jun-1998,-0.0518333333333334
21-Jun-1998,-0.074875
22-Jun-1998,-0.0424166666666667
23-Jun-1998,-0.0789583333333333
24-Jun-1998,-0.0265416666666667
25-Jun-1998,0.00445833333333333
26-Jun-1998,0.0507083333333333
27-Jun-1998,0.053
28-Jun-1998,0.0245
29-Jun-1998,0.028125
30-Jun-1998,0.05
01-Jul-1998,-0.074125
02-Jul-1998,-0.114666666666667
03-Jul-1998,-0.117125
04-Jul-1998,-0.0452916666666667
05-Jul-1998,-0.0609583333333333
06-Jul-1998,-0.234875
07-Jul-1998,-0.117041666666667
08-Jul-1998,-0.053625
09-Jul-1998,-0.0657083333333333
10-Jul-1998,-0.041
11-Jul-1998,0.00454166666666669
12-Jul-1998,0.0633333333333333
13-Jul-1998,0.0427916666666667
14-Jul-1998,0.0479583333333333
15-Jul-1998,0.0167083333333333
16-Jul-1998,0.02
17-Jul-1998,-0.086875
18-Jul-1998,-0.130541666666667
19-Jul-1998,-0.143708333333333
20-Jul-1998,-0.096125
21-Jul-1998,-0.13325
22-Jul-1998,-0.201875
23-Jul-1998,-0.141708333333333
24-Jul-1998,-0.0804583333333333
25-Jul-1998,-0.0997916666666667
26-Jul-1998,-0.096875
27-Jul-1998,-0.005875
28-Jul-1998,-0.0145833333333333
29-Jul-1998,-0.0645833333333333
30-Jul-1998,-0.0865
31-Jul-1998,-0.113125
01-Aug-1998,-0.18725
02-Aug-1998,-0.0320833333333334
03-Aug-1998,-0.0664583333333333
04-Aug-1998,-0.070875
05-Aug-1998,-0.0659166666666667
06-Aug-1998,-0.0674583333333333
07-Aug-1998,-0.0362916666666667
08-Aug-1998,-0.0325416666666667
09-Aug-1998,-0.0342916666666667
10-Aug-1998,-4.16666666666806e-05
11-Aug-1998,0.0411666666666667
12-Aug-1998,0.008
13-Aug-1998,-0.0365416666666667
14-Aug-1998,-0.0244583333333333
15-Aug-1998,0.0224583333333333
16-Aug-1998,-0.0303333333333333
17-Aug-1998,-0.0745416666666667
18-Aug-1998,-0.1625
19-Aug-1998,-0.179208333333333
20-Aug-1998,-0.0965
21-Aug-1998,-0.0279583333333333
22-Aug-1998,-0.02675
23-Aug-1998,-0.0557916666666667
24-Aug-1998,-0.035
25-Aug-1998,-0.0672083333333333
26-Aug-1998,-0.107625
27-Aug-1998,0.0381666666666667
28-Aug-1998,-0.192708333333333
29-Aug-1998,0.0469166666666667
30-Aug-1998,0.118541666666667
31-Aug-1998,0.0828333333333333
01-Sep-1998,0.0841666666666667
02-Sep-1998,0.103875
03-Sep-1998,0.129625
04-Sep-1998,0.26025
05-Sep-1998,0.0257083333333333
06-Sep-1998,0.131708333333333
07-Sep-1998,0.172458333333333
08-Sep-1998,0.219208333333333
09-Sep-1998,0.0982083333333334
10-Sep-1998,0.159125
11-Sep-1998,0.139625
12-Sep-1998,0.0920416666666667
13-Sep-1998,0.0344583333333333
14-Sep-1998,0.0229583333333333
15-Sep-1998,0.0394166666666667
16-Sep-1998,0.0175833333333333
17-Sep-1998,0.00774999999999999
18-Sep-1998,0.0234583333333333
19-Sep-1998,0.0825416666666666
20-Sep-1998,0.128083333333333
21-Sep-1998,0.137958333333333
22-Sep-1998,0.0881666666666666
23-Sep-1998,0.02775
24-Sep-1998,0.130666666666667
25-Sep-1998,0.0742916666666667
26-Sep-1998,0.00108333333333334
27-Sep-1998,-0.00424999999999998
28-Sep-1998,0.0237083333333333
29-Sep-1998,0.018125
30-Sep-1998,0.0572083333333333
01-Oct-1998,0.0120416666666667
02-Oct-1998,-0.0625833333333333
03-Oct-1998,0.0389583333333333
04-Oct-1998,0.00216666666666668
05-Oct-1998,-0.0337083333333333
06-Oct-1998,-0.0167916666666667
07-Oct-1998,0.0684583333333333
08-Oct-1998,0.0806666666666667
09-Oct-1998,-0.033375
10-Oct-1998,-0.064
11-Oct-1998,-0.0327083333333333
12-Oct-1998,-0.015625
13-Oct-1998,0.00379166666666666
14-Oct-1998,0.08175
15-Oct-1998,0.00766666666666668
16-Oct-1998,-0.0526666666666667
17-Oct-1998,-0.0330833333333333
18-Oct-1998,-0.0555416666666667
19-Oct-1998,-0.0640416666666667
20-Oct-1998,-0.148666666666667
21-Oct-1998,-0.153291666666667
22-Oct-1998,-0.195125
23-Oct-1998,-0.135666666666667
24-Oct-1998,-0.026125
25-Oct-1998,-0.107416666666667
26-Oct-1998,-0.123541666666667
27-Oct-1998,-0.103875
28-Oct-1998,0.003375
29-Oct-1998,0.00829166666666667
30-Oct-1998,-0.016375
31-Oct-1998,-0.0244583333333333
01-Nov-1998,0.0125
02-Nov-1998,0.0385
03-Nov-1998,0.110125
04-Nov-1998,0.042375
05-Nov-1998,0.00333333333333332
06-Nov-1998,0.0741666666666667
07-Nov-1998,-0.012125
08-Nov-1998,-0
09-Nov-1998,NaN
10-Nov-1998,NaN
11-Nov-1998,NaN
12-Nov-1998,NaN
13-Nov-1998,NaN
14-Nov-1998,NaN
15-Nov-1998,NaN
16-Nov-1998,NaN
17-Nov-1998,-0
18-Nov-1998,-0.167916666666667
19-Nov-1998,-0.116791666666667
20-Nov-1998,-0.0768333333333334
21-Nov-1998,-0.183
22-Nov-1998,-0.168291666666667
23-Nov-1998,-0.149625
24-Nov-1998,-0.222791666666667
25-Nov-1998,-0.160166666666667
26-Nov-1998,-0.155375
27-Nov-1998,-0.231041666666667
28-Nov-1998,-0.190166666666667
29-Nov-1998,-0.222333333333333
30-Nov-1998,-0.240041666666667
01-Dec-1998,-0.2395
02-Dec-1998,-0.189958333333333
03-Dec-1998,-0.139
04-Dec-1998,-0.151708333333333
05-Dec-1998,-0.134416666666667
06-Dec-1998,-0.094
07-Dec-1998,-0.130416666666667
08-Dec-1998,-0.162
09-Dec-1998,-0.261125
10-Dec-1998,-0.214083333333333
11-Dec-1998,-0.138666666666667
12-Dec-1998,-0.122166666666667
13-Dec-1998,-0.0707916666666667
14-Dec-1998,-0.176916666666667
15-Dec-1998,-0.0818333333333333
16-Dec-1998,0.0422083333333334
17-Dec-1998,0.0698333333333333
18-Dec-1998,-0.0647083333333333
19-Dec-1998,0.0313333333333334
20-Dec-1998,-0.021375
21-Dec-1998,-0.065
22-Dec-1998,-0.0593333333333333
23-Dec-1998,-0.190708333333333
24-Dec-1998,-0.0629583333333333
25-Dec-1998,-0.142458333333333
26-Dec-1998,0.00291666666666665
27-Dec-1998,0.0323333333333333
28-Dec-1998,0.00133333333333333
29-Dec-1998,0.00962500000000001
30-Dec-1998,0.0561666666666667
31-Dec-1998,-0.028375
01-Jan-1999,0.0235
02-Jan-1999,-0.00945833333333333
03-Jan-1999,0.355458333333333
04-Jan-1999,-0.0918333333333333
05-Jan-1999,-0.142541666666667
06-Jan-1999,-0.0735416666666667
07-Jan-1999,-0.100041666666667
08-Jan-1999,-0.133041666666667
09-Jan-1999,-0.039125
10-Jan-1999,-0.13025
11-Jan-1999,-0.0754166666666667
12-Jan-1999,-0.165541666666667
13-Jan-1999,-0.190416666666667
14-Jan-1999,-0.203708333333333
15-Jan-1999,-0.08675
16-Jan-1999,-0.083625
17-Jan-1999,-0.0191666666666666
18-Jan-1999,0.044625
19-Jan-1999,-0.0885
20-Jan-1999,-0.077125
21-Jan-1999,-0.00462500000000001
22-Jan-1999,0.00216666666666667
23-Jan-1999,0.0442083333333333
24-Jan-1999,0.111541666666667
25-Jan-1999,-0.00345833333333335
26-Jan-1999,-0.00591666666666665
27-Jan-1999,0.0395
28-Jan-1999,0.0200833333333334
29-Jan-1999,0.023
30-Jan-1999,0.0980416666666667
31-Jan-1999,0.112541666666667
01-Feb-1999,0.210958333333333
02-Feb-1999,0.412708333333333
03-Feb-1999,0.198166666666667
04-Feb-1999,0.191916666666667
05-Feb-1999,0.0810833333333333
06-Feb-1999,0.174
07-Feb-1999,0.118916666666667
08-Feb-1999,0.098125
09-Feb-1999,0.134333333333333
10-Feb-1999,0.0804166666666667
11-Feb-1999,0.0438333333333333
12-Feb-1999,-0.0193333333333333
13-Feb-1999,-0.100291666666667
14-Feb-1999,-0.170666666666667
15-Feb-1999,-0.0327916666666667
16-Feb-1999,-0.0365
17-Feb-1999,-0.0164166666666667
18-Feb-1999,0.08375
19-Feb-1999,0.0723333333333333
20-Feb-1999,0.221416666666667
21-Feb-1999,0.212083333333333
22-Feb-1999,0.129583333333333
23-Feb-1999,0.124583333333333
24-Feb-1999,0.0472083333333333
25-Feb-1999,0.0845833333333333
26-Feb-1999,0.0297916666666667
27-Feb-1999,0.0546666666666667
28-Feb-1999,0.135083333333333
01-Mar-1999,0.0194166666666667
02-Mar-1999,0.0719583333333333
03-Mar-1999,0.16225
04-Mar-1999,-0.0860416666666667
05-Mar-1999,-0.162458333333333
06-Mar-1999,-0.12275
07-Mar-1999,-0.236541666666667
08-Mar-1999,-0.207791666666667
09-Mar-1999,-0.0192916666666667
10-Mar-1999,-0.0393333333333333
11-Mar-1999,0.0148333333333333
12-Mar-1999,-0.0107916666666667
13-Mar-1999,-0.046625
14-Mar-1999,0.09225
15-Mar-1999,0.0765833333333332
16-Mar-1999,-0.0227916666666667
17-Mar-1999,0.0636666666666667
18-Mar-1999,0.0436666666666666
19-Mar-1999,-0.00441666666666666
20-Mar-1999,-0.011375
21-Mar-1999,0.0987083333333333
22-Mar-1999,-0.0579166666666666
23-Mar-1999,-0.137166666666667
24-Mar-1999,-0.147041666666667
25-Mar-1999,-0.123333333333333
26-Mar-1999,-0.12925
27-Mar-1999,-0.0210416666666667
28-Mar-1999,-0.0134166666666667
29-Mar-1999,-0.031625
30-Mar-1999,-0.0690833333333333
31-Mar-1999,-0.051875
01-Apr-1999,-0.109166666666667
02-Apr-1999,-0.135208333333333
03-Apr-1999,-0.068625
04-Apr-1999,0.0262916666666667
05-Apr-1999,-0.0281666666666667
06-Apr-1999,0.074375
07-Apr-1999,0.0147083333333333
08-Apr-1999,-0.0129166666666667
09-Apr-1999,0.112541666666667
10-Apr-1999,0.0870833333333333
11-Apr-1999,0.233041666666667
12-Apr-1999,0.121458333333333
13-Apr-1999,0.059875
14-Apr-1999,0.12025
15-Apr-1999,0.135708333333333
16-Apr-1999,0.146291666666667
17-Apr-1999,0.0350416666666666
18-Apr-1999,-0.073625
19-Apr-1999,-0.109583333333333
20-Apr-1999,-0.07675
21-Apr-1999,-0.158666666666667
22-Apr-1999,-0.073125
23-Apr-1999,-0.128
24-Apr-1999,-0.195583333333333
25-Apr-1999,-0.0528333333333334
26-Apr-1999,-0.0228333333333333
27-Apr-1999,-0.0288333333333333
28-Apr-1999,0.0310833333333333
29-Apr-1999,0.0252083333333334
30-Apr-1999,0.0114166666666667
01-May-1999,-0.0822916666666667
02-May-1999,0.124
03-May-1999,0.220041666666667
04-May-1999,0.25925
05-May-1999,0.257625
06-May-1999,0.110416666666667
07-May-1999,0.0540833333333333
08-May-1999,0.0200833333333333
09-May-1999,-0.0255833333333334
10-May-1999,-0.0587916666666667
11-May-1999,-0.0437916666666667
12-May-1999,-0.0138333333333333
13-May-1999,0.020875
14-May-1999,0.0656666666666667
15-May-1999,0.0465
16-May-1999,0.0692916666666667
17-May-1999,0.163875
18-May-1999,0.194916666666667
19-May-1999,0.185708333333333
20-May-1999,0.0981666666666667
21-May-1999,0.083625
22-May-1999,0.0354583333333333
23-May-1999,0.0464583333333333
24-May-1999,0.0769583333333333
25-May-1999,-0.0302916666666666
26-May-1999,-0.0360416666666667
27-May-1999,-0.0337916666666667
28-May-1999,-0.0179166666666667
29-May-1999,-0.0772916666666667
30-May-1999,-0.0980833333333333
31-May-1999,-0.0824583333333333
01-Jun-1999,-0.0446666666666667
02-Jun-1999,-0.0180416666666667
03-Jun-1999,-0.0755
04-Jun-1999,-0.148083333333333
05-Jun-1999,-0.0683333333333333
06-Jun-1999,-0.0624166666666667
07-Jun-1999,-0.0248333333333333
08-Jun-1999,-0.00745833333333335
09-Jun-1999,-0.0974166666666667
10-Jun-1999,-0.141166666666667
11-Jun-1999,-0.0952916666666667
12-Jun-1999,0.0648333333333333
13-Jun-1999,0.107041666666667
14-Jun-1999,0.100166666666667
15-Jun-1999,0.0973333333333334
16-Jun-1999,0.086
17-Jun-1999,0.17125
18-Jun-1999,0.12725
19-Jun-1999,0.136541666666667
20-Jun-1999,0.0787916666666667
21-Jun-1999,0.0109583333333333
22-Jun-1999,-0.031125
23-Jun-1999,0.012
24-Jun-1999,0.0145833333333333
25-Jun-1999,-0.0340833333333333
26-Jun-1999,-0.048125
27-Jun-1999,-0.0882916666666667
28-Jun-1999,-0.069125
29-Jun-1999,-0.0253333333333333
30-Jun-1999,-0.0113333333333333
01-Jul-1999,0.0390416666666666
02-Jul-1999,-0.019375
03-Jul-1999,-0.0327083333333333
04-Jul-1999,-0.0407916666666667
05-Jul-1999,-0.035625
06-Jul-1999,-0.0157916666666666
07-Jul-1999,-0.064125
08-Jul-1999,-0.0877916666666667
09-Jul-1999,-0.0730833333333333
10-Jul-1999,-0.0256666666666667
11-Jul-1999,-0.052125
12-Jul-1999,0.0630833333333333
13-Jul-1999,0.126791666666667
14-Jul-1999,0.177583333333333
15-Jul-1999,0.121791666666667
16-Jul-1999,0.118416666666667
17-Jul-1999,0.058875
18-Jul-1999,0.02
19-Jul-1999,-0.0461666666666667
20-Jul-1999,-0.105791666666667
21-Jul-1999,-0.10325
22-Jul-1999,-0.019625
23-Jul-1999,-0.0387916666666667
24-Jul-1999,-0.0402083333333333
25-Jul-1999,-0.0785
26-Jul-1999,-0.061375
27-Jul-1999,-0.0158333333333334
28-Jul-1999,0.0418333333333333
29-Jul-1999,0.0765
30-Jul-1999,0.0674583333333333
31-Jul-1999,0.0864166666666667
01-Aug-1999,0.0857083333333333
02-Aug-1999,0.0602916666666667
03-Aug-1999,0.084125
04-Aug-1999,0.132125
05-Aug-1999,0.0839166666666667
06-Aug-1999,0.052625
07-Aug-1999,0.00495833333333333
08-Aug-1999,0.0224583333333333
09-Aug-1999,0.0395416666666666
10-Aug-1999,0.0938333333333333
11-Aug-1999,0.147333333333333
12-Aug-1999,0.135833333333333
13-Aug-1999,0.118541666666667
14-Aug-1999,0.145291666666667
15-Aug-1999,0.0717916666666667
16-Aug-1999,0.0375416666666667
17-Aug-1999,0.0235833333333333
18-Aug-1999,0.0597916666666667
19-Aug-1999,-0.00291666666666666
20-Aug-1999,-0.0269166666666667
21-Aug-1999,-0.0497916666666667
22-Aug-1999,-0.0236666666666667
23-Aug-1999,0.0763333333333334
24-Aug-1999,0.0635416666666667
25-Aug-1999,0.0626666666666667
26-Aug-1999,0.0324583333333333
27-Aug-1999,0.0247083333333333
28-Aug-1999,0.030125
29-Aug-1999,0.13925
30-Aug-1999,-0.0671666666666667
31-Aug-1999,0.196083333333333
01-Sep-1999,0.3365
02-Sep-1999,0.38275
03-Sep-1999,0.357041666666667
04-Sep-1999,0.255708333333333
05-Sep-1999,0.201041666666667
06-Sep-1999,0.154
07-Sep-1999,0.126541666666667
08-Sep-1999,0.1365
09-Sep-1999,0.153
10-Sep-1999,0.194625
11-Sep-1999,0.210291666666667
12-Sep-1999,0.233
13-Sep-1999,0.220833333333333
14-Sep-1999,0.206708333333333
15-Sep-1999,0.308666666666667
16-Sep-1999,0.686916666666667
17-Sep-1999,0.360666666666667
18-Sep-1999,0.414708333333333
19-Sep-1999,0.379166666666667
20-Sep-1999,0.426958333333333
21-Sep-1999,0.533583333333333
22-Sep-1999,0.598916666666667
23-Sep-1999,0.749291666666667
24-Sep-1999,0.747583333333333
25-Sep-1999,0.677333333333333
26-Sep-1999,0.604333333333334
27-Sep-1999,0.5885
28-Sep-1999,0.613416666666667
29-Sep-1999,0.618833333333333
30-Sep-1999,0.558958333333333
01-Oct-1999,0.477708333333333
02-Oct-1999,0.412208333333333
03-Oct-1999,0.312583333333333
04-Oct-1999,0.278333333333333
05-Oct-1999,0.2925
06-Oct-1999,0.353333333333333
07-Oct-1999,0.400666666666667
08-Oct-1999,0.354666666666667
09-Oct-1999,0.345541666666667
10-Oct-1999,0.318708333333333
11-Oct-1999,0.303083333333333
12-Oct-1999,0.27075
13-Oct-1999,0.3135
14-Oct-1999,0.22475
15-Oct-1999,0.169375
16-Oct-1999,0.198625
17-Oct-1999,0.376375
18-Oct-1999,0.192083333333333
19-Oct-1999,0.225083333333333
20-Oct-1999,0.264583333333333
21-Oct-1999,0.177125
22-Oct-1999,0.371583333333333
23-Oct-1999,0.4
24-Oct-1999,0.336041666666667
25-Oct-1999,0.32625
26-Oct-1999,0.345916666666667
27-Oct-1999,0.284791666666667
28-Oct-1999,0.1915
29-Oct-1999,0.168791666666667
30-Oct-1999,0.150208333333333
31-Oct-1999,0.051125
01-Nov-1999,0.0252916666666667
02-Nov-1999,0.227666666666667
03-Nov-1999,0.0434583333333333
04-Nov-1999,-0.0670416666666667
05-Nov-1999,-0.0630833333333333
06-Nov-1999,-0.113833333333333
07-Nov-1999,-0.126
08-Nov-1999,-0.00725000000000001
09-Nov-1999,0.0660833333333333
10-Nov-1999,0.0196666666666667
11-Nov-1999,0.00591666666666667
12-Nov-1999,0.0117083333333333
13-Nov-1999,0.166833333333333
14-Nov-1999,0.0983333333333333
15-Nov-1999,-0.00770833333333334
16-Nov-1999,0.100458333333333
17-Nov-1999,0.0518333333333333
18-Nov-1999,0.0174583333333333
19-Nov-1999,-0.11825
20-Nov-1999,-0.0919583333333333
21-Nov-1999,-0.0690416666666667
22-Nov-1999,0.0288333333333333
23-Nov-1999,0.0485
24-Nov-1999,0.111541666666667
25-Nov-1999,0.130583333333333
26-Nov-1999,0.156541666666667
27-Nov-1999,0.0525416666666667
28-Nov-1999,0.036
29-Nov-1999,0.068
30-Nov-1999,-0.105125
01-Dec-1999,-0.0889583333333333
02-Dec-1999,0.062375
03-Dec-1999,0.100208333333333
04-Dec-1999,0.0297916666666667
05-Dec-1999,-0.000166666666666662
06-Dec-1999,0.0657083333333334
07-Dec-1999,-0.0578333333333333
08-Dec-1999,-0.00574999999999999
09-Dec-1999,-0.0304166666666667
10-Dec-1999,0.01225
11-Dec-1999,-0.124291666666667
12-Dec-1999,-0.00441666666666666
13-Dec-1999,-0.0175833333333333
14-Dec-1999,0.0187083333333333
15-Dec-1999,-0.0765
16-Dec-1999,-0.0266666666666667
17-Dec-1999,-0.0676666666666667
18-Dec-1999,-0.05975
19-Dec-1999,-0.0318333333333333
20-Dec-1999,0.0241666666666667
21-Dec-1999,-0.030625
22-Dec-1999,-0.03025
23-Dec-1999,0.00341666666666667
24-Dec-1999,0.0335
25-Dec-1999,-0.1075
26-Dec-1999,0.0959166666666667
27-Dec-1999,-0.00937500000000003
28-Dec-1999,0.000625000000000003
29-Dec-1999,-0.0874166666666666
30-Dec-1999,-0.123125
31-Dec-1999,-0.2205
01-Jan-2000,-0.248291666666667
02-Jan-2000,-0.247916666666667
03-Jan-2000,-0.21775
04-Jan-2000,-0.175166666666667
05-Jan-2000,-0.252416666666667
06-Jan-2000,-0.2415
07-Jan-2000,-0.154541666666667
08-Jan-2000,-0.15325
09-Jan-2000,-0.0806666666666666
10-Jan-2000,0.02075
11-Jan-2000,-0.0863333333333333
12-Jan-2000,-0.152708333333333
13-Jan-2000,-0.0400833333333333
14-Jan-2000,-0.339583333333333
15-Jan-2000,-0.0916666666666667
16-Jan-2000,-0.12625
17-Jan-2000,-0.227416666666667
18-Jan-2000,-0.0240416666666667
19-Jan-2000,0.0305
20-Jan-2000,0.110333333333333
21-Jan-2000,-0.00691666666666668
22-Jan-2000,0.089875
23-Jan-2000,0.093875
24-Jan-2000,0.07675
25-Jan-2000,0.139708333333333
26-Jan-2000,0.0624583333333333
27-Jan-2000,0.024375
28-Jan-2000,-0.133166666666667
29-Jan-2000,-0.20025
30-Jan-2000,-0.114041666666667
31-Jan-2000,-0.206166666666667
01-Feb-2000,-0.158375
02-Feb-2000,-0.199583333333333
03-Feb-2000,-0.159791666666667
04-Feb-2000,-0.120608695652174
05-Feb-2000,NaN
06-Feb-2000,NaN
07-Feb-2000,NaN
08-Feb-2000,NaN
09-Feb-2000,NaN
10-Feb-2000,NaN
11-Feb-2000,NaN
12-Feb-2000,NaN
13-Feb-2000,NaN
14-Feb-2000,NaN
15-Feb-2000,NaN
16-Feb-2000,NaN
17-Feb-2000,NaN
18-Feb-2000,NaN
19-Feb-2000,NaN
20-Feb-2000,NaN
21-Feb-2000,NaN
22-Feb-2000,NaN
23-Feb-2000,NaN
24-Feb-2000,NaN
25-Feb-2000,NaN
26-Feb-2000,NaN
27-Feb-2000,NaN
28-Feb-2000,NaN
29-Feb-2000,NaN
01-Mar-2000,NaN
02-Mar-2000,NaN
03-Mar-2000,NaN
04-Mar-2000,NaN
05-Mar-2000,NaN
06-Mar-2000,NaN
07-Mar-2000,NaN
08-Mar-2000,NaN
09-Mar-2000,NaN
10-Mar-2000,NaN
11-Mar-2000,NaN
12-Mar-2000,NaN
13-Mar-2000,NaN
14-Mar-2000,NaN
15-Mar-2000,NaN
16-Mar-2000,NaN
17-Mar-2000,NaN
18-Mar-2000,NaN
19-Mar-2000,NaN
20-Mar-2000,NaN
21-Mar-2000,NaN
22-Mar-2000,NaN
23-Mar-2000,NaN
24-Mar-2000,NaN
25-Mar-2000,NaN
26-Mar-2000,NaN
27-Mar-2000,NaN
28-Mar-2000,NaN
29-Mar-2000,NaN
30-Mar-2000,NaN
31-Mar-2000,-0
01-Apr-2000,0.0166666666666667
02-Apr-2000,-0.0207916666666666
03-Apr-2000,-0.0646666666666667
04-Apr-2000,-0.00383333333333332
05-Apr-2000,-0.164125
06-Apr-2000,-0.0102083333333333
07-Apr-2000,0.0040833333333333
08-Apr-2000,0.0569583333333333
09-Apr-2000,-0.157666666666667
10-Apr-2000,-0.0919166666666666
11-Apr-2000,-0.11275
12-Apr-2000,-0.189708333333333
13-Apr-2000,-0.293875
14-Apr-2000,-0.132791666666667
15-Apr-2000,-0.0196666666666667
16-Apr-2000,-0.109583333333333
17-Apr-2000,-0.0286666666666667
18-Apr-2000,0.0631666666666667
19-Apr-2000,0.0166666666666667
20-Apr-2000,0.201625
21-Apr-2000,0.313833333333333
22-Apr-2000,0.123166666666667
23-Apr-2000,0.107125
24-Apr-2000,0.102541666666667
25-Apr-2000,0.142291666666667
26-Apr-2000,-0.0594166666666667
27-Apr-2000,0.152208333333333
28-Apr-2000,0.177541666666667
29-Apr-2000,0.0766666666666667
30-Apr-2000,0.00733333333333335
01-May-2000,0.0163333333333333
02-May-2000,0.028875
03-May-2000,-0.082375
04-May-2000,-0.0557083333333334
05-May-2000,-0.0540833333333333
06-May-2000,-0.044625
07-May-2000,-0.0513333333333333
08-May-2000,-0.0448333333333333
09-May-2000,-0.01625
10-May-2000,0.0495833333333333
11-May-2000,-0.0331666666666667
12-May-2000,0.008125
13-May-2000,0.0205833333333333
14-May-2000,-0.00520833333333333
15-May-2000,0.0549166666666667
16-May-2000,0.118
17-May-2000,0.0629166666666667
18-May-2000,-0.0139166666666667
19-May-2000,-0.090375
20-May-2000,-0.0975
21-May-2000,-0.00579166666666666
22-May-2000,0.0994166666666667
23-May-2000,0.078375
24-May-2000,0.107083333333333
25-May-2000,0.0535833333333333
26-May-2000,0.00716666666666666
27-May-2000,0.0770416666666667
28-May-2000,0.112458333333333
29-May-2000,0.0951666666666667
30-May-2000,-0.00158333333333334
31-May-2000,0.162166666666667
01-Jun-2000,0.1675
02-Jun-2000,0.0935833333333334
03-Jun-2000,0.132041666666667
04-Jun-2000,0.160625
05-Jun-2000,0.155708333333333
06-Jun-2000,0.127375
07-Jun-2000,0.00991666666666667
08-Jun-2000,0.0740833333333333
09-Jun-2000,-0.00924999999999999
10-Jun-2000,-0.0875
11-Jun-2000,-0.1375
12-Jun-2000,-0.14975
13-Jun-2000,-0.141958333333333
14-Jun-2000,-0.0495416666666667
15-Jun-2000,0.011375
16-Jun-2000,0.0540833333333333
17-Jun-2000,-0.0395416666666667
18-Jun-2000,-0.0820833333333333
19-Jun-2000,-0.073375
20-Jun-2000,-0.109833333333333
21-Jun-2000,0.0365
22-Jun-2000,0.0411666666666667
23-Jun-2000,-0.0661666666666667
24-Jun-2000,-0.0308333333333333
25-Jun-2000,-0.0440416666666667
26-Jun-2000,-0.0900833333333333
27-Jun-2000,-0.147625
28-Jun-2000,-0.148416666666667
29-Jun-2000,-0.0514166666666667
30-Jun-2000,-0.00916666666666666
01-Jul-2000,0.109708333333333
02-Jul-2000,0.128208333333333
03-Jul-2000,0.184291666666667
04-Jul-2000,0.164708333333333
05-Jul-2000,0.08125
06-Jul-2000,0.0426666666666667
07-Jul-2000,0.0789166666666667
08-Jul-2000,0.0727083333333333
09-Jul-2000,0.073125
10-Jul-2000,0.0172916666666667
11-Jul-2000,-0.112458333333333
12-Jul-2000,-0.117958333333333
13-Jul-2000,0.00679166666666667
14-Jul-2000,0.02525
15-Jul-2000,0.0684583333333333
16-Jul-2000,0.032625
17-Jul-2000,0.00400000000000001
18-Jul-2000,0.0320833333333333
19-Jul-2000,0.0364166666666667
20-Jul-2000,-0.00975000000000003
21-Jul-2000,0.05275
22-Jul-2000,0.0712916666666667
23-Jul-2000,0.018125
24-Jul-2000,0.0177083333333333
25-Jul-2000,0.0329583333333333
26-Jul-2000,0.0769583333333333
27-Jul-2000,0.039125
28-Jul-2000,0.0669166666666666
29-Jul-2000,0.0637916666666667
30-Jul-2000,0.08425
31-Jul-2000,0.116625
01-Aug-2000,0.108125
02-Aug-2000,0.100416666666667
03-Aug-2000,0.0862083333333333
04-Aug-2000,0.0886666666666666
05-Aug-2000,0.0784166666666667
06-Aug-2000,0.130375
07-Aug-2000,0.137416666666667
08-Aug-2000,0.0731666666666667
09-Aug-2000,0.0845416666666667
10-Aug-2000,0.0898333333333333
11-Aug-2000,0.101208333333333
12-Aug-2000,0.101833333333333
13-Aug-2000,0.121458333333333
14-Aug-2000,0.159416666666667
15-Aug-2000,0.172791666666667
16-Aug-2000,0.103958333333333
17-Aug-2000,0.022375
18-Aug-2000,0.148083333333333
19-Aug-2000,0.0607916666666667
20-Aug-2000,0.139208333333333
21-Aug-2000,0.114
22-Aug-2000,0.150708333333333
23-Aug-2000,0.101416666666667
24-Aug-2000,0.034125
25-Aug-2000,-0.01125
26-Aug-2000,0.0145416666666667
27-Aug-2000,0.077125
28-Aug-2000,0.065
29-Aug-2000,0.103791666666667
30-Aug-2000,0.223333333333333
31-Aug-2000,0.309083333333333
01-Sep-2000,0.250208333333333
02-Sep-2000,0.238541666666667
03-Sep-2000,0.250833333333333
04-Sep-2000,0.203916666666667
05-Sep-2000,0.1655
06-Sep-2000,0.107333333333333
07-Sep-2000,0.19775
08-Sep-2000,0.181375
09-Sep-2000,0.114208333333333
10-Sep-2000,0.10425
11-Sep-2000,0.118833333333333
12-Sep-2000,0.181541666666667
13-Sep-2000,0.228125
14-Sep-2000,0.248833333333333
15-Sep-2000,0.2965
16-Sep-2000,0.244791666666667
17-Sep-2000,0.197375
18-Sep-2000,0.2515
19-Sep-2000,0.211958333333333
20-Sep-2000,0.028625
21-Sep-2000,0.0282083333333333
22-Sep-2000,-0.0229166666666667
23-Sep-2000,0.112958333333333
24-Sep-2000,0.066625
25-Sep-2000,0.125291666666667
26-Sep-2000,0.177375
27-Sep-2000,0.163291666666667
28-Sep-2000,0.26625
29-Sep-2000,0.268791666666667
30-Sep-2000,0.281958333333333
01-Oct-2000,0.274833333333333
02-Oct-2000,0.29525
03-Oct-2000,0.282375
04-Oct-2000,0.155625
05-Oct-2000,0.110416666666667
06-Oct-2000,0.116
07-Oct-2000,0.0301666666666667
08-Oct-2000,0.030875
09-Oct-2000,0.0279166666666667
10-Oct-2000,0.0745416666666667
11-Oct-2000,0.039875
12-Oct-2000,0.0252083333333333
13-Oct-2000,0.0331666666666666
14-Oct-2000,0.0634583333333333
15-Oct-2000,0.0774166666666667
16-Oct-2000,0.109
17-Oct-2000,0.153833333333333
18-Oct-2000,0.173875
19-Oct-2000,0.16375
20-Oct-2000,0.134833333333333
21-Oct-2000,0.0532916666666667
22-Oct-2000,0.0101666666666667
23-Oct-2000,-0.0340416666666667
24-Oct-2000,0.0597916666666667
25-Oct-2000,0.104875
26-Oct-2000,0.123083333333333
27-Oct-2000,0.154625
28-Oct-2000,0.20725
29-Oct-2000,0.16525
30-Oct-2000,0.176
31-Oct-2000,0.157375
01-Nov-2000,0.166333333333333
02-Nov-2000,0.169916666666667
03-Nov-2000,0.140625
04-Nov-2000,0.110166666666667
05-Nov-2000,0.111208333333333
06-Nov-2000,0.146333333333333
07-Nov-2000,0.08525
08-Nov-2000,0.0605833333333333
09-Nov-2000,0.150666666666667
10-Nov-2000,0.192
11-Nov-2000,0.115833333333333
12-Nov-2000,0.21175
13-Nov-2000,0.213125
14-Nov-2000,0.197416666666667
15-Nov-2000,0.104958333333333
16-Nov-2000,0.103083333333333
17-Nov-2000,0.0802916666666667
18-Nov-2000,0.00708333333333333
19-Nov-2000,0.0285416666666667
20-Nov-2000,0.0460416666666667
21-Nov-2000,-0.0825833333333333
22-Nov-2000,-0.205416666666667
23-Nov-2000,-0.123083333333333
24-Nov-2000,-0.151875
25-Nov-2000,0.0092083333333333
26-Nov-2000,0.1075
27-Nov-2000,0.0341666666666667
28-Nov-2000,0.00129166666666668
29-Nov-2000,-0.0139583333333333
30-Nov-2000,-0.0667083333333334
01-Dec-2000,-0.038375
02-Dec-2000,-0.03375
03-Dec-2000,-0.0248333333333333
04-Dec-2000,0.0030416666666667
05-Dec-2000,0.112125
06-Dec-2000,0.01025
07-Dec-2000,0.0162083333333333
08-Dec-2000,-0.0113333333333333
09-Dec-2000,-0.118833333333333
10-Dec-2000,-0.00391666666666668
11-Dec-2000,0.04125
12-Dec-2000,0.036125
13-Dec-2000,-0.1125
14-Dec-2000,-0.0142916666666667
15-Dec-2000,-0.244416666666667
16-Dec-2000,-0.0729166666666667
17-Dec-2000,0.0528333333333333
18-Dec-2000,-0.253416666666667
19-Dec-2000,-0.188333333333333
20-Dec-2000,-0.302125
21-Dec-2000,-0.278958333333333
22-Dec-2000,-0.246666666666667
23-Dec-2000,-0.396041666666667
24-Dec-2000,-0.255625
25-Dec-2000,-0.311416666666667
26-Dec-2000,-0.260333333333333
27-Dec-2000,-0.207666666666667
28-Dec-2000,-0.222625
29-Dec-2000,-0.0639166666666666
30-Dec-2000,-0.0781666666666666
31-Dec-2000,-0.270041666666667
01-Jan-2001,-0.269125
02-Jan-2001,-0.352458333333333
03-Jan-2001,-0.364
04-Jan-2001,-0.215583333333333
05-Jan-2001,-0.17175
06-Jan-2001,-0.215708333333333
07-Jan-2001,-0.217875
08-Jan-2001,-0.133333333333333
09-Jan-2001,-0.21925
10-Jan-2001,-0.199583333333333
11-Jan-2001,-0.124
12-Jan-2001,-0.160125
13-Jan-2001,-0.101416666666667
14-Jan-2001,0.0142916666666667
15-Jan-2001,-0.097125
16-Jan-2001,-0.162666666666667
17-Jan-2001,-0.160666666666667
18-Jan-2001,-0.123541666666667
19-Jan-2001,-0.0902916666666667
20-Jan-2001,-0.0791666666666667
21-Jan-2001,-0.398916666666667
22-Jan-2001,-0.280791666666667
23-Jan-2001,-0.190333333333333
24-Jan-2001,-0.0194166666666667
25-Jan-2001,-0.109791666666667
26-Jan-2001,-0.141166666666667
27-Jan-2001,-0.107041666666667
28-Jan-2001,-0.217791666666667
29-Jan-2001,-0.202125
30-Jan-2001,-0.130083333333333
31-Jan-2001,-0.186416666666667
01-Feb-2001,-0.301083333333333
02-Feb-2001,-0.262291666666667
03-Feb-2001,-0.339416666666667
04-Feb-2001,-0.265791666666667
05-Feb-2001,-0.2075
06-Feb-2001,-0.235041666666667
07-Feb-2001,-0.173333333333333
08-Feb-2001,-0.242125
09-Feb-2001,-0.234
10-Feb-2001,-0.182625
11-Feb-2001,-0.29075
12-Feb-2001,-0.224833333333333
13-Feb-2001,-0.24175
14-Feb-2001,-0.2245
15-Feb-2001,-0.156541666666667
16-Feb-2001,-0.178791666666667
17-Feb-2001,-0.106208333333333
18-Feb-2001,-0.190458333333333
19-Feb-2001,-0.130375
20-Feb-2001,-0.2105
21-Feb-2001,-0.202333333333333
22-Feb-2001,-0.137583333333333
23-Feb-2001,-0.106291666666667
24-Feb-2001,-0.095875
25-Feb-2001,-0.0355833333333334
26-Feb-2001,-0.123625
27-Feb-2001,-0.131708333333333
28-Feb-2001,-0.0289166666666667
01-Mar-2001,0.00983333333333336
02-Mar-2001,-0.0338333333333333
03-Mar-2001,-0.100833333333333
04-Mar-2001,-0.000750000000000015
05-Mar-2001,-0.0568333333333333
06-Mar-2001,-0.124708333333333
07-Mar-2001,-0.03525
08-Mar-2001,0.168916666666667
09-Mar-2001,0.191291666666667
10-Mar-2001,0.11125
11-Mar-2001,0.149583333333333
12-Mar-2001,0.038125
13-Mar-2001,0.054
14-Mar-2001,-0.120958333333333
15-Mar-2001,-0.0735833333333334
16-Mar-2001,-0.0988333333333333
17-Mar-2001,-0.107416666666667
18-Mar-2001,-0.205833333333333
19-Mar-2001,-0.15925
20-Mar-2001,0.02925
21-Mar-2001,0.368291666666667
22-Mar-2001,0.0103333333333333
23-Mar-2001,0.058125
24-Mar-2001,0.0625833333333334
25-Mar-2001,-0.00183333333333334
26-Mar-2001,0.063375
27-Mar-2001,-0.0377083333333333
28-Mar-2001,-0.0160416666666666
29-Mar-2001,0.125541666666667
30-Mar-2001,0.109666666666667
31-Mar-2001,-0.0244166666666667
01-Apr-2001,0.0725833333333333
02-Apr-2001,-0.070375
03-Apr-2001,0.000999999999999964
04-Apr-2001,-0.074375
05-Apr-2001,0.0117083333333333
06-Apr-2001,0.0517083333333333
07-Apr-2001,0.0150416666666667
08-Apr-2001,0.0235416666666666
09-Apr-2001,0.0915
10-Apr-2001,0.140791666666667
11-Apr-2001,0.175125
12-Apr-2001,0.124666666666667
13-Apr-2001,0.045625
14-Apr-2001,-0.0128333333333334
15-Apr-2001,0.108958333333333
16-Apr-2001,0.00125000000000002
17-Apr-2001,0.0454583333333333
18-Apr-2001,-0.183333333333333
19-Apr-2001,-0.152166666666667
20-Apr-2001,-0.167833333333333
21-Apr-2001,-0.22975
22-Apr-2001,-0.313541666666667
23-Apr-2001,-0.292625
24-Apr-2001,-0.271583333333333
25-Apr-2001,-0.318166666666667
26-Apr-2001,-0.211125
27-Apr-2001,-0.0524583333333333
28-Apr-2001,-0.0169583333333333
29-Apr-2001,-0.117166666666667
30-Apr-2001,-0.109708333333333
01-May-2001,-0.170708333333333
02-May-2001,-0.161208333333333
03-May-2001,-0.208583333333333
04-May-2001,-0.202791666666667
05-May-2001,-0.129291666666667
06-May-2001,-0.116666666666667
07-May-2001,-0.060625
08-May-2001,0.0254583333333333
09-May-2001,0.044125
10-May-2001,0.0262083333333333
11-May-2001,0.0389166666666667
12-May-2001,0.033375
13-May-2001,-0.0325833333333333
14-May-2001,0.0883333333333334
15-May-2001,0.0887916666666667
16-May-2001,0.0827916666666667
17-May-2001,0.101125
18-May-2001,0.08475
19-May-2001,0.06925
20-May-2001,0.052
21-May-2001,0.0673333333333333
22-May-2001,0.055875
23-May-2001,0.0152916666666667
24-May-2001,0.0805
25-May-2001,0.0727083333333333
26-May-2001,0.072625
27-May-2001,0.074375
28-May-2001,0.0239583333333333
29-May-2001,-0.00325000000000001
30-May-2001,-0.011375
31-May-2001,-0.024625
01-Jun-2001,0.0626666666666667
02-Jun-2001,0.0362916666666667
03-Jun-2001,-0.0286666666666667
04-Jun-2001,-0.0672083333333333
05-Jun-2001,-0.0107916666666666
06-Jun-2001,-0.0244583333333333
07-Jun-2001,-0.0087083333333333
08-Jun-2001,0.00691666666666664
09-Jun-2001,0.076875
10-Jun-2001,0.0958333333333334
11-Jun-2001,0.0712916666666666
12-Jun-2001,0.048125
13-Jun-2001,0.112041666666667
14-Jun-2001,0.0652083333333334
15-Jun-2001,-0.05575
16-Jun-2001,-0.0634583333333334
17-Jun-2001,-0.0995833333333333
18-Jun-2001,-0.0910833333333333
19-Jun-2001,-0.0878333333333334
20-Jun-2001,-0.0755833333333333
21-Jun-2001,-0.0347083333333334
22-Jun-2001,0.041625
23-Jun-2001,0.0961666666666667
24-Jun-2001,0.072625
25-Jun-2001,0.071
26-Jun-2001,0.063125
27-Jun-2001,-0.0148333333333333
28-Jun-2001,-0.0484583333333333
29-Jun-2001,-0.0215
30-Jun-2001,-0.00804166666666666
01-Jul-2001,-0.0505416666666667
02-Jul-2001,-0.0726666666666666
03-Jul-2001,-0.0304583333333333
04-Jul-2001,-0.0304583333333333
05-Jul-2001,-0.03025
06-Jul-2001,-0.0580833333333333
07-Jul-2001,-0.0575833333333333
08-Jul-2001,0.035875
09-Jul-2001,0.0210416666666667
10-Jul-2001,0.10525
11-Jul-2001,0.124666666666667
12-Jul-2001,0.04025
13-Jul-2001,0.0364166666666667
14-Jul-2001,0.0102916666666667
15-Jul-2001,-0.029875
16-Jul-2001,-0.0846666666666667
17-Jul-2001,-0.100208333333333
18-Jul-2001,-0.116708333333333
19-Jul-2001,-0.0905416666666666
20-Jul-2001,-0.04025
21-Jul-2001,0.147666666666667
22-Jul-2001,0.2395
23-Jul-2001,0.261125
24-Jul-2001,0.191333333333333
25-Jul-2001,0.0835833333333333
26-Jul-2001,0.0112083333333333
27-Jul-2001,-0.04875
28-Jul-2001,-0.0289166666666667
29-Jul-2001,0.0242083333333333
30-Jul-2001,-0.0705
31-Jul-2001,-0.012125
01-Aug-2001,0.00783333333333332
02-Aug-2001,-0.0228333333333333
03-Aug-2001,-0.069
04-Aug-2001,-0.0285
05-Aug-2001,-0.071625
06-Aug-2001,-0.0805
07-Aug-2001,-0.0399583333333333
08-Aug-2001,-0.0205416666666667
09-Aug-2001,-0.00225
10-Aug-2001,-0.0317083333333333
11-Aug-2001,-0.0495
12-Aug-2001,-0.0910833333333333
13-Aug-2001,-0.0704166666666667
14-Aug-2001,-0.08925
15-Aug-2001,-0.06475
16-Aug-2001,0.03375
17-Aug-2001,0.0128333333333333
18-Aug-2001,0.0248333333333333
19-Aug-2001,0.0173333333333334
20-Aug-2001,0.0992083333333333
21-Aug-2001,0.0584583333333333
22-Aug-2001,0.0657083333333333
23-Aug-2001,0.0899583333333333
24-Aug-2001,0.0357916666666667
25-Aug-2001,-0.028125
26-Aug-2001,0.08425
27-Aug-2001,0.097125
28-Aug-2001,0.0355
29-Aug-2001,-0.0768333333333334
30-Aug-2001,-0.027375
31-Aug-2001,0.0200416666666667
01-Sep-2001,0.00675
02-Sep-2001,0.0330416666666667
03-Sep-2001,0.114666666666667
04-Sep-2001,0.123333333333333
05-Sep-2001,0.0827083333333333
06-Sep-2001,0.0658333333333334
07-Sep-2001,0.129583333333333
08-Sep-2001,0.130625
09-Sep-2001,0.123833333333333
10-Sep-2001,0.068375
11-Sep-2001,-0.00129166666666666
12-Sep-2001,0.0479583333333333
13-Sep-2001,0.108125
14-Sep-2001,0.105833333333333
15-Sep-2001,0.0220416666666667
16-Sep-2001,0.198625
17-Sep-2001,0.293375
18-Sep-2001,0.221
19-Sep-2001,0.167041666666667
20-Sep-2001,0.153833333333333
21-Sep-2001,0.159125
22-Sep-2001,0.136833333333333
23-Sep-2001,0.109458333333333
24-Sep-2001,0.150333333333333
25-Sep-2001,0.0789166666666667
26-Sep-2001,-0.0447083333333333
27-Sep-2001,-0.00500000000000002
28-Sep-2001,0.0114166666666667
29-Sep-2001,-0.0444583333333333
30-Sep-2001,0.0321666666666666
01-Oct-2001,0.187041666666667
02-Oct-2001,0.276875
03-Oct-2001,0.247375
04-Oct-2001,0.124625
05-Oct-2001,0.0572916666666667
06-Oct-2001,0.0777083333333333
07-Oct-2001,-0.03275
08-Oct-2001,0.0197083333333333
09-Oct-2001,0.00387499999999998
10-Oct-2001,-0.0288749999999999
11-Oct-2001,-0.0104166666666666
12-Oct-2001,-0.0207916666666666
13-Oct-2001,0.0629583333333334
14-Oct-2001,0.17825
15-Oct-2001,0.108333333333333
16-Oct-2001,0.213625
17-Oct-2001,0.124208333333333
18-Oct-2001,0.066125
19-Oct-2001,0.0875833333333333
20-Oct-2001,0.079125
21-Oct-2001,0.0437916666666667
22-Oct-2001,0.0375
23-Oct-2001,0.0966666666666667
24-Oct-2001,0.105916666666667
25-Oct-2001,0.116291666666667
26-Oct-2001,-0.00499999999999999
27-Oct-2001,-0.0389583333333334
28-Oct-2001,-0.108375
29-Oct-2001,-0.00820833333333334
30-Oct-2001,-0.000666666666666704
31-Oct-2001,-0.016875
01-Nov-2001,-0.00287499999999999
02-Nov-2001,-0.00137499999999999
03-Nov-2001,-0.0119166666666667
04-Nov-2001,-0.0572083333333333
05-Nov-2001,0.02225
06-Nov-2001,0.0715833333333333
07-Nov-2001,0.0374166666666667
08-Nov-2001,-0.0205
09-Nov-2001,-0.0448333333333333
10-Nov-2001,-0.0297916666666667
11-Nov-2001,-0.0231666666666667
12-Nov-2001,-0.0635
13-Nov-2001,-0.0283333333333333
14-Nov-2001,-0.060625
15-Nov-2001,-0.0411666666666667
16-Nov-2001,0.00920833333333333
17-Nov-2001,0.02125
18-Nov-2001,-0.013125
19-Nov-2001,0.068125
20-Nov-2001,0.0169583333333333
21-Nov-2001,0.00866666666666666
22-Nov-2001,0.01975
23-Nov-2001,-0.063375
24-Nov-2001,-0.0217083333333333
25-Nov-2001,-0.0587083333333333
26-Nov-2001,-0.113833333333333
27-Nov-2001,-0.103166666666667
28-Nov-2001,-0.08175
29-Nov-2001,-0.0715833333333333
30-Nov-2001,0.0109166666666666
01-Dec-2001,0.015375
02-Dec-2001,0.00458333333333331
03-Dec-2001,-0.00212500000000001
04-Dec-2001,0.0221666666666667
05-Dec-2001,-0.05
06-Dec-2001,-0.0841666666666667
07-Dec-2001,-0.0811666666666667
08-Dec-2001,-0.0317083333333333
09-Dec-2001,-0.060875
10-Dec-2001,-0.0606666666666667
11-Dec-2001,0.038875
12-Dec-2001,-0.0830416666666667
13-Dec-2001,-0.0210833333333333
14-Dec-2001,-0.0045
15-Dec-2001,-0.0840416666666667
16-Dec-2001,-0.0878333333333333
17-Dec-2001,0.000833333333333329
18-Dec-2001,-0.0255
19-Dec-2001,0.012875
20-Dec-2001,-0.0489583333333333
21-Dec-2001,-0.133916666666667
22-Dec-2001,-0.11575
23-Dec-2001,-0.058375
24-Dec-2001,-0.0220416666666667
25-Dec-2001,-0.0565416666666667
26-Dec-2001,0.0332916666666667
27-Dec-2001,-0.0185416666666667
28-Dec-2001,0.00720833333333333
29-Dec-2001,-0.0519166666666667
30-Dec-2001,-0.184916666666667
31-Dec-2001,-0.140083333333333
01-Jan-2002,-0.186166666666667
02-Jan-2002,-0.239041666666667
03-Jan-2002,-0.07975
04-Jan-2002,-0.205625
05-Jan-2002,-0.088875
06-Jan-2002,-0.09075
07-Jan-2002,-0.244541666666667
08-Jan-2002,-0.337666666666667
09-Jan-2002,-0.261833333333333
10-Jan-2002,-0.310666666666667
11-Jan-2002,-0.313666666666667
12-Jan-2002,-0.302208333333333
13-Jan-2002,-0.236958333333333
14-Jan-2002,-0.212125
15-Jan-2002,-0.207125
16-Jan-2002,-0.278291666666667
17-Jan-2002,-0.190458333333333
18-Jan-2002,-0.211166666666667
19-Jan-2002,-0.183041666666667
20-Jan-2002,-0.287
21-Jan-2002,-0.109666666666667
22-Jan-2002,-0.192708333333333
23-Jan-2002,-0.129083333333333
24-Jan-2002,-0.1925
25-Jan-2002,-0.215458333333333
26-Jan-2002,-0.117416666666667
27-Jan-2002,-0.126583333333333
28-Jan-2002,-0.163875
29-Jan-2002,-0.157875
30-Jan-2002,-0.134083333333333
31-Jan-2002,-0.0972916666666667
01-Feb-2002,-0.0574583333333334
02-Feb-2002,-0.110458333333333
03-Feb-2002,-0.00354166666666668
04-Feb-2002,-0.0465833333333333
05-Feb-2002,-0.249
06-Feb-2002,-0.0704583333333334
07-Feb-2002,-0.0235833333333334
08-Feb-2002,-0.135083333333333
09-Feb-2002,-0.0875833333333333
10-Feb-2002,-0.0903333333333333
11-Feb-2002,-0.156166666666667
12-Feb-2002,-0.110958333333333
13-Feb-2002,-0.0720416666666667
14-Feb-2002,-0.121875
15-Feb-2002,-0.0298333333333333
16-Feb-2002,-0.0535833333333333
17-Feb-2002,-0.120125
18-Feb-2002,-0.23475
19-Feb-2002,-0.0657083333333333
20-Feb-2002,-0.0637916666666667
21-Feb-2002,-0.119
22-Feb-2002,-0.182458333333333
23-Feb-2002,-0.179541666666667
24-Feb-2002,-0.101083333333333
25-Feb-2002,-0.03875
26-Feb-2002,-0.023
27-Feb-2002,-0.0182083333333334
28-Feb-2002,-0.117041666666667
01-Mar-2002,-0.164875
02-Mar-2002,-0.166791666666667
03-Mar-2002,0.0257916666666667
04-Mar-2002,-0.174583333333333
05-Mar-2002,-0.231125
06-Mar-2002,-0.211791666666667
07-Mar-2002,-0.273083333333333
08-Mar-2002,-0.268041666666667
09-Mar-2002,-0.214375
10-Mar-2002,-0.213208333333333
11-Mar-2002,-0.210166666666667
12-Mar-2002,-0.102583333333333
13-Mar-2002,-0.05
14-Mar-2002,-0.205833333333333
15-Mar-2002,-0.14275
16-Mar-2002,-0.156416666666667
17-Mar-2002,-0.198541666666667
18-Mar-2002,-0.122083333333333
19-Mar-2002,-0.118666666666667
20-Mar-2002,0.0904166666666667
21-Mar-2002,-0.00391666666666666
22-Mar-2002,0.040375
23-Mar-2002,0.02875
24-Mar-2002,-0.0687916666666667
25-Mar-2002,-0.136125
26-Mar-2002,-0.121125
27-Mar-2002,-0.03325
28-Mar-2002,0.0407083333333334
29-Mar-2002,0.169958333333333
30-Mar-2002,0.266666666666667
31-Mar-2002,0.1765
01-Apr-2002,0.099125
02-Apr-2002,0.088625
03-Apr-2002,0.112833333333333
04-Apr-2002,0.0137916666666666
05-Apr-2002,0.101958333333333
06-Apr-2002,0.0707916666666667
07-Apr-2002,-0.0292916666666667
08-Apr-2002,-0.0644583333333333
09-Apr-2002,-0.064125
10-Apr-2002,-0.19325
11-Apr-2002,-0.162333333333333
12-Apr-2002,-0.059375
13-Apr-2002,-0.0565833333333334
14-Apr-2002,-0.0320833333333333
15-Apr-2002,-0.056625
16-Apr-2002,-0.0632083333333334
17-Apr-2002,-0.0535416666666667
18-Apr-2002,-0.0289583333333333
19-Apr-2002,-0.00816666666666666
20-Apr-2002,-0.00383333333333333
21-Apr-2002,0.0410416666666667
22-Apr-2002,0.0534583333333334
23-Apr-2002,-0.0211666666666667
24-Apr-2002,0.0405416666666667
25-Apr-2002,0.116708333333333
26-Apr-2002,-0.04675
27-Apr-2002,0.0395833333333333
28-Apr-2002,0.068375
29-Apr-2002,0.0337916666666666
30-Apr-2002,-0.03
01-May-2002,0.036125
02-May-2002,0.0287083333333333
03-May-2002,-0.0909583333333334
04-May-2002,-0.0712083333333333
05-May-2002,-0.0883333333333333
06-May-2002,-0.080875
07-May-2002,-0.0952916666666667
08-May-2002,-0.115708333333333
09-May-2002,-0.0842916666666667
10-May-2002,-0.117958333333333
11-May-2002,-0.18625
12-May-2002,-0.101583333333333
13-May-2002,-0.0495416666666667
14-May-2002,-0.113666666666667
15-May-2002,-0.072375
16-May-2002,-0.0556666666666667
17-May-2002,-0.0981666666666667
18-May-2002,-0.0362916666666667
19-May-2002,-0.184875
20-May-2002,-0.00241666666666671
21-May-2002,0.0484583333333333
22-May-2002,-0.0305
23-May-2002,0.0490416666666667
24-May-2002,-0.00600000000000004
25-May-2002,-0.0674166666666666
26-May-2002,-0.046875
27-May-2002,0.0140833333333333
28-May-2002,0.0802083333333333
29-May-2002,0.166833333333333
30-May-2002,0.100791666666667
31-May-2002,0.0925416666666667
01-Jun-2002,0.108833333333333
02-Jun-2002,0.0964166666666667
03-Jun-2002,0.09825
04-Jun-2002,0.130666666666667
05-Jun-2002,0.0752083333333333
06-Jun-2002,0.0225416666666667
07-Jun-2002,-0.0339583333333333
08-Jun-2002,0.0190416666666667
09-Jun-2002,0.12075
10-Jun-2002,0.088
11-Jun-2002,0.0125416666666667
12-Jun-2002,0.035875
13-Jun-2002,0.0765
14-Jun-2002,0.156875
15-Jun-2002,0.197708333333333
16-Jun-2002,0.21675
17-Jun-2002,0.184125
18-Jun-2002,0.082875
19-Jun-2002,0.030125
20-Jun-2002,-0.0455416666666667
21-Jun-2002,-0.094125
22-Jun-2002,-0.040375
23-Jun-2002,-0.110166666666667
24-Jun-2002,-0.108875
25-Jun-2002,-0.0950833333333333
26-Jun-2002,-0.0917083333333334
27-Jun-2002,-0.0809583333333333
28-Jun-2002,-0.11375
29-Jun-2002,-0.192583333333333
30-Jun-2002,-0.161666666666667
01-Jul-2002,-0.100625
02-Jul-2002,-0.10775
03-Jul-2002,-0.10325
04-Jul-2002,-0.0591666666666667
05-Jul-2002,-0.08
06-Jul-2002,-0.0662083333333334
07-Jul-2002,-0.0435416666666666
08-Jul-2002,-0.1185
09-Jul-2002,-0.126208333333333
10-Jul-2002,-0.121708333333333
11-Jul-2002,-0.1505
12-Jul-2002,0.0235416666666667
13-Jul-2002,0.0794583333333333
14-Jul-2002,0.02525
15-Jul-2002,-0.0419166666666667
16-Jul-2002,0.00216666666666667
17-Jul-2002,-0.00516666666666668
18-Jul-2002,0.0252916666666667
19-Jul-2002,0.0316666666666667
20-Jul-2002,-0.0332916666666667
21-Jul-2002,-0.0353333333333333
22-Jul-2002,-0.000250000000000007
23-Jul-2002,-0.0168333333333333
24-Jul-2002,-0.0449166666666667
25-Jul-2002,-0.061625
26-Jul-2002,-0.010375
27-Jul-2002,0.0546666666666667
28-Jul-2002,0.027875
29-Jul-2002,0.021875
30-Jul-2002,0.0381666666666667
31-Jul-2002,0.0734583333333334
01-Aug-2002,0.108458333333333
02-Aug-2002,0.130166666666667
03-Aug-2002,0.129666666666667
04-Aug-2002,0.14375
05-Aug-2002,0.12375
06-Aug-2002,0.1995
07-Aug-2002,0.201791666666667
08-Aug-2002,0.24025
09-Aug-2002,0.208333333333333
10-Aug-2002,0.144625
11-Aug-2002,0.155375
12-Aug-2002,0.150166666666667
13-Aug-2002,0.10875
14-Aug-2002,0.0779166666666667
15-Aug-2002,0.0406666666666667
16-Aug-2002,-0.05925
17-Aug-2002,-0.105166666666667
18-Aug-2002,-0.107916666666667
19-Aug-2002,-0.056
20-Aug-2002,-0.00791666666666667
21-Aug-2002,-0.0389583333333333
22-Aug-2002,-0.00641666666666667
23-Aug-2002,0.00420833333333333
24-Aug-2002,0.0325416666666667
25-Aug-2002,0.0697083333333333
26-Aug-2002,0.0914166666666667
27-Aug-2002,0.0352083333333334
28-Aug-2002,0.018375
29-Aug-2002,0.0299166666666667
30-Aug-2002,0.054
31-Aug-2002,0.0907916666666667
01-Sep-2002,0.107875
02-Sep-2002,0.106708333333333
03-Sep-2002,0.195875
04-Sep-2002,0.12225
05-Sep-2002,0.029125
06-Sep-2002,0.0650833333333334
07-Sep-2002,0.0694583333333333
08-Sep-2002,0.0779166666666667
09-Sep-2002,0.118375
10-Sep-2002,0.217375
11-Sep-2002,0.227041666666667
12-Sep-2002,0.206375
13-Sep-2002,0.095125
14-Sep-2002,0.0135833333333334
15-Sep-2002,-0.0550416666666666
16-Sep-2002,-0.030625
17-Sep-2002,-0.0694583333333333
18-Sep-2002,0.0409166666666667
19-Sep-2002,0.0594583333333333
20-Sep-2002,0.0888333333333333
21-Sep-2002,0.124708333333333
22-Sep-2002,0.126208333333333
23-Sep-2002,0.143208333333333
24-Sep-2002,0.112208333333333
25-Sep-2002,0.130916666666667
26-Sep-2002,0.157958333333333
27-Sep-2002,0.290083333333333
28-Sep-2002,0.234666666666667
29-Sep-2002,0.14175
30-Sep-2002,0.16475
01-Oct-2002,0.122625
02-Oct-2002,0.0542083333333333
03-Oct-2002,-0.0243333333333333
04-Oct-2002,-0.0165
05-Oct-2002,0.0500833333333333
06-Oct-2002,0.0417083333333333
07-Oct-2002,0.129875
08-Oct-2002,0.158291666666667
09-Oct-2002,0.206958333333333
10-Oct-2002,0.230666666666667
11-Oct-2002,0.315333333333333
12-Oct-2002,0.136791666666667
13-Oct-2002,0.198166666666667
14-Oct-2002,0.252791666666667
15-Oct-2002,0.410416666666667
16-Oct-2002,0.474875
17-Oct-2002,0.299
18-Oct-2002,0.204
19-Oct-2002,0.198333333333333
20-Oct-2002,0.165083333333333
21-Oct-2002,0.129708333333333
22-Oct-2002,0.104208333333333
23-Oct-2002,0.115791666666667
24-Oct-2002,0.126791666666667
25-Oct-2002,0.06225
26-Oct-2002,0.121166666666667
27-Oct-2002,0.0584583333333333
28-Oct-2002,0.105958333333333
29-Oct-2002,0.0535
30-Oct-2002,0.0885833333333333
31-Oct-2002,0.021625
01-Nov-2002,0.07975
02-Nov-2002,0.0530833333333333
03-Nov-2002,0.0612083333333333
04-Nov-2002,0.0467916666666667
05-Nov-2002,0.0720416666666666
06-Nov-2002,0.254541666666667
07-Nov-2002,-0.01225
08-Nov-2002,0.116833333333333
09-Nov-2002,0.0363333333333333
10-Nov-2002,0.0215
11-Nov-2002,-0.0329166666666667
12-Nov-2002,-0.0787500000000001
13-Nov-2002,-0.156083333333333
14-Nov-2002,0.0530416666666667
15-Nov-2002,0.173916666666667
16-Nov-2002,0.166666666666667
17-Nov-2002,0.194791666666667
18-Nov-2002,-0.013
19-Nov-2002,0.055625
20-Nov-2002,0.0400833333333333
21-Nov-2002,0.035125
22-Nov-2002,0.0882916666666667
23-Nov-2002,-0.1345
24-Nov-2002,-0.042125
25-Nov-2002,-0.0734583333333333
26-Nov-2002,-0.0879583333333333
27-Nov-2002,-0.10825
28-Nov-2002,-0.135458333333333
29-Nov-2002,-0.016875
30-Nov-2002,0.0195833333333333
01-Dec-2002,-0.190416666666667
02-Dec-2002,-0.132
03-Dec-2002,-0.1105
04-Dec-2002,-0.141791666666667
05-Dec-2002,-0.0354166666666667
06-Dec-2002,-0.100083333333333
07-Dec-2002,-0.0790833333333333
08-Dec-2002,-0.0720416666666666
09-Dec-2002,-0.134083333333333
10-Dec-2002,0.030875
11-Dec-2002,0.146083333333333
12-Dec-2002,-0.1245
13-Dec-2002,0.0125
14-Dec-2002,0.0214166666666667
15-Dec-2002,-0.124333333333333
16-Dec-2002,-0.0932083333333333
17-Dec-2002,-0.107375
18-Dec-2002,-0.0427916666666667
19-Dec-2002,0.0662916666666667
20-Dec-2002,0.135708333333333
21-Dec-2002,-0.143458333333333
22-Dec-2002,-0.132833333333333
23-Dec-2002,-0.20225
24-Dec-2002,-0.0661666666666667
25-Dec-2002,0.109416666666667
26-Dec-2002,-0.178916666666667
27-Dec-2002,-0.034875
28-Dec-2002,-0.062
29-Dec-2002,-0.0988333333333333
30-Dec-2002,-0.0815416666666667
31-Dec-2002,-0.0615
01-Jan-2003,0.04725
02-Jan-2003,-0.0204166666666667
03-Jan-2003,0.0741666666666666
04-Jan-2003,0.065125
05-Jan-2003,0.12625
06-Jan-2003,0.0580833333333333
07-Jan-2003,-0.198125
08-Jan-2003,-0.0380833333333333
09-Jan-2003,-0.0350833333333333
10-Jan-2003,-0.0736666666666667
11-Jan-2003,-0.131291666666667
12-Jan-2003,-0.178666666666667
13-Jan-2003,-0.161875
14-Jan-2003,-0.227333333333333
15-Jan-2003,-0.227833333333333
16-Jan-2003,-0.205625
17-Jan-2003,-0.152916666666667
18-Jan-2003,-0.159375
19-Jan-2003,-0.171875
20-Jan-2003,-0.228458333333333
21-Jan-2003,-0.253291666666667
22-Jan-2003,-0.200125
23-Jan-2003,-0.174833333333333
24-Jan-2003,-0.356458333333333
25-Jan-2003,-0.228125
26-Jan-2003,-0.215083333333333
27-Jan-2003,-0.360416666666667
28-Jan-2003,-0.246833333333333
29-Jan-2003,-0.211125
30-Jan-2003,-0.212
31-Jan-2003,-0.205833333333333
01-Feb-2003,-0.145125
02-Feb-2003,-0.119083333333333
03-Feb-2003,-0.0999583333333333
04-Feb-2003,-0.0669583333333333
05-Feb-2003,-0.324916666666667
06-Feb-2003,-0.337125
07-Feb-2003,-0.259375
08-Feb-2003,-0.278333333333333
09-Feb-2003,-0.176375
10-Feb-2003,-0.150333333333333
11-Feb-2003,-0.234291666666667
12-Feb-2003,-0.263875
13-Feb-2003,-0.295291666666667
14-Feb-2003,-0.306666666666667
15-Feb-2003,-0.249541666666667
16-Feb-2003,-0.226416666666667
17-Feb-2003,-0.0399166666666667
18-Feb-2003,-0.0569166666666667
19-Feb-2003,-0.0355833333333333
20-Feb-2003,-0.025125
21-Feb-2003,-0.0222083333333333
22-Feb-2003,0.132583333333333
23-Feb-2003,0.103458333333333
24-Feb-2003,-0.138166666666667
25-Feb-2003,-0.189791666666667
26-Feb-2003,-0.126166666666667
27-Feb-2003,-0.0360833333333333
28-Feb-2003,-0.0139166666666667
01-Mar-2003,0.028125
02-Mar-2003,0.151375
03-Mar-2003,0.04475
04-Mar-2003,0.0381666666666667
05-Mar-2003,0.03225
06-Mar-2003,-0.02725
07-Mar-2003,-0.07925
08-Mar-2003,0.0198333333333333
09-Mar-2003,0.148416666666667
10-Mar-2003,0.129041666666667
11-Mar-2003,0.143833333333333
12-Mar-2003,-0.00629166666666667
13-Mar-2003,0.00904166666666668
14-Mar-2003,-0.068125
15-Mar-2003,0.0933333333333333
16-Mar-2003,0.164333333333333
17-Mar-2003,0.0932916666666667
18-Mar-2003,0.131166666666667
19-Mar-2003,0.1965
20-Mar-2003,0.334333333333333
21-Mar-2003,0.28575
22-Mar-2003,0.217
23-Mar-2003,0.160333333333333
24-Mar-2003,0.158791666666667
25-Mar-2003,0.181291666666667
26-Mar-2003,0.139958333333333
27-Mar-2003,0.1155
28-Mar-2003,0.170416666666667
29-Mar-2003,0.130458333333333
30-Mar-2003,0.0809583333333333
31-Mar-2003,-0.00762499999999999
01-Apr-2003,0.0827083333333333
02-Apr-2003,-0.021
03-Apr-2003,-0.0885833333333334
04-Apr-2003,-0.0363333333333333
05-Apr-2003,0.0381666666666666
06-Apr-2003,-0.0185833333333333
07-Apr-2003,0.129333333333333
08-Apr-2003,-0.00883333333333332
09-Apr-2003,0.170291666666667
10-Apr-2003,0.294708333333333
11-Apr-2003,0.338083333333333
12-Apr-2003,0.258291666666667
13-Apr-2003,0.220708333333333
14-Apr-2003,0.140416666666667
15-Apr-2003,0.112708333333333
16-Apr-2003,0.20625
17-Apr-2003,0.309875
18-Apr-2003,0.324958333333333
19-Apr-2003,0.341958333333333
20-Apr-2003,0.365958333333333
21-Apr-2003,0.426416666666667
22-Apr-2003,0.398541666666667
23-Apr-2003,0.2365
24-Apr-2003,0.228416666666667
25-Apr-2003,0.231166666666667
26-Apr-2003,0.192875
27-Apr-2003,0.144958333333333
28-Apr-2003,0.141166666666667
29-Apr-2003,0.07975
30-Apr-2003,0.049875
01-May-2003,0.0590833333333333
02-May-2003,0.0940833333333334
03-May-2003,0.0897916666666667
04-May-2003,0.119708333333333
05-May-2003,0.11825
06-May-2003,0.0932916666666667
07-May-2003,-0.0292083333333333
08-May-2003,-0.0237916666666667
09-May-2003,-0.0655
10-May-2003,-0.0386666666666667
11-May-2003,-0.016375
12-May-2003,-0.0838333333333334
13-May-2003,-0.119666666666667
14-May-2003,-0.065375
15-May-2003,-0.04575
16-May-2003,-0.0614583333333333
17-May-2003,-0.0233333333333333
18-May-2003,0.10825
19-May-2003,0.139833333333333
20-May-2003,0.10975
21-May-2003,0.0324166666666667
22-May-2003,-0.00558333333333332
23-May-2003,0.0402916666666667
24-May-2003,0.00770833333333334
25-May-2003,0.0645833333333333
26-May-2003,0.0842083333333333
27-May-2003,0.0715833333333333
28-May-2003,0.0937916666666667
29-May-2003,0.136416666666667
30-May-2003,0.0965416666666666
31-May-2003,0.166166666666667
01-Jun-2003,0.093625
02-Jun-2003,0.098625
03-Jun-2003,0.177083333333333
04-Jun-2003,0.175
05-Jun-2003,0.0773333333333333
06-Jun-2003,0.0665416666666667
07-Jun-2003,0.107333333333333
08-Jun-2003,0.0214583333333333
09-Jun-2003,0.0105
10-Jun-2003,0.0319166666666667
11-Jun-2003,0.0583333333333333
12-Jun-2003,0.051875
13-Jun-2003,0.0872916666666667
14-Jun-2003,0.0588333333333334
15-Jun-2003,0.0577916666666666
16-Jun-2003,0.0422083333333333
17-Jun-2003,0.0778333333333334
18-Jun-2003,0.142333333333333
19-Jun-2003,0.183958333333333
20-Jun-2003,0.15575
21-Jun-2003,0.170875
22-Jun-2003,0.196208333333333
23-Jun-2003,0.141833333333333
24-Jun-2003,0.0658333333333333
25-Jun-2003,0.0234583333333333
26-Jun-2003,0.011
27-Jun-2003,0.0278333333333333
28-Jun-2003,0.0142916666666667
29-Jun-2003,-0.0137083333333333
30-Jun-2003,0.0143333333333334
01-Jul-2003,-0.02
02-Jul-2003,0.0810833333333333
03-Jul-2003,0.0599166666666667
04-Jul-2003,-0.0197083333333333
05-Jul-2003,0.0281666666666667
06-Jul-2003,-0.0227083333333333
07-Jul-2003,-0.03375
08-Jul-2003,-0.0870833333333333
09-Jul-2003,-0.0248333333333333
10-Jul-2003,0.027625
11-Jul-2003,0.031
12-Jul-2003,-0.023625
13-Jul-2003,-0.0307083333333333
14-Jul-2003,-0.027125
15-Jul-2003,-0.0185416666666667
16-Jul-2003,0.04225
17-Jul-2003,0.0415
18-Jul-2003,0.02875
19-Jul-2003,0.03575
20-Jul-2003,-0.0135416666666667
21-Jul-2003,0.0359166666666667
22-Jul-2003,0.0544583333333333
23-Jul-2003,-0.0782083333333333
24-Jul-2003,-0.175458333333333
25-Jul-2003,-0.195166666666667
26-Jul-2003,-0.176916666666667
27-Jul-2003,-0.131
28-Jul-2003,-0.09225
29-Jul-2003,-0.0645416666666667
30-Jul-2003,-0.0195
31-Jul-2003,-0.00916666666666666
01-Aug-2003,0.0443333333333333
02-Aug-2003,0.0466666666666667
03-Aug-2003,0.0197916666666666
04-Aug-2003,-0.00616666666666664
05-Aug-2003,-0.022125
06-Aug-2003,-0.0224583333333334
07-Aug-2003,-0.0120833333333333
08-Aug-2003,0.00491666666666666
09-Aug-2003,0.00204166666666667
10-Aug-2003,-0.042375
11-Aug-2003,-0.00154166666666668
12-Aug-2003,0.0405416666666667
13-Aug-2003,0.0635833333333334
14-Aug-2003,0.0719583333333333
15-Aug-2003,0.0436666666666667
16-Aug-2003,0.0855
17-Aug-2003,0.096375
18-Aug-2003,0.0376666666666667
19-Aug-2003,0.0560416666666667
20-Aug-2003,0.0519166666666667
21-Aug-2003,0.021625
22-Aug-2003,-0.023875
23-Aug-2003,-0.0922083333333333
24-Aug-2003,-0.089375
25-Aug-2003,0.00874999999999999
26-Aug-2003,0.0110416666666667
27-Aug-2003,0.0115833333333333
28-Aug-2003,-0.0156666666666667
29-Aug-2003,0.0105416666666667
30-Aug-2003,0.062625
31-Aug-2003,0.002
01-Sep-2003,-0.0655
02-Sep-2003,-0.0520416666666667
03-Sep-2003,-0.0494166666666667
04-Sep-2003,0.02225
05-Sep-2003,-0.0102083333333333
06-Sep-2003,0.00870833333333333
07-Sep-2003,0.062125
08-Sep-2003,0.126583333333333
09-Sep-2003,0.179833333333333
10-Sep-2003,0.177333333333333
11-Sep-2003,0.232041666666667
12-Sep-2003,0.248958333333333
13-Sep-2003,0.141
14-Sep-2003,0.111333333333333
15-Sep-2003,0.0860416666666667
16-Sep-2003,0.0755833333333333
17-Sep-2003,0.096875
18-Sep-2003,-0.00683333333333336
19-Sep-2003,0.1205
20-Sep-2003,-0.0220416666666666
21-Sep-2003,0.073125
22-Sep-2003,0.160875
23-Sep-2003,0.167083333333333
24-Sep-2003,0.165666666666667
25-Sep-2003,0.236125
26-Sep-2003,0.273458333333333
27-Sep-2003,0.306833333333333
28-Sep-2003,0.388541666666667
29-Sep-2003,0.311625
30-Sep-2003,0.224875
01-Oct-2003,0.247958333333333
02-Oct-2003,0.173791666666667
03-Oct-2003,0.137166666666667
04-Oct-2003,0.174291666666667
05-Oct-2003,-0.000916666666666672
06-Oct-2003,-0.0421666666666666
07-Oct-2003,-0.0134583333333333
08-Oct-2003,0.0382916666666667
09-Oct-2003,0.0514166666666667
10-Oct-2003,0.113166666666667
11-Oct-2003,0.135375
12-Oct-2003,0.199125
13-Oct-2003,0.220833333333333
14-Oct-2003,0.251708333333333
15-Oct-2003,0.166416666666667
16-Oct-2003,0.0797916666666667
17-Oct-2003,0.0388333333333334
18-Oct-2003,-0.040875
19-Oct-2003,0.0824583333333333
20-Oct-2003,-0.00158333333333333
21-Oct-2003,0.0119583333333333
22-Oct-2003,0.00275000000000001
23-Oct-2003,0.0647916666666667
24-Oct-2003,0.118666666666667
25-Oct-2003,0.110958333333333
26-Oct-2003,0.0300833333333334
27-Oct-2003,0.102916666666667
28-Oct-2003,0.133458333333333
29-Oct-2003,0.231208333333333
30-Oct-2003,0.215625
31-Oct-2003,0.184875
01-Nov-2003,0.195041666666667
02-Nov-2003,0.194541666666667
03-Nov-2003,0.210916666666667
04-Nov-2003,0.205833333333333
05-Nov-2003,0.160583333333333
06-Nov-2003,0.122541666666667
07-Nov-2003,0.0824583333333333
08-Nov-2003,0.13375
09-Nov-2003,0.056125
10-Nov-2003,0.06875
11-Nov-2003,0.0697916666666667
12-Nov-2003,0.0452083333333334
13-Nov-2003,-0.0105
14-Nov-2003,-0.158833333333333
15-Nov-2003,-0.0792083333333333
16-Nov-2003,-0.13725
17-Nov-2003,-0.193666666666667
18-Nov-2003,-0.118708333333333
19-Nov-2003,0.0785833333333333
20-Nov-2003,-0.0885
21-Nov-2003,0.102375
22-Nov-2003,0.100666666666667
23-Nov-2003,0.0704166666666667
24-Nov-2003,0.0900833333333333
25-Nov-2003,0.0608333333333333
26-Nov-2003,0.147041666666667
27-Nov-2003,0.178791666666667
28-Nov-2003,0.172
29-Nov-2003,-0.176541666666667
30-Nov-2003,-0.10525
01-Dec-2003,-0.118708333333333
02-Dec-2003,-0.297
03-Dec-2003,-0.249333333333333
04-Dec-2003,-0.160125
05-Dec-2003,-0.00225000000000002
06-Dec-2003,-0.0650416666666667
07-Dec-2003,-0.0225416666666667
08-Dec-2003,0.0770833333333334
09-Dec-2003,0.107333333333333
10-Dec-2003,0.196708333333333
11-Dec-2003,0.182208333333333
12-Dec-2003,-0.00166666666666665
13-Dec-2003,0.0344583333333333
14-Dec-2003,0.239916666666667
15-Dec-2003,-0.001375
16-Dec-2003,0.0195416666666667
17-Dec-2003,0.100041666666667
18-Dec-2003,-0.01425
19-Dec-2003,-0.016125
20-Dec-2003,-0.0581666666666666
21-Dec-2003,-0.0922083333333333
22-Dec-2003,-0.0200416666666666
23-Dec-2003,-0.040875
24-Dec-2003,0.0560833333333333
25-Dec-2003,-0.0349166666666667
26-Dec-2003,-0.0692916666666667
27-Dec-2003,-0.0489583333333333
28-Dec-2003,-0.0473333333333333
29-Dec-2003,-0.0955833333333333
30-Dec-2003,-0.127291666666667
31-Dec-2003,-0.221875
01-Jan-2004,-0.210166666666667
02-Jan-2004,-0.203375
03-Jan-2004,-0.187291666666667
04-Jan-2004,-0.180875
05-Jan-2004,-0.139
06-Jan-2004,-0.219583333333333
07-Jan-2004,-0.163625
08-Jan-2004,-0.0834166666666667
09-Jan-2004,-0.0573333333333333
10-Jan-2004,-0.14575
11-Jan-2004,-0.08575
12-Jan-2004,-0.0400833333333333
13-Jan-2004,-0.169291666666667
14-Jan-2004,-0.122416666666667
15-Jan-2004,-0.0907916666666666
16-Jan-2004,-0.114375
17-Jan-2004,-0.111125
18-Jan-2004,-0.0110416666666667
19-Jan-2004,-0.177333333333333
20-Jan-2004,-0.121916666666667
21-Jan-2004,-0.0645833333333333
22-Jan-2004,-0.0497916666666667
23-Jan-2004,-0.140458333333333
24-Jan-2004,-0.063625
25-Jan-2004,-0.123208333333333
26-Jan-2004,0.0175416666666667
27-Jan-2004,-0.0135
28-Jan-2004,-0.153875
29-Jan-2004,-0.208541666666667
30-Jan-2004,-0.184333333333333
31-Jan-2004,-0.189958333333333
01-Feb-2004,-0.190666666666667
02-Feb-2004,-0.156916666666667
03-Feb-2004,-0.0687916666666667
04-Feb-2004,-0.274708333333333
05-Feb-2004,-0.201458333333333
06-Feb-2004,-0.0534583333333333
07-Feb-2004,-0.074875
08-Feb-2004,-0.297291666666667
09-Feb-2004,-0.193541666666667
10-Feb-2004,-0.20125
11-Feb-2004,-0.218083333333333
12-Feb-2004,-0.138
13-Feb-2004,-0.111291666666667
14-Feb-2004,-0.13575
15-Feb-2004,-0.086125
16-Feb-2004,-0.147791666666667
17-Feb-2004,-0.0494166666666666
18-Feb-2004,-0.108083333333333
19-Feb-2004,-0.00187500000000002
20-Feb-2004,0.0337916666666667
21-Feb-2004,0.0156666666666667
22-Feb-2004,-0.056125
23-Feb-2004,-0.0589583333333333
24-Feb-2004,-0.00858333333333332
25-Feb-2004,0.037375
26-Feb-2004,-0.038625
27-Feb-2004,0.00616666666666666
28-Feb-2004,-0.0147916666666667
29-Feb-2004,-0.0587916666666667
01-Mar-2004,-0.210125
02-Mar-2004,-0.248458333333333
03-Mar-2004,-0.3265
04-Mar-2004,-0.2195
05-Mar-2004,-0.182083333333333
06-Mar-2004,-0.0793333333333333
07-Mar-2004,-0.173333333333333
08-Mar-2004,-0.155291666666667
09-Mar-2004,-0.058875
10-Mar-2004,-0.0164166666666667
11-Mar-2004,-0.00687500000000001
12-Mar-2004,0.0555
13-Mar-2004,-0.0731666666666667
14-Mar-2004,-0.0918333333333333
15-Mar-2004,-0.167375
16-Mar-2004,-0.09825
17-Mar-2004,-0.0606666666666667
18-Mar-2004,-0.0157916666666667
19-Mar-2004,-0.0112916666666667
20-Mar-2004,0.0615833333333333
21-Mar-2004,0.0993749999999999
22-Mar-2004,-0.0829166666666667
23-Mar-2004,-0.0305416666666667
24-Mar-2004,-0.133583333333333
25-Mar-2004,-0.228791666666667
26-Mar-2004,-0.280541666666667
27-Mar-2004,-0.238291666666667
28-Mar-2004,-0.202041666666667
29-Mar-2004,-0.0410833333333333
30-Mar-2004,0.0755833333333333
31-Mar-2004,0.0954583333333333
01-Apr-2004,-0.005
02-Apr-2004,-0.0817083333333333
03-Apr-2004,-0.0878333333333333
04-Apr-2004,-0.0285833333333333
05-Apr-2004,-0.116625
06-Apr-2004,-0.0341666666666667
07-Apr-2004,-0.0210833333333333
08-Apr-2004,-0.00150000000000001
09-Apr-2004,0.040375
10-Apr-2004,0.0802916666666667
11-Apr-2004,-0.010375
12-Apr-2004,-0.0265833333333333
13-Apr-2004,0.0207916666666667
14-Apr-2004,-0.155791666666667
15-Apr-2004,-0.254583333333333
16-Apr-2004,-0.0855833333333333
17-Apr-2004,-0.0982083333333333
18-Apr-2004,-0.172541666666667
19-Apr-2004,-0.223041666666667
20-Apr-2004,-0.233125
21-Apr-2004,-0.152458333333333
22-Apr-2004,-0.155541666666667
23-Apr-2004,-0.213833333333333
24-Apr-2004,-0.213041666666667
25-Apr-2004,-0.182166666666667
26-Apr-2004,-0.0898333333333334
27-Apr-2004,-0.133833333333333
28-Apr-2004,-0.17675
29-Apr-2004,-0.175333333333333
30-Apr-2004,-0.234375
01-May-2004,-0.126333333333333
02-May-2004,-0.0974583333333333
03-May-2004,-0.0569166666666667
04-May-2004,-0.1395
05-May-2004,0.0600416666666666
06-May-2004,0.0476666666666667
07-May-2004,0.0725416666666667
08-May-2004,0.100041666666667
09-May-2004,0.143625
10-May-2004,0.142416666666667
11-May-2004,0.0917916666666666
12-May-2004,0.025625
13-May-2004,-0.04775
14-May-2004,-0.101166666666667
15-May-2004,-0.110333333333333
16-May-2004,-0.134041666666667
17-May-2004,-0.169125
18-May-2004,-0.163291666666667
19-May-2004,-0.111333333333333
20-May-2004,-0.150416666666667
21-May-2004,-0.178416666666667
22-May-2004,-0.117833333333333
23-May-2004,-0.0979583333333333
24-May-2004,-0.106458333333333
25-May-2004,-0.120916666666667
26-May-2004,-0.11175
27-May-2004,-0.0859166666666666
28-May-2004,-0.00954166666666666
29-May-2004,-0.0997916666666667
30-May-2004,0.00708333333333333
31-May-2004,-0.0132083333333333
01-Jun-2004,-0.061375
02-Jun-2004,-0.0195833333333334
03-Jun-2004,-0.0275416666666667
04-Jun-2004,0.0154583333333334
05-Jun-2004,0.0409166666666667
06-Jun-2004,0.0877916666666667
07-Jun-2004,0.0962916666666667
08-Jun-2004,0.0684583333333333
09-Jun-2004,0.0209166666666667
10-Jun-2004,0.0223333333333333
11-Jun-2004,-0.000541666666666663
12-Jun-2004,-0.0463333333333334
13-Jun-2004,0.0637083333333333
14-Jun-2004,0.0102916666666667
15-Jun-2004,-0.0308333333333333
16-Jun-2004,-0.118916666666667
17-Jun-2004,-0.1155
18-Jun-2004,-0.0607916666666667
19-Jun-2004,0.0205833333333333
20-Jun-2004,0.0519166666666667
21-Jun-2004,0.0850833333333333
22-Jun-2004,0.0659583333333333
23-Jun-2004,-0.0251666666666666
24-Jun-2004,-0.121708333333333
25-Jun-2004,-0.077
26-Jun-2004,-0.0417083333333333
27-Jun-2004,-0.097625
28-Jun-2004,-0.0792083333333333
29-Jun-2004,-0.157166666666667
30-Jun-2004,-0.0969166666666667
01-Jul-2004,-0.088
02-Jul-2004,-0.038
03-Jul-2004,0.02675
04-Jul-2004,0.0852916666666667
05-Jul-2004,0.13525
06-Jul-2004,0.0792916666666667
07-Jul-2004,0.118458333333333
08-Jul-2004,0.117833333333333
09-Jul-2004,0.0724583333333333
10-Jul-2004,0.0101666666666667
11-Jul-2004,-0.0229166666666667
12-Jul-2004,-0.0374583333333333
13-Jul-2004,-0.00858333333333333
14-Jul-2004,-0.0190416666666667
15-Jul-2004,0.00462499999999999
16-Jul-2004,-0.0154583333333333
17-Jul-2004,0.00983333333333332
18-Jul-2004,-0.0214166666666667
19-Jul-2004,-0.0316666666666667
20-Jul-2004,-0.0524583333333333
21-Jul-2004,-0.0375
22-Jul-2004,-0.0149583333333333
23-Jul-2004,0.04975
24-Jul-2004,-0.0372916666666667
25-Jul-2004,-0.133875
26-Jul-2004,-0.110208333333333
27-Jul-2004,-0.0710416666666667
28-Jul-2004,-0.100791666666667
29-Jul-2004,-0.134083333333333
30-Jul-2004,-0.125791666666667
31-Jul-2004,-0.0285416666666666
01-Aug-2004,0.058375
02-Aug-2004,0.0937083333333334
03-Aug-2004,0.148291666666667
04-Aug-2004,0.130041666666667
05-Aug-2004,0.16675
06-Aug-2004,0.0333333333333333
07-Aug-2004,0.1075
08-Aug-2004,0.0515833333333333
09-Aug-2004,-0.086875
10-Aug-2004,-0.118833333333333
11-Aug-2004,-0.1245
12-Aug-2004,-0.168541666666667
13-Aug-2004,-0.13825
14-Aug-2004,-0.00391666666666667
15-Aug-2004,-0.0665416666666667
16-Aug-2004,-0.063
17-Aug-2004,-0.0185833333333333
18-Aug-2004,0.0922916666666666
19-Aug-2004,0.0827083333333333
20-Aug-2004,0.0364166666666666
21-Aug-2004,0.050375
22-Aug-2004,0.00208333333333333
23-Aug-2004,0.0443333333333333
24-Aug-2004,0.0529166666666667
25-Aug-2004,-0.0290416666666666
26-Aug-2004,-0.016625
27-Aug-2004,-0.01475
28-Aug-2004,0.0160416666666667
29-Aug-2004,0.119541666666667
30-Aug-2004,0.162833333333333
31-Aug-2004,-0.0339166666666666
01-Sep-2004,0.02175
02-Sep-2004,0.047875
03-Sep-2004,0.0934166666666666
04-Sep-2004,0.0637083333333333
05-Sep-2004,0.072875
06-Sep-2004,0.114666666666667
07-Sep-2004,0.158
08-Sep-2004,0.223291666666667
09-Sep-2004,0.0782083333333333
10-Sep-2004,-0.111
11-Sep-2004,-0.00370833333333332
12-Sep-2004,0.0839583333333333
13-Sep-2004,0.118583333333333
14-Sep-2004,0.192458333333333
15-Sep-2004,0.157208333333333
16-Sep-2004,0.144666666666667
17-Sep-2004,0.27475
18-Sep-2004,0.121333333333333
19-Sep-2004,-0.057125
20-Sep-2004,0.150708333333333
21-Sep-2004,0.200625
22-Sep-2004,0.162
23-Sep-2004,0.0245833333333333
24-Sep-2004,0.050625
25-Sep-2004,0.0897083333333333
26-Sep-2004,0.0825416666666667
27-Sep-2004,0.147833333333333
28-Sep-2004,0.296416666666667
29-Sep-2004,0.00566666666666667
30-Sep-2004,0.0870416666666667
01-Oct-2004,0.208125
02-Oct-2004,0.208291666666667
03-Oct-2004,0.124791666666667
04-Oct-2004,0.155791666666667
05-Oct-2004,0.11125
06-Oct-2004,0.089125
07-Oct-2004,0.0797083333333333
08-Oct-2004,0.0822083333333333
09-Oct-2004,0.0575
10-Oct-2004,0.0396666666666667
11-Oct-2004,0.065875
12-Oct-2004,0.169125
13-Oct-2004,0.268
14-Oct-2004,0.234208333333333
15-Oct-2004,0.294333333333333
16-Oct-2004,0.15925
17-Oct-2004,0.02775
18-Oct-2004,0.0269166666666667
19-Oct-2004,0.00758333333333335
20-Oct-2004,-0.0314583333333333
21-Oct-2004,0.0578333333333333
22-Oct-2004,0.177666666666667
23-Oct-2004,0.231125
24-Oct-2004,0.31525
25-Oct-2004,0.314458333333333
26-Oct-2004,0.26975
27-Oct-2004,0.249333333333333
28-Oct-2004,0.175291666666667
29-Oct-2004,0.17325
30-Oct-2004,0.164291666666667
31-Oct-2004,0.0734166666666667
01-Nov-2004,-0.0125416666666667
02-Nov-2004,0.0397083333333333
03-Nov-2004,0.0116666666666667
04-Nov-2004,0.060625
05-Nov-2004,-0.0489583333333333
06-Nov-2004,-0.0399166666666667
07-Nov-2004,-0.124
08-Nov-2004,-0.196875
09-Nov-2004,-0.166208333333333
10-Nov-2004,-0.0932083333333334
11-Nov-2004,-0.0612916666666666
12-Nov-2004,0.0328333333333333
13-Nov-2004,-0.108
14-Nov-2004,-0.06275
15-Nov-2004,0.0450833333333333
16-Nov-2004,0.0777083333333333
17-Nov-2004,0.0355833333333333
18-Nov-2004,0.0305416666666667
19-Nov-2004,0.0279166666666667
20-Nov-2004,0.00191666666666665
21-Nov-2004,-0.0350833333333334
22-Nov-2004,0.00250000000000001
23-Nov-2004,0.0532083333333333
24-Nov-2004,0.098625
25-Nov-2004,0.107041666666667
26-Nov-2004,-0.103625
27-Nov-2004,-0.00133333333333333
28-Nov-2004,0.0204166666666666
29-Nov-2004,-0.135333333333333
30-Nov-2004,-0.00937499999999999
01-Dec-2004,0.04675
02-Dec-2004,-0.0887916666666667
03-Dec-2004,-0.0577083333333333
04-Dec-2004,-0.0843749999999999
05-Dec-2004,-0.172833333333333
06-Dec-2004,-0.177166666666667
07-Dec-2004,-0.14925
08-Dec-2004,-0.14475
09-Dec-2004,-0.1715
10-Dec-2004,-0.0252916666666667
11-Dec-2004,-0.0767916666666667
12-Dec-2004,-0.135833333333333
13-Dec-2004,-0.000166666666666648
14-Dec-2004,-0.142083333333333
15-Dec-2004,-0.17975
16-Dec-2004,-0.0494166666666666
17-Dec-2004,-0.0518333333333333
18-Dec-2004,-0.0463333333333334
19-Dec-2004,0.000624999999999966
20-Dec-2004,-0.2465
21-Dec-2004,-0.0710416666666667
22-Dec-2004,-0.116875
23-Dec-2004,-0.0525
24-Dec-2004,-0.175041666666667
25-Dec-2004,-0.0211666666666666
26-Dec-2004,-0.00887499999999997
27-Dec-2004,-0.0755416666666667
28-Dec-2004,-0.02825
29-Dec-2004,-0.02475
30-Dec-2004,-0.146333333333333
31-Dec-2004,-0.177541666666667
01-Jan-2005,-0.196
02-Jan-2005,-0.154916666666667
03-Jan-2005,-0.1445
04-Jan-2005,-0.181083333333333
05-Jan-2005,-0.208333333333333
06-Jan-2005,-0.154333333333333
07-Jan-2005,-0.131375
08-Jan-2005,-0.01475
09-Jan-2005,-0.0702083333333333
10-Jan-2005,0.0445416666666667
11-Jan-2005,-0.00195833333333333
12-Jan-2005,-0.0144166666666667
13-Jan-2005,0.0211666666666666
14-Jan-2005,0.0460416666666667
15-Jan-2005,-0.175583333333333
16-Jan-2005,-0.0101666666666667
17-Jan-2005,0.04575
18-Jan-2005,-0.00499999999999998
19-Jan-2005,0.113083333333333
20-Jan-2005,0.0857916666666667
21-Jan-2005,0.0475416666666667
22-Jan-2005,0.123875
23-Jan-2005,-0.087625
24-Jan-2005,-0.0242916666666667
25-Jan-2005,0.086875
26-Jan-2005,0.178708333333333
27-Jan-2005,-0.0157083333333333
28-Jan-2005,-0.0805416666666667
29-Jan-2005,-0.0576666666666667
30-Jan-2005,0.108958333333333
31-Jan-2005,0.00529166666666667
01-Feb-2005,0.107083333333333
02-Feb-2005,0.119
03-Feb-2005,0.153375
04-Feb-2005,0.0565416666666667
05-Feb-2005,0.1405
06-Feb-2005,0.184291666666667
07-Feb-2005,0.112916666666667
08-Feb-2005,0.127875
09-Feb-2005,0.129291666666667
10-Feb-2005,0.14125
11-Feb-2005,0.0317916666666667
12-Feb-2005,0.136041666666667
13-Feb-2005,0.0649583333333333
14-Feb-2005,-0.0509583333333333
15-Feb-2005,-0.171916666666667
16-Feb-2005,-0.137916666666667
17-Feb-2005,-0.0717083333333334
18-Feb-2005,-0.155416666666667
19-Feb-2005,-0.229083333333333
20-Feb-2005,-0.265333333333333
21-Feb-2005,-0.226291666666667
22-Feb-2005,-0.218041666666667
23-Feb-2005,-0.12225
24-Feb-2005,-0.00625
25-Feb-2005,-0.0683333333333333
26-Feb-2005,0.0405
27-Feb-2005,0.0617916666666667
28-Feb-2005,0.218541666666667
01-Mar-2005,0.00366666666666666
02-Mar-2005,-0.188458333333333
03-Mar-2005,-0.119583333333333
04-Mar-2005,-0.0757083333333333
05-Mar-2005,-0.147541666666667
06-Mar-2005,-0.180875
07-Mar-2005,-0.131166666666667
08-Mar-2005,0.00174999999999998
09-Mar-2005,-0.170041666666667
10-Mar-2005,-0.0653333333333333
11-Mar-2005,0.00399999999999997
12-Mar-2005,-0.0479583333333333
13-Mar-2005,-0.0339166666666667
14-Mar-2005,-0.0575
15-Mar-2005,-0.06475
16-Mar-2005,-0.0517916666666667
17-Mar-2005,-0.0175
18-Mar-2005,0.05575
19-Mar-2005,0.11675
20-Mar-2005,0.053375
21-Mar-2005,-0.0829583333333333
22-Mar-2005,-0.0455416666666666
23-Mar-2005,0.130916666666667
24-Mar-2005,-0.0448333333333333
25-Mar-2005,0.0890416666666666
26-Mar-2005,0.127791666666667
27-Mar-2005,0.183708333333333
28-Mar-2005,0.264541666666667
29-Mar-2005,0.04825
30-Mar-2005,0.06625
31-Mar-2005,0.0843333333333333
01-Apr-2005,0.0822083333333333
02-Apr-2005,0.279958333333333
03-Apr-2005,-0.0975833333333334
04-Apr-2005,-0.0943333333333334
05-Apr-2005,-0.03925
06-Apr-2005,-0.0122916666666667
07-Apr-2005,0.0215416666666667
08-Apr-2005,0.0460833333333333
09-Apr-2005,0.0370416666666666
10-Apr-2005,0.118791666666667
11-Apr-2005,0.205041666666667
12-Apr-2005,0.153166666666667
13-Apr-2005,0.172833333333333
14-Apr-2005,0.190958333333333
15-Apr-2005,0.164083333333333
16-Apr-2005,0.134041666666667
17-Apr-2005,0.204541666666667
18-Apr-2005,0.118541666666667
19-Apr-2005,-0.02675
20-Apr-2005,-0.0618333333333334
21-Apr-2005,-0.0795
22-Apr-2005,-0.0465
23-Apr-2005,0.0919166666666666
24-Apr-2005,-0.0486666666666667
25-Apr-2005,-0.0878333333333333
26-Apr-2005,-0.0796666666666667
27-Apr-2005,-0.014375
28-Apr-2005,-0.0690416666666667
29-Apr-2005,0.040875
30-Apr-2005,0.053625
01-May-2005,-0.0331666666666667
02-May-2005,-0.0319583333333333
03-May-2005,-0.0321666666666666
04-May-2005,0.0142916666666667
05-May-2005,-0.0980416666666667
06-May-2005,-0.180333333333333
07-May-2005,-0.0492083333333333
08-May-2005,0.00279166666666668
09-May-2005,0.0147083333333333
10-May-2005,0.070625
11-May-2005,0.02525
12-May-2005,0.0232083333333333
13-May-2005,-0.0593333333333333
14-May-2005,0.0117083333333333
15-May-2005,0.00162500000000001
16-May-2005,-0.066
17-May-2005,-0.0724583333333334
18-May-2005,-0.00916666666666666
19-May-2005,0.00474999999999999
20-May-2005,0.0372916666666667
21-May-2005,0.00187500000000001
22-May-2005,0.1435
23-May-2005,0.0916666666666667
24-May-2005,0.124708333333333
25-May-2005,0.150375
26-May-2005,0.250375
27-May-2005,0.244166666666667
28-May-2005,0.185666666666667
29-May-2005,0.0402083333333333
30-May-2005,0.0257083333333333
31-May-2005,0.0360416666666667
01-Jun-2005,0.0633333333333333
02-Jun-2005,0.0728333333333333
03-Jun-2005,0.023
04-Jun-2005,0.0408333333333333
05-Jun-2005,0.0391666666666667
06-Jun-2005,0.0376666666666666
07-Jun-2005,0.0241666666666667
08-Jun-2005,0.0155833333333333
09-Jun-2005,0.038625
10-Jun-2005,0.0177083333333333
11-Jun-2005,0.0126666666666667
12-Jun-2005,0.0478333333333333
13-Jun-2005,0.0509166666666667
14-Jun-2005,0.073625
15-Jun-2005,0.0250416666666667
16-Jun-2005,0.0105833333333333
17-Jun-2005,0.045125
18-Jun-2005,0.090375
19-Jun-2005,-0.00970833333333334
20-Jun-2005,-0.0172916666666667
21-Jun-2005,0.0231666666666667
22-Jun-2005,0.013
23-Jun-2005,-0.06375
24-Jun-2005,-0.0110416666666666
25-Jun-2005,0.0249166666666667
26-Jun-2005,0.0398333333333333
27-Jun-2005,-0.031
28-Jun-2005,-0.0497916666666667
29-Jun-2005,-0.0209166666666667
30-Jun-2005,-0.0652499999999999
01-Jul-2005,-0.025625
02-Jul-2005,-0.0189583333333333
03-Jul-2005,-0.0312916666666667
04-Jul-2005,-0.0164583333333333
05-Jul-2005,0.0123333333333333
06-Jul-2005,0.0245
07-Jul-2005,0.0142083333333333
08-Jul-2005,0.0522083333333333
09-Jul-2005,-0.0707916666666667
10-Jul-2005,-0.0489166666666667
11-Jul-2005,-0.0408333333333333
12-Jul-2005,-0.0400833333333333
13-Jul-2005,-0.018125
14-Jul-2005,0.039375
15-Jul-2005,-0.0107916666666667
16-Jul-2005,-0.0667083333333333
17-Jul-2005,-0.097
18-Jul-2005,-0.0854583333333333
19-Jul-2005,-0.102458333333333
20-Jul-2005,-0.127083333333333
21-Jul-2005,-0.0763333333333333
22-Jul-2005,0.0207916666666667
23-Jul-2005,0.070875
24-Jul-2005,0.10725
25-Jul-2005,0.106791666666667
26-Jul-2005,0.0551666666666667
27-Jul-2005,0.062375
28-Jul-2005,0.03
29-Jul-2005,0.00883333333333333
30-Jul-2005,-0.0141666666666667
31-Jul-2005,-0.08775
01-Aug-2005,-0.0737916666666667
02-Aug-2005,0.0131666666666667
03-Aug-2005,0.0503333333333333
04-Aug-2005,0.00633333333333334
05-Aug-2005,0.0165833333333333
06-Aug-2005,0.0330833333333333
07-Aug-2005,0.0397916666666667
08-Aug-2005,0.0589583333333333
09-Aug-2005,0.0374583333333333
10-Aug-2005,0.0452083333333333
11-Aug-2005,0.07475
12-Aug-2005,0.054125
13-Aug-2005,-0.0184583333333333
14-Aug-2005,-0.00529166666666667
15-Aug-2005,-0.049375
16-Aug-2005,-0.0794583333333333
17-Aug-2005,-0.01875
18-Aug-2005,0.0691666666666667
19-Aug-2005,0.0865
20-Aug-2005,0.107708333333333
21-Aug-2005,0.143041666666667
22-Aug-2005,0.167
23-Aug-2005,0.173416666666667
24-Aug-2005,0.116458333333333
25-Aug-2005,0.129
26-Aug-2005,0.163375
27-Aug-2005,0.172041666666667
28-Aug-2005,0.104375
29-Aug-2005,0.140125
30-Aug-2005,0.204625
31-Aug-2005,0.147041666666667
01-Sep-2005,0.00670833333333333
02-Sep-2005,0.039375
03-Sep-2005,-0.018125
04-Sep-2005,0.0124583333333334
05-Sep-2005,0.0602083333333333
06-Sep-2005,0.102458333333333
07-Sep-2005,0.129083333333333
08-Sep-2005,0.161791666666667
09-Sep-2005,0.169416666666667
10-Sep-2005,0.0600416666666667
11-Sep-2005,0.015625
12-Sep-2005,0.0123333333333333
13-Sep-2005,0.178833333333333
14-Sep-2005,-0.0609166666666666
15-Sep-2005,-0.02
16-Sep-2005,0.195875
17-Sep-2005,0.237916666666667
18-Sep-2005,0.247916666666667
19-Sep-2005,0.191083333333333
20-Sep-2005,0.187791666666667
21-Sep-2005,0.138166666666667
22-Sep-2005,0.136083333333333
23-Sep-2005,0.152041666666667
24-Sep-2005,0.1175
25-Sep-2005,0.139333333333333
26-Sep-2005,0.236291666666667
27-Sep-2005,0.124333333333333
28-Sep-2005,0.14375
29-Sep-2005,0.153875
30-Sep-2005,0.119208333333333
01-Oct-2005,0.19375
02-Oct-2005,0.138125
03-Oct-2005,0.110041666666667
04-Oct-2005,0.109583333333333
05-Oct-2005,0.180083333333333
06-Oct-2005,0.26175
07-Oct-2005,0.388416666666667
08-Oct-2005,0.438833333333333
09-Oct-2005,0.273125
10-Oct-2005,0.227708333333333
11-Oct-2005,0.248708333333333
12-Oct-2005,0.237666666666667
13-Oct-2005,0.289416666666667
14-Oct-2005,0.347375
15-Oct-2005,0.400875
16-Oct-2005,0.396916666666667
17-Oct-2005,0.323291666666667
18-Oct-2005,0.215166666666667
19-Oct-2005,0.08725
20-Oct-2005,0.0285833333333333
21-Oct-2005,0.0109583333333333
22-Oct-2005,0.135
23-Oct-2005,0.0325416666666667
24-Oct-2005,0.140458333333333
25-Oct-2005,0.0479583333333334
26-Oct-2005,-0.00629166666666665
27-Oct-2005,0.0713333333333333
28-Oct-2005,-0.00637500000000001
29-Oct-2005,0.00745833333333334
30-Oct-2005,0.00820833333333332
31-Oct-2005,0.00383333333333334
01-Nov-2005,0.0274166666666666
02-Nov-2005,0.0219166666666667
03-Nov-2005,0.0362083333333333
04-Nov-2005,0.0315416666666667
05-Nov-2005,-0.017375
06-Nov-2005,-0.04375
07-Nov-2005,-0.0387083333333333
08-Nov-2005,-0.0153333333333334
09-Nov-2005,0.0173333333333333
10-Nov-2005,-0.037875
11-Nov-2005,-0.0724166666666667
12-Nov-2005,-0.0115416666666667
13-Nov-2005,-0.0740416666666667
14-Nov-2005,-0.100958333333333
15-Nov-2005,-0.0903333333333333
16-Nov-2005,-0.0727083333333333
17-Nov-2005,-0.228875
18-Nov-2005,-0.179625
19-Nov-2005,-0.092375
20-Nov-2005,-0.147125
21-Nov-2005,9.25185853854297e-18
22-Nov-2005,-0.0645
23-Nov-2005,-0.152125
24-Nov-2005,0.0383333333333333
25-Nov-2005,-0.218625
26-Nov-2005,-0.181375
27-Nov-2005,-0.129958333333333
28-Nov-2005,-0.0582916666666667
29-Nov-2005,0.07675
30-Nov-2005,-0.0644166666666667
01-Dec-2005,-0.0802916666666667
02-Dec-2005,-0.0240833333333333
03-Dec-2005,-0.0674583333333333
04-Dec-2005,-0.00962500000000001
05-Dec-2005,-0.182375
06-Dec-2005,-0.122041666666667
07-Dec-2005,-0.0930833333333334
08-Dec-2005,-0.13925
09-Dec-2005,-0.0290416666666667
10-Dec-2005,-0.148583333333333
11-Dec-2005,-0.0897916666666667
12-Dec-2005,-0.125041666666667
13-Dec-2005,-0.113875
14-Dec-2005,-0.0759166666666667
15-Dec-2005,0.088625
16-Dec-2005,-0.011125
17-Dec-2005,-0.106541666666667
18-Dec-2005,-0.0866666666666667
19-Dec-2005,0.015375
20-Dec-2005,-0.0578333333333333
21-Dec-2005,-0.0754583333333333
22-Dec-2005,-0.095625
23-Dec-2005,-0.1045
24-Dec-2005,-0.137291666666667
25-Dec-2005,-0.071375
26-Dec-2005,-0.150875
27-Dec-2005,-0.234125
28-Dec-2005,-0.127125
29-Dec-2005,-0.01225
30-Dec-2005,-0.079875
31-Dec-2005,0.036375
01-Jan-2006,-0.0501666666666667
02-Jan-2006,0.047125
03-Jan-2006,0.0878333333333333
04-Jan-2006,0.0816666666666667
05-Jan-2006,0.209583333333333
06-Jan-2006,0.179916666666667
07-Jan-2006,0.174416666666667
08-Jan-2006,0.0152083333333333
09-Jan-2006,-0.110958333333333
10-Jan-2006,-0.231375
11-Jan-2006,-0.170083333333333
12-Jan-2006,-0.11225
13-Jan-2006,-0.1015
14-Jan-2006,0.0495416666666667
15-Jan-2006,-0.179791666666667
16-Jan-2006,0.0875833333333333
17-Jan-2006,0.0963333333333333
18-Jan-2006,0.135458333333333
19-Jan-2006,-0.261416666666667
20-Jan-2006,-0.198083333333333
21-Jan-2006,-0.20925
22-Jan-2006,-0.255083333333333
23-Jan-2006,-0.118625
24-Jan-2006,-0.141916666666667
25-Jan-2006,-0.172125
26-Jan-2006,-0.288166666666667
27-Jan-2006,-0.1885
28-Jan-2006,-0.1035
29-Jan-2006,-0.0154583333333333
30-Jan-2006,0.0418333333333333
31-Jan-2006,0.0630833333333333
01-Feb-2006,0.00199999999999999
02-Feb-2006,0.118833333333333
03-Feb-2006,0.197666666666667
04-Feb-2006,0.180208333333333
05-Feb-2006,-0.0505
06-Feb-2006,-0.205416666666667
07-Feb-2006,-0.20625
08-Feb-2006,-0.153625
09-Feb-2006,-0.194166666666667
10-Feb-2006,-0.125
11-Feb-2006,-0.0387083333333333
12-Feb-2006,-0.142333333333333
13-Feb-2006,-0.197916666666667
14-Feb-2006,-0.119291666666667
15-Feb-2006,-0.20025
16-Feb-2006,-0.222875
17-Feb-2006,-0.220666666666667
18-Feb-2006,-0.23925
19-Feb-2006,-0.223791666666667
20-Feb-2006,-0.152666666666667
21-Feb-2006,-0.219875
22-Feb-2006,-0.19075
23-Feb-2006,-0.142333333333333
24-Feb-2006,-0.186625
25-Feb-2006,-0.131666666666667
26-Feb-2006,-0.145208333333333
27-Feb-2006,0.0225
28-Feb-2006,-0.00487500000000002
01-Mar-2006,-0.0158333333333333
02-Mar-2006,0.0627916666666666
03-Mar-2006,-0.00837500000000001
04-Mar-2006,0.00754166666666666
05-Mar-2006,-0.0391666666666667
06-Mar-2006,-0.0555833333333333
07-Mar-2006,-0.131791666666667
08-Mar-2006,0.00741666666666666
09-Mar-2006,-0.0213333333333333
10-Mar-2006,-0.0260833333333333
11-Mar-2006,-0.165916666666667
12-Mar-2006,-0.143083333333333
13-Mar-2006,-0.0940416666666666
14-Mar-2006,-0.02025
15-Mar-2006,-0.231
16-Mar-2006,-0.0684583333333333
17-Mar-2006,-0.0226666666666666
18-Mar-2006,-0.00291666666666668
19-Mar-2006,-0.0379583333333333
20-Mar-2006,-0.0506666666666667
21-Mar-2006,-0.04325
22-Mar-2006,-0.0925
23-Mar-2006,-0.137666666666667
24-Mar-2006,-0.106333333333333
25-Mar-2006,-0.0605
26-Mar-2006,-0.104416666666667
27-Mar-2006,-0.08675
28-Mar-2006,-0.05625
29-Mar-2006,-0.094375
30-Mar-2006,-0.0383333333333333
31-Mar-2006,0.00962499999999996
01-Apr-2006,0.023625
02-Apr-2006,-0.0968333333333333
03-Apr-2006,0.0196666666666667
04-Apr-2006,-0.111958333333333
05-Apr-2006,-0.148875
06-Apr-2006,-0.139833333333333
07-Apr-2006,-0.1145
08-Apr-2006,-0.0924583333333334
09-Apr-2006,-0.279208333333333
10-Apr-2006,-0.124291666666667
11-Apr-2006,-0.102375
12-Apr-2006,-0.178291666666667
13-Apr-2006,-0.222291666666667
14-Apr-2006,-0.1875
15-Apr-2006,-0.136541666666667
16-Apr-2006,-0.103208333333333
17-Apr-2006,-0.000958333333333325
18-Apr-2006,-0.0435416666666667
19-Apr-2006,-0.0269166666666667
20-Apr-2006,-0.0844166666666667
21-Apr-2006,-0.120833333333333
22-Apr-2006,-0.116625
23-Apr-2006,-0.165625
24-Apr-2006,-0.111875
25-Apr-2006,-0.0438333333333333
26-Apr-2006,-0.0127083333333333
27-Apr-2006,0.098125
28-Apr-2006,0.0735416666666667
29-Apr-2006,0.00695833333333334
30-Apr-2006,0.0533333333333334
01-May-2006,0.12075
02-May-2006,0.148916666666667
03-May-2006,0.161875
04-May-2006,0.164708333333333
05-May-2006,0.170958333333333
06-May-2006,0.108375
07-May-2006,0.017625
08-May-2006,0.0202916666666667
09-May-2006,0.0657916666666667
10-May-2006,0.143791666666667
11-May-2006,0.168458333333333
12-May-2006,0.125458333333333
13-May-2006,0.104666666666667
14-May-2006,0.134208333333333
15-May-2006,0.112041666666667
16-May-2006,0.0539583333333333
17-May-2006,0.116041666666667
18-May-2006,0.121166666666667
19-May-2006,0.033
20-May-2006,0.0215416666666667
21-May-2006,-0.000583333333333327
22-May-2006,-0.0105833333333333
23-May-2006,0.019125
24-May-2006,0.0136666666666667
25-May-2006,0.00575
26-May-2006,0.016375
27-May-2006,-0.00916666666666666
28-May-2006,-0.0345
29-May-2006,-0.00779166666666665
30-May-2006,0.0149583333333333
31-May-2006,-0.056
01-Jun-2006,-0.0815416666666667
02-Jun-2006,-0.027625
03-Jun-2006,-0.040875
04-Jun-2006,-0.093875
05-Jun-2006,-0.062875
06-Jun-2006,-0.044
07-Jun-2006,-0.02725
08-Jun-2006,-0.00975
09-Jun-2006,-0.0429583333333333
10-Jun-2006,-0.0396666666666667
11-Jun-2006,-0.027875
12-Jun-2006,-0.015625
13-Jun-2006,-0.0574583333333333
14-Jun-2006,0.184125
15-Jun-2006,-0.0655833333333333
16-Jun-2006,0.095375
17-Jun-2006,0.0637083333333333
18-Jun-2006,0.0660416666666667
19-Jun-2006,0.0260416666666667
20-Jun-2006,0.000291666666666653
21-Jun-2006,-0.0458333333333333
22-Jun-2006,-0.05025
23-Jun-2006,-0.0102916666666667
24-Jun-2006,0.00845833333333334
25-Jun-2006,0.0131666666666666
26-Jun-2006,0.0272083333333333
27-Jun-2006,0.0620833333333334
28-Jun-2006,0.0259583333333333
29-Jun-2006,0.0923333333333334
30-Jun-2006,0.088875
01-Jul-2006,0.06175
02-Jul-2006,0.056125
03-Jul-2006,0.0606666666666667
04-Jul-2006,0.0352083333333333
05-Jul-2006,0.0212083333333333
06-Jul-2006,-0.0696666666666667
07-Jul-2006,-0.131916666666667
08-Jul-2006,-0.0540416666666667
09-Jul-2006,-0.0698333333333334
10-Jul-2006,-0.108416666666667
11-Jul-2006,-0.0974166666666667
12-Jul-2006,-0.0881666666666667
13-Jul-2006,-0.0372916666666666
14-Jul-2006,-0.0416666666666667
15-Jul-2006,-0.035625
16-Jul-2006,-0.0581666666666667
17-Jul-2006,-0.0359583333333334
18-Jul-2006,-0.0399166666666667
19-Jul-2006,-0.0858333333333333
20-Jul-2006,-0.109958333333333
21-Jul-2006,-0.0728333333333333
22-Jul-2006,-0.0208333333333333
23-Jul-2006,-0.110958333333333
24-Jul-2006,-0.209166666666667
25-Jul-2006,-0.135125
26-Jul-2006,-0.0922916666666667
27-Jul-2006,-0.0357916666666666
28-Jul-2006,-0.0419583333333333
29-Jul-2006,-0.131125
30-Jul-2006,-0.124708333333333
31-Jul-2006,-0.0844583333333334
01-Aug-2006,-0.0239583333333333
02-Aug-2006,-0.0535
03-Aug-2006,-0.0769166666666667
04-Aug-2006,-0.0874166666666666
05-Aug-2006,-0.0924583333333333
06-Aug-2006,-0.0297916666666667
07-Aug-2006,-0.0275416666666667
08-Aug-2006,0.0035416666666667
09-Aug-2006,-0.0865000000000001
10-Aug-2006,0.0869583333333333
11-Aug-2006,0.0924583333333334
12-Aug-2006,0.183333333333333
13-Aug-2006,0.209
14-Aug-2006,0.0956666666666667
15-Aug-2006,0.0399583333333333
16-Aug-2006,-0.0174166666666666
17-Aug-2006,-0.0677083333333333
18-Aug-2006,-0.0702083333333333
19-Aug-2006,-0.0528333333333333
20-Aug-2006,-0.05025
21-Aug-2006,-0.0717916666666667
22-Aug-2006,-0.0620833333333333
23-Aug-2006,0.00675000000000001
24-Aug-2006,0.065875
25-Aug-2006,0.0702916666666666
26-Aug-2006,0.0554166666666666
27-Aug-2006,0.0837916666666667
28-Aug-2006,0.127125
29-Aug-2006,0.0842916666666667
30-Aug-2006,0.0662083333333333
31-Aug-2006,0.114333333333333
01-Sep-2006,0.278875
02-Sep-2006,0.073875
03-Sep-2006,0.145833333333333
04-Sep-2006,0.21775
05-Sep-2006,0.266458333333333
06-Sep-2006,0.256583333333333
07-Sep-2006,0.313708333333333
08-Sep-2006,0.37475
09-Sep-2006,0.418291666666667
10-Sep-2006,0.384625
11-Sep-2006,0.375583333333333
12-Sep-2006,0.325625
13-Sep-2006,0.343041666666667
14-Sep-2006,0.372125
15-Sep-2006,0.271291666666667
16-Sep-2006,0.224125
17-Sep-2006,0.23575
18-Sep-2006,0.260666666666667
19-Sep-2006,0.223916666666667
20-Sep-2006,0.144583333333333
21-Sep-2006,0.118625
22-Sep-2006,0.127666666666667
23-Sep-2006,0.108416666666667
24-Sep-2006,0.0345
25-Sep-2006,-0.0235833333333333
26-Sep-2006,-0.0330833333333333
27-Sep-2006,0.0283333333333333
28-Sep-2006,0.0787916666666667
29-Sep-2006,0.0620833333333333
30-Sep-2006,0.0394583333333333
01-Oct-2006,0.0775416666666667
02-Oct-2006,0.04275
03-Oct-2006,0.039625
04-Oct-2006,0.06925
05-Oct-2006,0.122666666666667
06-Oct-2006,0.167041666666667
07-Oct-2006,0.107291666666667
08-Oct-2006,0.253541666666667
09-Oct-2006,0.295125
10-Oct-2006,0.25975
11-Oct-2006,0.252208333333333
12-Oct-2006,0.153125
13-Oct-2006,0.103291666666667
14-Oct-2006,0.100583333333333
15-Oct-2006,0.0599166666666667
16-Oct-2006,-0.0269166666666667
17-Oct-2006,-0.012375
18-Oct-2006,0.0305416666666667
19-Oct-2006,0.0389166666666667
20-Oct-2006,0.08925
21-Oct-2006,0.0755
22-Oct-2006,0.1615
23-Oct-2006,0.00554166666666664
24-Oct-2006,-0.09075
25-Oct-2006,-0.0389166666666666
26-Oct-2006,-0.0155833333333334
27-Oct-2006,0.059375
28-Oct-2006,0.208166666666667
29-Oct-2006,-0.10425
30-Oct-2006,-0.136458333333333
31-Oct-2006,-0.0825833333333334
01-Nov-2006,-0.0172083333333333
02-Nov-2006,0.0182083333333333
03-Nov-2006,-0.04425
04-Nov-2006,0.00974999999999997
05-Nov-2006,0.00958333333333335
06-Nov-2006,0.0541666666666667
07-Nov-2006,0.155833333333333
08-Nov-2006,0.203583333333333
09-Nov-2006,0.0908333333333334
10-Nov-2006,0.146375
11-Nov-2006,0.160458333333333
12-Nov-2006,0.090125
13-Nov-2006,-0.10075
14-Nov-2006,0.0645
15-Nov-2006,0.080375
16-Nov-2006,0.276791666666667
17-Nov-2006,-0.00458333333333333
18-Nov-2006,-0.0351666666666667
19-Nov-2006,0.0633333333333333
20-Nov-2006,0.0375833333333333
21-Nov-2006,-0.05725
22-Nov-2006,0.208041666666667
23-Nov-2006,0.240916666666667
24-Nov-2006,0.23575
25-Nov-2006,0.33525
26-Nov-2006,0.329583333333333
27-Nov-2006,0.284416666666667
28-Nov-2006,0.213958333333333
29-Nov-2006,0.154875
30-Nov-2006,0.176
01-Dec-2006,0.217666666666667
02-Dec-2006,0.0863333333333333
03-Dec-2006,0.08825
04-Dec-2006,0.0827916666666667
05-Dec-2006,0.116916666666667
06-Dec-2006,0.13725
07-Dec-2006,0.106416666666667
08-Dec-2006,-0.137208333333333
09-Dec-2006,-0.0825416666666667
10-Dec-2006,-0.16175
11-Dec-2006,-0.173541666666667
12-Dec-2006,-0.157708333333333
13-Dec-2006,-0.1465
14-Dec-2006,-0.0873333333333333
15-Dec-2006,-0.028125
16-Dec-2006,-0.064125
17-Dec-2006,-0.0869166666666667
18-Dec-2006,-0.0872083333333333
19-Dec-2006,-0.147416666666667
20-Dec-2006,-0.072125
21-Dec-2006,-0.0294583333333333
22-Dec-2006,0.0223333333333333
23-Dec-2006,0.139458333333333
24-Dec-2006,0.0745416666666667
25-Dec-2006,0.286291666666667
26-Dec-2006,0.250833333333333
27-Dec-2006,0.047125
28-Dec-2006,0.0881666666666667
29-Dec-2006,0.0549583333333333
30-Dec-2006,0.0665833333333333
31-Dec-2006,0.146666666666667
01-Jan-2007,0.262958333333333
02-Jan-2007,0.0105833333333333
03-Jan-2007,0.088
04-Jan-2007,0.082125
05-Jan-2007,0.0360833333333333
06-Jan-2007,0.00866666666666667
07-Jan-2007,-0.0831666666666667
08-Jan-2007,0.030875
09-Jan-2007,-0.0419166666666667
10-Jan-2007,-0.210208333333333
11-Jan-2007,-0.0729583333333333
12-Jan-2007,-0.0895833333333334
13-Jan-2007,-0.119958333333333
14-Jan-2007,-0.1165
15-Jan-2007,-0.11925
16-Jan-2007,-0.06075
17-Jan-2007,-0.191541666666667
18-Jan-2007,0.016625
19-Jan-2007,0.0234166666666666
20-Jan-2007,-0.025125
21-Jan-2007,0.0234583333333333
22-Jan-2007,0.080625
23-Jan-2007,0.051125
24-Jan-2007,0.110833333333333
25-Jan-2007,0.102083333333333
26-Jan-2007,-0.0182083333333334
27-Jan-2007,0.012
28-Jan-2007,-0.0555833333333333
29-Jan-2007,-0.2215
30-Jan-2007,-0.0267916666666667
31-Jan-2007,-0.121041666666667
01-Feb-2007,0.0190833333333333
02-Feb-2007,0.187875
03-Feb-2007,0.00675000000000003
04-Feb-2007,-0.102541666666667
05-Feb-2007,-0.160041666666667
06-Feb-2007,-0.264083333333333
07-Feb-2007,-0.180125
08-Feb-2007,-0.1645
09-Feb-2007,-0.0834166666666667
10-Feb-2007,-0.0552916666666667
11-Feb-2007,-0.145625
12-Feb-2007,-0.201791666666667
13-Feb-2007,-0.224958333333333
14-Feb-2007,-0.122833333333333
15-Feb-2007,-0.218333333333333
16-Feb-2007,-0.0464166666666667
17-Feb-2007,-0.0453333333333333
18-Feb-2007,-0.107208333333333
19-Feb-2007,-0.220916666666667
20-Feb-2007,-0.06675
21-Feb-2007,-0.055375
22-Feb-2007,-0.00454166666666669
23-Feb-2007,-0.0868333333333333
24-Feb-2007,-0.01175
25-Feb-2007,0.04775
26-Feb-2007,0.01075
27-Feb-2007,-0.0395833333333333
28-Feb-2007,-0.0330833333333333
01-Mar-2007,0.0535
02-Mar-2007,0.214291666666667
03-Mar-2007,-0.029875
04-Mar-2007,-0.134958333333333
05-Mar-2007,-0.0936666666666667
06-Mar-2007,-0.0885833333333333
07-Mar-2007,0.0820833333333333
08-Mar-2007,-0.047875
09-Mar-2007,0.00399999999999999
10-Mar-2007,-0.054875
11-Mar-2007,-0.0556666666666667
12-Mar-2007,-0.0576666666666667
13-Mar-2007,-0.0792916666666667
14-Mar-2007,-0.142333333333333
15-Mar-2007,-0.142083333333333
16-Mar-2007,-0.0352083333333333
17-Mar-2007,-0.109416666666667
18-Mar-2007,-0.0549583333333333
19-Mar-2007,-0.0314166666666667
20-Mar-2007,-0.105541666666667
21-Mar-2007,-0.15975
22-Mar-2007,-0.116958333333333
23-Mar-2007,-0.0992083333333333
24-Mar-2007,-0.158333333333333
25-Mar-2007,-0.2725
26-Mar-2007,-0.210708333333333
27-Mar-2007,-0.207625
28-Mar-2007,-0.260291666666667
29-Mar-2007,-0.216375
30-Mar-2007,-0.0977916666666667
31-Mar-2007,-0.074625
01-Apr-2007,-0.1035
02-Apr-2007,-0.078
03-Apr-2007,-0.08025
04-Apr-2007,0.03425
05-Apr-2007,-0.00945833333333335
06-Apr-2007,0.039625
07-Apr-2007,0.0319166666666667
08-Apr-2007,-0.077875
09-Apr-2007,-0.107583333333333
10-Apr-2007,-0.118708333333333
11-Apr-2007,-0.003875
12-Apr-2007,-0.0285416666666667
13-Apr-2007,-0.237708333333333
14-Apr-2007,-0.158041666666667
15-Apr-2007,0.245583333333333
16-Apr-2007,-0.121458333333333
17-Apr-2007,-0.0833333333333333
18-Apr-2007,0.145791666666667
19-Apr-2007,0.238875
20-Apr-2007,0.233125
21-Apr-2007,0.225291666666667
22-Apr-2007,0.136541666666667
23-Apr-2007,0.0505833333333333
24-Apr-2007,0.0157083333333334
25-Apr-2007,0.0171666666666667
26-Apr-2007,0.015875
27-Apr-2007,0.058125
28-Apr-2007,0.02175
29-Apr-2007,-0.0185416666666667
30-Apr-2007,-0.042875
01-May-2007,-0.0716666666666667
02-May-2007,-0.0745833333333333
03-May-2007,-0.0758333333333333
04-May-2007,-0.0450833333333333
05-May-2007,0.0340416666666667
06-May-2007,-0.0634166666666667
07-May-2007,-0.0352083333333333
08-May-2007,0.090625
09-May-2007,0.200541666666667
10-May-2007,0.0995
11-May-2007,0.0304583333333333
12-May-2007,0.0365416666666667
13-May-2007,0.025375
14-May-2007,0.111541666666667
15-May-2007,0.0270833333333333
16-May-2007,-0.00225
17-May-2007,-0.0345
18-May-2007,-0.0610833333333333
19-May-2007,0.0565
20-May-2007,0.107583333333333
21-May-2007,0.0127916666666667
22-May-2007,-0.0197083333333333
23-May-2007,-0.0474166666666667
24-May-2007,-0.08425
25-May-2007,-0.0407916666666667
26-May-2007,-0.103291666666667
27-May-2007,-0.116916666666667
28-May-2007,-0.107625
29-May-2007,-0.0732083333333333
30-May-2007,-0.0314166666666667
31-May-2007,0.000458333333333327
01-Jun-2007,-0.0389166666666667
02-Jun-2007,-0.032875
03-Jun-2007,0.217458333333333
04-Jun-2007,0.064375
05-Jun-2007,0.094125
06-Jun-2007,0.101875
07-Jun-2007,0.139583333333333
08-Jun-2007,0.132166666666667
09-Jun-2007,0.113916666666667
10-Jun-2007,0.144666666666667
11-Jun-2007,0.12525
12-Jun-2007,0.0833333333333334
13-Jun-2007,0.0576666666666667
14-Jun-2007,0.135083333333333
15-Jun-2007,0.156958333333333
16-Jun-2007,0.201458333333333
17-Jun-2007,0.110291666666667
18-Jun-2007,0.06975
19-Jun-2007,0.0342083333333333
20-Jun-2007,0.0555
21-Jun-2007,0.046125
22-Jun-2007,0.0581666666666667
23-Jun-2007,0.00308333333333334
24-Jun-2007,0.00699999999999997
25-Jun-2007,-0.0524583333333333
26-Jun-2007,-0.08025
27-Jun-2007,-0.0605416666666667
28-Jun-2007,-0.06
29-Jun-2007,-0.0582083333333333
30-Jun-2007,-0.0597083333333333
01-Jul-2007,-0.0240416666666667
02-Jul-2007,0.102166666666667
03-Jul-2007,0.0912916666666666
04-Jul-2007,0.1175
05-Jul-2007,0.074
06-Jul-2007,0.028625
07-Jul-2007,-0.00625000000000001
08-Jul-2007,0.04575
09-Jul-2007,0.0804583333333333
10-Jul-2007,0.0108333333333333
11-Jul-2007,-0.037875
12-Jul-2007,-0.0424583333333333
13-Jul-2007,-0.0125
14-Jul-2007,-0.0151666666666667
15-Jul-2007,0.010625
16-Jul-2007,0.0174583333333334
17-Jul-2007,0.00225000000000001
18-Jul-2007,0.02225
19-Jul-2007,0.000916666666666688
20-Jul-2007,0.0544583333333333
21-Jul-2007,0.01975
22-Jul-2007,0.061
23-Jul-2007,0.0450833333333333
24-Jul-2007,0.0117083333333333
25-Jul-2007,-0.02325
26-Jul-2007,-0.0939166666666666
27-Jul-2007,-0.0757916666666667
28-Jul-2007,-0.0415416666666667
29-Jul-2007,-0.0534583333333334
30-Jul-2007,-0.0337083333333334
31-Jul-2007,-0.00845833333333335
01-Aug-2007,0.08925
02-Aug-2007,0.0936666666666667
03-Aug-2007,0.0454583333333333
04-Aug-2007,-0.0164583333333333
05-Aug-2007,-0.0330833333333333
06-Aug-2007,-0.0175416666666667
07-Aug-2007,-0.0632916666666667
08-Aug-2007,-0.0737083333333333
09-Aug-2007,-0.1185
10-Aug-2007,-0.108708333333333
11-Aug-2007,-0.0779583333333333
12-Aug-2007,-0.016625
13-Aug-2007,0.0726666666666666
14-Aug-2007,0.0610000000000001
15-Aug-2007,0.0852083333333333
16-Aug-2007,0.0391666666666667
17-Aug-2007,-0.00704166666666666
18-Aug-2007,-0.138291666666667
19-Aug-2007,-0.0274583333333334
20-Aug-2007,-0.0305833333333333
21-Aug-2007,-0.0459583333333333
22-Aug-2007,-0.062625
23-Aug-2007,-0.0055
24-Aug-2007,0.0110833333333333
25-Aug-2007,0.000500000000000019
26-Aug-2007,0.022
27-Aug-2007,-0.0275416666666667
28-Aug-2007,-0.072375
29-Aug-2007,0.0756249999999999
30-Aug-2007,0.143791666666667
31-Aug-2007,0.167208333333333
01-Sep-2007,0.079125
02-Sep-2007,0.08575
03-Sep-2007,0.0772916666666666
04-Sep-2007,0.0496666666666667
05-Sep-2007,0.00270833333333335
06-Sep-2007,-0.0385833333333333
07-Sep-2007,-0.033
08-Sep-2007,-0.0135833333333333
09-Sep-2007,0.0636666666666666
10-Sep-2007,-0.040125
11-Sep-2007,0.00466666666666667
12-Sep-2007,-0.0152916666666667
13-Sep-2007,-0.00245833333333335
14-Sep-2007,0.0622916666666667
15-Sep-2007,0.0465
16-Sep-2007,0.0745833333333333
17-Sep-2007,0.125208333333333
18-Sep-2007,0.11775
19-Sep-2007,0.147666666666667
20-Sep-2007,0.146333333333333
21-Sep-2007,0.10975
22-Sep-2007,0.058625
23-Sep-2007,-0.00433333333333334
24-Sep-2007,0.0274583333333333
25-Sep-2007,0.107625
26-Sep-2007,0.089125
27-Sep-2007,0.104208333333333
28-Sep-2007,0.0811666666666667
29-Sep-2007,0.00291666666666666
30-Sep-2007,0.111458333333333
01-Oct-2007,0.133041666666667
02-Oct-2007,0.141333333333333
03-Oct-2007,0.101875
04-Oct-2007,0.0225833333333333
05-Oct-2007,0.0287916666666667
06-Oct-2007,0.03575
07-Oct-2007,0.0790416666666667
08-Oct-2007,0.0621666666666667
09-Oct-2007,0.128916666666667
10-Oct-2007,0.157666666666667
11-Oct-2007,0.132208333333333
12-Oct-2007,0.102166666666667
13-Oct-2007,0.12075
14-Oct-2007,0.10575
15-Oct-2007,0.1
16-Oct-2007,0.116291666666667
17-Oct-2007,0.04475
18-Oct-2007,0.0537083333333333
19-Oct-2007,0.0625416666666666
20-Oct-2007,-0.0537083333333333
21-Oct-2007,-0.130208333333333
22-Oct-2007,-0.075375
23-Oct-2007,-0.01925
24-Oct-2007,0.049875
25-Oct-2007,0.0389583333333333
26-Oct-2007,0.056
27-Oct-2007,0.141958333333333
28-Oct-2007,0.130583333333333
29-Oct-2007,0.174583333333333
30-Oct-2007,0.230625
31-Oct-2007,0.154833333333333
01-Nov-2007,0.127208333333333
02-Nov-2007,0.0405
03-Nov-2007,0.189916666666667
04-Nov-2007,0.238083333333333
05-Nov-2007,0.225916666666667
06-Nov-2007,0.149958333333333
07-Nov-2007,-0.109541666666667
08-Nov-2007,-0.0756666666666666
09-Nov-2007,-0.0365416666666666
10-Nov-2007,-0.0760416666666667
11-Nov-2007,-0.041625
12-Nov-2007,-0.0113333333333333
13-Nov-2007,-0.0509166666666667
14-Nov-2007,-0.0891666666666667
15-Nov-2007,-0.0425833333333333
16-Nov-2007,-0.208333333333333
17-Nov-2007,-0.0285416666666667
18-Nov-2007,-0.14025
19-Nov-2007,-0.195166666666667
20-Nov-2007,-0.169125
21-Nov-2007,-0.123166666666667
22-Nov-2007,-0.0604583333333333
23-Nov-2007,-0.113583333333333
24-Nov-2007,-0.0600416666666667
25-Nov-2007,-0.0474583333333333
26-Nov-2007,-0.0125833333333333
27-Nov-2007,-0.160458333333333
28-Nov-2007,-0.278333333333333
29-Nov-2007,-0.21275
30-Nov-2007,-0.274875
01-Dec-2007,-0.215583333333333
02-Dec-2007,-0.178791666666667
03-Dec-2007,-0.271791666666667
04-Dec-2007,-0.349375
05-Dec-2007,-0.128166666666667
06-Dec-2007,-0.199875
07-Dec-2007,-0.115333333333333
08-Dec-2007,-0.113125
09-Dec-2007,-0.195625
10-Dec-2007,-0.249291666666667
11-Dec-2007,-0.314833333333333
12-Dec-2007,-0.260625
13-Dec-2007,-0.260291666666667
14-Dec-2007,-0.223791666666667
15-Dec-2007,-0.202375
16-Dec-2007,-0.0244583333333333
17-Dec-2007,-0.386875
18-Dec-2007,-0.182583333333333
19-Dec-2007,-0.226666666666667
20-Dec-2007,-0.25925
21-Dec-2007,-0.209791666666667
22-Dec-2007,-0.0539583333333334
23-Dec-2007,0.0755
24-Dec-2007,0.000583333333333341
25-Dec-2007,0.00608333333333333
26-Dec-2007,0.129208333333333
27-Dec-2007,0.039375
28-Dec-2007,0.0727083333333333
29-Dec-2007,0.0916666666666667
30-Dec-2007,0.029
31-Dec-2007,0.0025
01-Jan-2008,0.00299999999999998
02-Jan-2008,-0.2715
03-Jan-2008,-0.398875
04-Jan-2008,-0.175833333333333
05-Jan-2008,-0.219416666666667
06-Jan-2008,-0.270375
07-Jan-2008,-0.299333333333333
08-Jan-2008,-0.324375
09-Jan-2008,-0.239541666666667
10-Jan-2008,-0.258541666666667
11-Jan-2008,-0.152916666666667
12-Jan-2008,-0.184666666666667
13-Jan-2008,-0.149458333333333
14-Jan-2008,-0.0975
15-Jan-2008,-0.167166666666667
16-Jan-2008,-0.174375
17-Jan-2008,-0.064125
18-Jan-2008,-0.171458333333333
19-Jan-2008,-0.178916666666667
20-Jan-2008,-0.194875
21-Jan-2008,-0.278291666666667
22-Jan-2008,-0.177416666666667
23-Jan-2008,-0.20275
24-Jan-2008,-0.193791666666667
25-Jan-2008,-0.3305
26-Jan-2008,-0.171583333333333
27-Jan-2008,-0.0899583333333333
28-Jan-2008,-0.0655
29-Jan-2008,-0.00475
30-Jan-2008,-0.029375
31-Jan-2008,-0.225791666666667
01-Feb-2008,-0.0194166666666667
02-Feb-2008,-0.335083333333333
03-Feb-2008,-0.295541666666667
04-Feb-2008,-0.295083333333333
05-Feb-2008,-0.274375
06-Feb-2008,-0.139833333333333
07-Feb-2008,-0.144833333333333
08-Feb-2008,-0.16125
09-Feb-2008,-0.118333333333333
10-Feb-2008,-0.0858333333333333
11-Feb-2008,-0.2315
12-Feb-2008,-0.090625
13-Feb-2008,0.02475
14-Feb-2008,-0.254958333333333
15-Feb-2008,-0.232166666666667
16-Feb-2008,-0.245083333333333
17-Feb-2008,-0.1205
18-Feb-2008,-0.0085833333333333
19-Feb-2008,-0.239916666666667
20-Feb-2008,-0.28
21-Feb-2008,-0.292833333333333
22-Feb-2008,-0.130166666666667
23-Feb-2008,-0.127333333333333
24-Feb-2008,-0.123833333333333
25-Feb-2008,0.0401666666666666
26-Feb-2008,0.0704583333333333
27-Feb-2008,-0.0407083333333333
28-Feb-2008,-0.192625
29-Feb-2008,-0.131791666666667
01-Mar-2008,-0.152666666666667
02-Mar-2008,-0.223875
03-Mar-2008,-0.157708333333333
04-Mar-2008,-0.131458333333333
05-Mar-2008,-0.0368333333333333
06-Mar-2008,-0.157416666666667
07-Mar-2008,-0.0415416666666667
08-Mar-2008,0.147125
09-Mar-2008,-0.302791666666667
10-Mar-2008,-0.193833333333333
11-Mar-2008,-0.16575
12-Mar-2008,-0.104416666666667
13-Mar-2008,-0.06075
14-Mar-2008,-0.0350833333333334
15-Mar-2008,0.00966666666666669
16-Mar-2008,-0.0162083333333333
17-Mar-2008,-0.0827083333333333
18-Mar-2008,-0.0129166666666667
19-Mar-2008,0.0432083333333333
20-Mar-2008,-0.0498333333333333
21-Mar-2008,-0.122208333333333
22-Mar-2008,-0.0222916666666667
23-Mar-2008,-0.16075
24-Mar-2008,-0.0537083333333333
25-Mar-2008,-0.116208333333333
26-Mar-2008,-0.08825
27-Mar-2008,-0.22175
28-Mar-2008,-0.218708333333333
29-Mar-2008,-0.303416666666667
30-Mar-2008,-0.190125
31-Mar-2008,-0.0547916666666666
01-Apr-2008,-0.140916666666667
02-Apr-2008,-0.271958333333333
03-Apr-2008,-0.160333333333333
04-Apr-2008,-0.0852916666666667
05-Apr-2008,-0.0449583333333333
06-Apr-2008,-0.00937500000000001
07-Apr-2008,0.0745833333333334
08-Apr-2008,0.239666666666667
09-Apr-2008,0.295375
10-Apr-2008,0.337916666666667
11-Apr-2008,0.254125
12-Apr-2008,0.237041666666667
13-Apr-2008,0.07675
14-Apr-2008,-0.000875000000000019
15-Apr-2008,-0.0493333333333333
16-Apr-2008,0.0682083333333333
17-Apr-2008,0.0918333333333334
18-Apr-2008,0.0375833333333334
19-Apr-2008,0.055875
20-Apr-2008,0.131916666666667
21-Apr-2008,0.0981666666666666
22-Apr-2008,0.108416666666667
23-Apr-2008,0.0960416666666667
24-Apr-2008,0.0445833333333333
25-Apr-2008,-0.0313333333333333
26-Apr-2008,-0.01
27-Apr-2008,0.0166666666666667
28-Apr-2008,0.140416666666667
29-Apr-2008,0.0325416666666667
30-Apr-2008,0.0184166666666667
01-May-2008,0.04225
02-May-2008,0.0247083333333333
03-May-2008,0.00204166666666667
04-May-2008,0.0438333333333333
05-May-2008,0.0827916666666667
06-May-2008,0.135041666666667
07-May-2008,0.13625
08-May-2008,0.132125
09-May-2008,0.186791666666667
10-May-2008,0.038
11-May-2008,0.233083333333333
12-May-2008,0.0957083333333334
13-May-2008,0.0160833333333333
14-May-2008,0.231541666666667
15-May-2008,0.183291666666667
16-May-2008,0.19275
17-May-2008,0.072
18-May-2008,0.162791666666667
19-May-2008,0.0870833333333333
20-May-2008,0.164458333333333
21-May-2008,0.1015
22-May-2008,0.0897083333333333
23-May-2008,0.0714166666666667
24-May-2008,0.077875
25-May-2008,0.043
26-May-2008,0.0194583333333333
27-May-2008,-0.00195833333333333
28-May-2008,-0.093
29-May-2008,-0.118958333333333
30-May-2008,-0.0981666666666666
31-May-2008,-0.151541666666667
01-Jun-2008,-0.140791666666667
02-Jun-2008,-0.170416666666667
03-Jun-2008,-0.0955833333333333
04-Jun-2008,-0.0217083333333334
05-Jun-2008,-0.0389583333333333
06-Jun-2008,-0.03125
07-Jun-2008,0.000124999999999995
08-Jun-2008,-0.00129166666666667
09-Jun-2008,-0.0352916666666666
10-Jun-2008,-0.112
11-Jun-2008,-0.1255
12-Jun-2008,-0.138666666666667
13-Jun-2008,-0.114541666666667
14-Jun-2008,-0.111583333333333
15-Jun-2008,-0.113375
16-Jun-2008,-0.145083333333333
17-Jun-2008,-0.088375
18-Jun-2008,-0.0162083333333333
19-Jun-2008,0.074125
20-Jun-2008,-0.023625
21-Jun-2008,-0.0259583333333333
22-Jun-2008,0.0402083333333333
23-Jun-2008,0.00833333333333332
24-Jun-2008,-0.104416666666667
25-Jun-2008,-0.128
26-Jun-2008,-0.0923333333333333
27-Jun-2008,-0.103708333333333
28-Jun-2008,-0.108916666666667
29-Jun-2008,-0.100958333333333
30-Jun-2008,-0.0852916666666667
01-Jul-2008,-0.145583333333333
02-Jul-2008,-0.117541666666667
03-Jul-2008,-0.0572916666666666
04-Jul-2008,-0.0219166666666666
05-Jul-2008,0.00408333333333335
06-Jul-2008,0.00854166666666666
07-Jul-2008,-0.05375
08-Jul-2008,-0.0623333333333333
09-Jul-2008,-0.0767083333333334
10-Jul-2008,-0.0879583333333333
11-Jul-2008,-0.0360416666666667
12-Jul-2008,-0.080125
13-Jul-2008,-0.025875
14-Jul-2008,0.01725
15-Jul-2008,0.0334166666666667
16-Jul-2008,0.005625
17-Jul-2008,0.0131666666666667
18-Jul-2008,0.09275
19-Jul-2008,0.102041666666667
20-Jul-2008,-0.0205416666666667
21-Jul-2008,0.0144166666666667
22-Jul-2008,0.0549166666666666
23-Jul-2008,0.0417916666666667
24-Jul-2008,-0.018375
25-Jul-2008,-0.0580833333333334
26-Jul-2008,-0.016
27-Jul-2008,0.0270416666666667
28-Jul-2008,-0.0204583333333333
29-Jul-2008,0.00712499999999997
30-Jul-2008,0.0270833333333333
31-Jul-2008,0.0531666666666666
01-Aug-2008,0.04275
02-Aug-2008,0.105041666666667
03-Aug-2008,0.173958333333333
04-Aug-2008,0.254916666666667
05-Aug-2008,0.174833333333333
06-Aug-2008,0.0548333333333333
07-Aug-2008,0.0328333333333334
08-Aug-2008,0.0660416666666667
09-Aug-2008,0.066125
10-Aug-2008,0.076875
11-Aug-2008,0.0369166666666667
12-Aug-2008,0.0359166666666667
13-Aug-2008,0.117875
14-Aug-2008,0.153
15-Aug-2008,0.0737083333333333
16-Aug-2008,-0.034875
17-Aug-2008,0.046375
18-Aug-2008,0.122541666666667
19-Aug-2008,0.187208333333333
20-Aug-2008,0.100791666666667
21-Aug-2008,0.07675
22-Aug-2008,0.0750416666666667
23-Aug-2008,-0.013625
24-Aug-2008,0.000541666666666649
25-Aug-2008,0.0237916666666667
26-Aug-2008,0.0290833333333333
27-Aug-2008,0.062875
28-Aug-2008,0.151583333333333
29-Aug-2008,0.179833333333333
30-Aug-2008,0.197166666666667
31-Aug-2008,0.194
01-Sep-2008,0.182083333333333
02-Sep-2008,0.204041666666667
03-Sep-2008,0.199916666666667
04-Sep-2008,0.18025
05-Sep-2008,0.238708333333333
06-Sep-2008,0.546416666666667
07-Sep-2008,0.0655416666666667
08-Sep-2008,0.0321666666666666
09-Sep-2008,0.08825
10-Sep-2008,0.065125
11-Sep-2008,0.064625
12-Sep-2008,0.155375
13-Sep-2008,0.208583333333333
14-Sep-2008,0.299916666666667
15-Sep-2008,0.34825
16-Sep-2008,0.271166666666667
17-Sep-2008,0.241541666666667
18-Sep-2008,0.2615
19-Sep-2008,0.280916666666667
20-Sep-2008,0.292541666666667
21-Sep-2008,0.267375
22-Sep-2008,0.21875
23-Sep-2008,0.147291666666667
24-Sep-2008,0.190041666666667
25-Sep-2008,0.1515
26-Sep-2008,0.577875
27-Sep-2008,0.34125
28-Sep-2008,0.299166666666667
29-Sep-2008,0.194125
30-Sep-2008,0.226916666666667
01-Oct-2008,0.265041666666667
02-Oct-2008,0.174416666666667
03-Oct-2008,0.189125
04-Oct-2008,0.08025
05-Oct-2008,-0.00875000000000002
06-Oct-2008,0.0185416666666666
07-Oct-2008,0.046625
08-Oct-2008,0.112125
09-Oct-2008,0.0694583333333333
10-Oct-2008,-0.0316666666666667
11-Oct-2008,-0.00229166666666665
12-Oct-2008,0.034
13-Oct-2008,0.0405
14-Oct-2008,0.04575
15-Oct-2008,0.0661666666666667
16-Oct-2008,0.146708333333333
17-Oct-2008,0.124
18-Oct-2008,0.112
19-Oct-2008,0.104541666666667
20-Oct-2008,0.231333333333333
21-Oct-2008,0.268291666666667
22-Oct-2008,0.114333333333333
23-Oct-2008,0.0762083333333333
24-Oct-2008,0.191833333333333
25-Oct-2008,0.460666666666667
26-Oct-2008,0.203458333333333
27-Oct-2008,0.212375
28-Oct-2008,0.0282916666666667
29-Oct-2008,0.03575
30-Oct-2008,-0.0567916666666667
31-Oct-2008,-0.0692083333333333
01-Nov-2008,-0.06225
02-Nov-2008,-0.0263333333333333
03-Nov-2008,0.00583333333333332
04-Nov-2008,0.100958333333333
05-Nov-2008,0.160333333333333
06-Nov-2008,0.140125
07-Nov-2008,0.12775
08-Nov-2008,0.136083333333333
09-Nov-2008,0.048875
10-Nov-2008,-0.0599583333333333
11-Nov-2008,-0.0504166666666667
12-Nov-2008,-0.0245416666666667
13-Nov-2008,0.137541666666667
14-Nov-2008,0.061
15-Nov-2008,0.160708333333333
16-Nov-2008,-0.0277083333333333
17-Nov-2008,0.022875
18-Nov-2008,-0.00620833333333333
19-Nov-2008,-0.0227916666666667
20-Nov-2008,0.177833333333333
21-Nov-2008,0.10075
22-Nov-2008,-0.00583333333333335
23-Nov-2008,0.0184166666666667
24-Nov-2008,0.00325000000000001
25-Nov-2008,-0.0439583333333333
26-Nov-2008,-0.032375
27-Nov-2008,0.00933333333333331
28-Nov-2008,-0.0214583333333333
29-Nov-2008,0.0107083333333333
30-Nov-2008,0.1375
01-Dec-2008,0.104666666666667
02-Dec-2008,-0.185541666666667
03-Dec-2008,-0.178958333333333
04-Dec-2008,-0.143958333333333
05-Dec-2008,-0.16225
06-Dec-2008,-0.0840833333333333
07-Dec-2008,-0.140541666666667
08-Dec-2008,-0.201916666666667
09-Dec-2008,-0.139666666666667
10-Dec-2008,-0.185958333333333
11-Dec-2008,-0.114333333333333
12-Dec-2008,-0.0385833333333333
13-Dec-2008,-0.169458333333333
14-Dec-2008,-0.00929166666666668
15-Dec-2008,0.017375
16-Dec-2008,-0.032875
17-Dec-2008,-0.00416666666666666
18-Dec-2008,0.000458333333333326
19-Dec-2008,0.023375
20-Dec-2008,-0.0142083333333333
21-Dec-2008,0.023
22-Dec-2008,-0.202375
23-Dec-2008,-0.162291666666667
24-Dec-2008,-0.145583333333333
25-Dec-2008,-0.278041666666667
26-Dec-2008,-0.317916666666667
27-Dec-2008,-0.207458333333333
28-Dec-2008,-0.1895
29-Dec-2008,-0.245041666666667
30-Dec-2008,-0.224666666666667
31-Dec-2008,-0.201041666666667
01-Jan-2009,-0.377333333333333
02-Jan-2009,-0.0887083333333333
03-Jan-2009,-0.178791666666667
04-Jan-2009,-0.165916666666667
05-Jan-2009,-0.174125
06-Jan-2009,-0.0943333333333333
07-Jan-2009,0.032875
08-Jan-2009,-0.14625
09-Jan-2009,-0.287708333333333
10-Jan-2009,-0.1945
11-Jan-2009,-0.154125
12-Jan-2009,-0.230375
13-Jan-2009,-0.0732083333333333
14-Jan-2009,-0.0552083333333333
15-Jan-2009,-0.113583333333333
16-Jan-2009,-0.328375
17-Jan-2009,-0.262666666666667
18-Jan-2009,-0.132833333333333
19-Jan-2009,-0.162083333333333
20-Jan-2009,-0.17075
21-Jan-2009,-0.136375
22-Jan-2009,-0.101458333333333
23-Jan-2009,-0.195541666666667
24-Jan-2009,-0.220333333333333
25-Jan-2009,-0.1995
26-Jan-2009,-0.115958333333333
27-Jan-2009,-0.152416666666667
28-Jan-2009,-0.0873333333333333
29-Jan-2009,-0.145125
30-Jan-2009,-0.09425
31-Jan-2009,-0.20275
01-Feb-2009,-0.198958333333333
02-Feb-2009,-0.204
03-Feb-2009,-0.141375
04-Feb-2009,-0.15225
05-Feb-2009,-0.262583333333333
06-Feb-2009,-0.209708333333333
07-Feb-2009,-0.254791666666667
08-Feb-2009,-0.293625
09-Feb-2009,-0.270916666666667
10-Feb-2009,-0.198833333333333
11-Feb-2009,-0.190541666666667
12-Feb-2009,-0.173958333333333
13-Feb-2009,-0.260833333333333
14-Feb-2009,-0.184666666666667
15-Feb-2009,-0.196166666666667
16-Feb-2009,-0.123125
17-Feb-2009,-0.172541666666667
18-Feb-2009,-0.110916666666667
19-Feb-2009,-0.101416666666667
20-Feb-2009,-0.269333333333333
21-Feb-2009,-0.222666666666667
22-Feb-2009,-0.214875
23-Feb-2009,-0.40525
24-Feb-2009,-0.309041666666667
25-Feb-2009,-0.268875
26-Feb-2009,-0.27125
27-Feb-2009,-0.21475
28-Feb-2009,-0.161333333333333
01-Mar-2009,-0.091875
02-Mar-2009,-0.05825
03-Mar-2009,-0.062
04-Mar-2009,-0.043125
05-Mar-2009,-0.103083333333333
06-Mar-2009,-0.19375
07-Mar-2009,-0.255833333333333
08-Mar-2009,-0.182833333333333
09-Mar-2009,-0.116708333333333
10-Mar-2009,-0.13025
11-Mar-2009,0.00329166666666667
12-Mar-2009,-0.0529583333333333
13-Mar-2009,0.0504583333333333
14-Mar-2009,0.0540833333333334
15-Mar-2009,0.0315
16-Mar-2009,0.00104166666666667
17-Mar-2009,-0.016125
18-Mar-2009,0.00149999999999998
19-Mar-2009,-0.0322916666666667
20-Mar-2009,-0.0677916666666667
21-Mar-2009,0.0131666666666667
22-Mar-2009,0.026125
23-Mar-2009,0.0295416666666667
24-Mar-2009,0.0207083333333333
25-Mar-2009,0.0402916666666667
26-Mar-2009,0.0792083333333333
27-Mar-2009,0.0600416666666666
28-Mar-2009,0.132166666666667
29-Mar-2009,0.211833333333333
30-Mar-2009,-0.0450833333333333
31-Mar-2009,0.0385833333333333
01-Apr-2009,0.0794583333333334
02-Apr-2009,0.076
03-Apr-2009,0.273333333333333
04-Apr-2009,0.0274583333333333
05-Apr-2009,0.00195833333333333
06-Apr-2009,0.120583333333333
07-Apr-2009,-0.00370833333333333
08-Apr-2009,-0.0182916666666667
09-Apr-2009,0.0492083333333334
10-Apr-2009,0.0672916666666667
11-Apr-2009,0.00541666666666668
12-Apr-2009,-0.0837083333333333
13-Apr-2009,0.0146666666666666
14-Apr-2009,0.132791666666667
15-Apr-2009,-0.00800000000000001
16-Apr-2009,-0.0597083333333333
17-Apr-2009,0.0445416666666667
18-Apr-2009,0.056
19-Apr-2009,-0.041
20-Apr-2009,-0.010125
21-Apr-2009,0.0317083333333333
22-Apr-2009,-0.041125
23-Apr-2009,-0.160791666666667
24-Apr-2009,-0.136
25-Apr-2009,-0.16675
26-Apr-2009,-0.164458333333333
27-Apr-2009,-0.172625
28-Apr-2009,-0.19075
29-Apr-2009,-0.145583333333333
30-Apr-2009,-0.125208333333333
01-May-2009,-0.032875
02-May-2009,-0.0622916666666667
03-May-2009,-0.101916666666667
04-May-2009,-0.116291666666667
05-May-2009,-0.126708333333333
06-May-2009,-0.095625
07-May-2009,-0.0815833333333333
08-May-2009,-0.082625
09-May-2009,-0.0365416666666667
10-May-2009,-0.139708333333333
11-May-2009,-0.0739166666666666
12-May-2009,-0.041625
13-May-2009,-0.0269166666666667
14-May-2009,0.0150416666666667
15-May-2009,-0.0860833333333333
16-May-2009,-0.0641666666666667
17-May-2009,0.0185833333333333
18-May-2009,-0.0821666666666667
19-May-2009,0.082
20-May-2009,0.06825
21-May-2009,0.000125000000000005
22-May-2009,-0.061375
23-May-2009,-0.0360416666666667
24-May-2009,-0.0294166666666667
25-May-2009,-0.02025
26-May-2009,0.02725
27-May-2009,0.051125
28-May-2009,0.139375
29-May-2009,0.114
30-May-2009,0.0362916666666667
31-May-2009,0.0469583333333333
01-Jun-2009,-0.01275
02-Jun-2009,-0.0178333333333334
03-Jun-2009,-0.0452083333333334
04-Jun-2009,-0.0151666666666667
05-Jun-2009,0.0657083333333333
06-Jun-2009,-0.0157083333333333
07-Jun-2009,0.0661666666666666
08-Jun-2009,0.082125
09-Jun-2009,0.08325
10-Jun-2009,0.0707916666666667
11-Jun-2009,0.164583333333333
12-Jun-2009,0.151958333333333
13-Jun-2009,0.115541666666667
14-Jun-2009,0.0785833333333333
15-Jun-2009,0.126625
16-Jun-2009,0.150958333333333
17-Jun-2009,0.171416666666667
18-Jun-2009,0.198458333333333
19-Jun-2009,0.132916666666667
20-Jun-2009,0.151333333333333
21-Jun-2009,0.175833333333333
22-Jun-2009,0.24825
23-Jun-2009,0.308041666666667
24-Jun-2009,0.317625
25-Jun-2009,0.254583333333333
26-Jun-2009,0.272166666666667
27-Jun-2009,0.223875
28-Jun-2009,0.166666666666667
29-Jun-2009,0.165458333333333
30-Jun-2009,0.172583333333333
01-Jul-2009,0.12175
02-Jul-2009,0.0810416666666667
03-Jul-2009,0.00399999999999999
04-Jul-2009,0.0700416666666667
05-Jul-2009,0.099625
06-Jul-2009,0.092875
07-Jul-2009,0.173541666666667
08-Jul-2009,0.186125
09-Jul-2009,0.167708333333333
10-Jul-2009,0.132041666666667
11-Jul-2009,0.137166666666667
12-Jul-2009,0.0802916666666667
13-Jul-2009,0.00308333333333332
14-Jul-2009,0.0154166666666667
15-Jul-2009,-0.0435833333333333
16-Jul-2009,-0.026
17-Jul-2009,-0.0578333333333333
18-Jul-2009,-0.116083333333333
19-Jul-2009,-0.147875
20-Jul-2009,-0.0738333333333333
21-Jul-2009,-0.0357916666666667
22-Jul-2009,0.00787499999999999
23-Jul-2009,0.0535833333333333
24-Jul-2009,0.121208333333333
25-Jul-2009,0.107833333333333
26-Jul-2009,0.116791666666667
27-Jul-2009,0.0859583333333333
28-Jul-2009,-0.0479583333333333
29-Jul-2009,-0.0784166666666667
30-Jul-2009,-0.19125
31-Jul-2009,-0.200375
01-Aug-2009,-0.232833333333333
02-Aug-2009,-0.174791666666667
03-Aug-2009,-0.18975
04-Aug-2009,-0.156583333333333
05-Aug-2009,-0.121416666666667
06-Aug-2009,-0.0999583333333334
07-Aug-2009,-0.147041666666667
08-Aug-2009,-0.0499583333333334
09-Aug-2009,-0.0585
10-Aug-2009,-0.09425
11-Aug-2009,-0.062
12-Aug-2009,-0.023375
13-Aug-2009,-0.0920833333333333
14-Aug-2009,-0.0775416666666667
15-Aug-2009,-0.01175
16-Aug-2009,0.00795833333333335
17-Aug-2009,0.0425833333333333
18-Aug-2009,0.0379583333333333
19-Aug-2009,0.046
20-Aug-2009,0.0818750000000001
21-Aug-2009,0.179291666666667
22-Aug-2009,0.263125
23-Aug-2009,0.254833333333333
24-Aug-2009,0.171208333333333
25-Aug-2009,0.0600416666666667
26-Aug-2009,0.0227916666666667
27-Aug-2009,0.0262083333333333
28-Aug-2009,0.0335
29-Aug-2009,0.0766666666666667
30-Aug-2009,0.0364166666666667
31-Aug-2009,0.0186666666666667
01-Sep-2009,0.0214166666666667
02-Sep-2009,0.14225
03-Sep-2009,0.163583333333333
04-Sep-2009,0.211833333333333
05-Sep-2009,0.214041666666667
06-Sep-2009,0.238916666666667
07-Sep-2009,0.229041666666667
08-Sep-2009,0.210291666666667
09-Sep-2009,0.262666666666667
10-Sep-2009,0.288916666666667
11-Sep-2009,0.268833333333333
12-Sep-2009,0.332791666666667
13-Sep-2009,0.269333333333333
14-Sep-2009,0.280041666666667
15-Sep-2009,0.256166666666667
16-Sep-2009,0.287125
17-Sep-2009,0.282375
18-Sep-2009,0.350125
19-Sep-2009,0.35425
20-Sep-2009,0.320458333333333
21-Sep-2009,0.261666666666667
22-Sep-2009,0.298041666666667
23-Sep-2009,0.283958333333333
24-Sep-2009,0.236333333333333
25-Sep-2009,0.231833333333333
26-Sep-2009,0.266083333333333
27-Sep-2009,0.35025
28-Sep-2009,0.281125
29-Sep-2009,0.180208333333333
30-Sep-2009,0.139291666666667
01-Oct-2009,0.134958333333333
02-Oct-2009,0.170791666666667
03-Oct-2009,0.163083333333333
04-Oct-2009,0.0960833333333333
05-Oct-2009,0.0754583333333334
06-Oct-2009,0.179083333333333
07-Oct-2009,0.219416666666667
08-Oct-2009,0.0681666666666667
09-Oct-2009,0.117916666666667
10-Oct-2009,0.0502083333333334
11-Oct-2009,-0.02275
12-Oct-2009,0.049125
13-Oct-2009,0.0450416666666667
14-Oct-2009,0.0420833333333333
15-Oct-2009,0.184916666666667
16-Oct-2009,0.195
17-Oct-2009,0.28125
18-Oct-2009,0.251416666666667
19-Oct-2009,0.254791666666667
20-Oct-2009,0.314333333333333
21-Oct-2009,0.165833333333333
22-Oct-2009,0.0662083333333333
23-Oct-2009,0.087125
24-Oct-2009,0.13575
25-Oct-2009,0.0330416666666667
26-Oct-2009,0.074
27-Oct-2009,0.0665416666666667
28-Oct-2009,0.057375
29-Oct-2009,0.0102083333333333
30-Oct-2009,0.15975
31-Oct-2009,0.282583333333333
01-Nov-2009,0.196958333333333
02-Nov-2009,0.194875
03-Nov-2009,0.243875
04-Nov-2009,0.267416666666667
05-Nov-2009,0.276125
06-Nov-2009,0.15675
07-Nov-2009,0.186916666666667
08-Nov-2009,0.100791666666667
09-Nov-2009,0.00975000000000002
10-Nov-2009,0.02125
11-Nov-2009,0.11875
12-Nov-2009,0.155958333333333
13-Nov-2009,0.212416666666667
14-Nov-2009,0.410125
15-Nov-2009,0.51475
16-Nov-2009,0.411208333333333
17-Nov-2009,0.315875
18-Nov-2009,0.320041666666667
19-Nov-2009,0.384125
20-Nov-2009,0.332333333333333
21-Nov-2009,0.355875
22-Nov-2009,0.334208333333333
23-Nov-2009,0.28225
24-Nov-2009,0.234791666666667
25-Nov-2009,0.309583333333333
26-Nov-2009,0.347208333333333
27-Nov-2009,0.173708333333333
28-Nov-2009,0.115958333333333
29-Nov-2009,0.135083333333333
30-Nov-2009,0.039625
01-Dec-2009,-0.0405416666666667
02-Dec-2009,0.218375
03-Dec-2009,0.273125
04-Dec-2009,0.0634583333333333
05-Dec-2009,0.182083333333333
06-Dec-2009,0.0594583333333333
07-Dec-2009,0.2085
08-Dec-2009,0.219416666666667
09-Dec-2009,0.439708333333333
10-Dec-2009,0.197208333333333
11-Dec-2009,-0.00470833333333331
12-Dec-2009,0.029625
13-Dec-2009,0.156791666666667
14-Dec-2009,0.0516666666666666
15-Dec-2009,0.110041666666667
16-Dec-2009,0.0852083333333334
17-Dec-2009,0.206916666666667
18-Dec-2009,0.259708333333333
19-Dec-2009,0.480041666666667
20-Dec-2009,0.182791666666667
21-Dec-2009,0.273208333333333
22-Dec-2009,0.256208333333333
23-Dec-2009,0.202541666666667
24-Dec-2009,0.1755
25-Dec-2009,0.372541666666667
26-Dec-2009,0.22275
27-Dec-2009,0.0947083333333333
28-Dec-2009,0.106041666666667
29-Dec-2009,-0.0388333333333333
30-Dec-2009,-0.00191666666666667
31-Dec-2009,0.051
01-Jan-2010,0.0495
02-Jan-2010,0.0700833333333333
03-Jan-2010,0.0543333333333333
04-Jan-2010,0.11775
05-Jan-2010,0.0753333333333333
06-Jan-2010,-0.021
07-Jan-2010,-0.019375
08-Jan-2010,-0.027875
09-Jan-2010,-0.123625
10-Jan-2010,-0.110125
11-Jan-2010,-0.0712083333333333
12-Jan-2010,-0.134458333333333
13-Jan-2010,-0.167875
14-Jan-2010,-0.15025
15-Jan-2010,-0.186541666666667
16-Jan-2010,-0.165416666666667
17-Jan-2010,0.0270833333333333
18-Jan-2010,-0.0930833333333333
19-Jan-2010,-0.00620833333333333
20-Jan-2010,0.0559583333333333
21-Jan-2010,0.120166666666667
22-Jan-2010,0.207
23-Jan-2010,0.222666666666667
24-Jan-2010,0.261666666666667
25-Jan-2010,0.294166666666667
26-Jan-2010,-0.04625
27-Jan-2010,-0.0759583333333333
28-Jan-2010,-0.0105
29-Jan-2010,-0.004875
30-Jan-2010,0.122791666666667
31-Jan-2010,0.119375
01-Feb-2010,0.143833333333333
02-Feb-2010,0.151916666666667
03-Feb-2010,0.139416666666667
04-Feb-2010,0.0819583333333334
05-Feb-2010,0.1905
06-Feb-2010,0.209208333333333
07-Feb-2010,0.0719583333333333
08-Feb-2010,0.21025
09-Feb-2010,0.192583333333333
10-Feb-2010,0.0750833333333333
11-Feb-2010,-0.13225
12-Feb-2010,0.163291666666667
13-Feb-2010,0.294083333333333
14-Feb-2010,0.274041666666667
15-Feb-2010,0.240541666666667
16-Feb-2010,0.0648333333333333
17-Feb-2010,0.023875
18-Feb-2010,-0.034375
19-Feb-2010,-0.0398333333333333
20-Feb-2010,-0.02975
21-Feb-2010,-0.00387499999999999
22-Feb-2010,0.1255
23-Feb-2010,0.147
24-Feb-2010,0.163041666666667
25-Feb-2010,0.136291666666667
26-Feb-2010,-0.0371666666666667
27-Feb-2010,-0.0374166666666667
28-Feb-2010,-0.0145833333333334
01-Mar-2010,-0.017875
02-Mar-2010,0.06875
03-Mar-2010,0.109333333333333
04-Mar-2010,0.141083333333333
05-Mar-2010,0.141625
06-Mar-2010,0.110875
07-Mar-2010,0.12275
08-Mar-2010,0.0765416666666667
09-Mar-2010,0.0381666666666667
10-Mar-2010,-0.0481666666666667
11-Mar-2010,-0.083625
12-Mar-2010,0.0645416666666666
13-Mar-2010,0.150875
14-Mar-2010,0.079
15-Mar-2010,0.09075
16-Mar-2010,0.13775
17-Mar-2010,0.200458333333333
18-Mar-2010,0.247208333333333
19-Mar-2010,0.269166666666667
20-Mar-2010,0.16375
21-Mar-2010,0.0985416666666667
22-Mar-2010,0.137416666666667
23-Mar-2010,0.039375
24-Mar-2010,-0.0705
25-Mar-2010,-0.00150000000000002
26-Mar-2010,0.0627916666666667
27-Mar-2010,-0.0625416666666667
28-Mar-2010,0.0952916666666667
29-Mar-2010,0.188208333333333
30-Mar-2010,0.113041666666667
31-Mar-2010,0.0661666666666667
01-Apr-2010,0.0990416666666666
02-Apr-2010,0.123208333333333
03-Apr-2010,0.110875
04-Apr-2010,0.110125
05-Apr-2010,0.046125
06-Apr-2010,0.00404166666666666
07-Apr-2010,-0.0233333333333333
08-Apr-2010,-0.0430416666666667
09-Apr-2010,-0.070875
10-Apr-2010,-0.153875
11-Apr-2010,-0.127291666666667
12-Apr-2010,-0.153666666666667
13-Apr-2010,-0.16425
14-Apr-2010,-0.186916666666667
15-Apr-2010,-0.100333333333333
16-Apr-2010,-0.111541666666667
17-Apr-2010,-0.109833333333333
18-Apr-2010,-0.079125
19-Apr-2010,0.0498333333333333
20-Apr-2010,-0.000499999999999996
21-Apr-2010,-0.00604166666666667
22-Apr-2010,-0.047375
23-Apr-2010,-0.0700833333333333
24-Apr-2010,-0.09175
25-Apr-2010,0.0260416666666667
26-Apr-2010,0.0295
27-Apr-2010,-0.0404583333333333
28-Apr-2010,-0.0264166666666666
29-Apr-2010,0.030125
30-Apr-2010,-0.0372916666666667
01-May-2010,-0.0794166666666667
02-May-2010,-0.0869166666666667
03-May-2010,-0.0589583333333333
04-May-2010,-0.157
05-May-2010,-0.163
06-May-2010,-0.0944583333333333
07-May-2010,-0.119125
08-May-2010,-0.0627916666666666
09-May-2010,-0.199041666666667
10-May-2010,-0.205166666666667
11-May-2010,-0.164625
12-May-2010,-0.193083333333333
13-May-2010,-0.227125
14-May-2010,-0.16875
15-May-2010,-0.169458333333333
16-May-2010,-0.160875
17-May-2010,-0.0339583333333333
18-May-2010,0.020375
19-May-2010,0.024125
20-May-2010,0.044125
21-May-2010,0.00425000000000002
22-May-2010,-0.036625
23-May-2010,-0.0661666666666667
24-May-2010,-0.059
25-May-2010,-0.0474583333333333
26-May-2010,0.0225416666666666
27-May-2010,0.125875
28-May-2010,0.0506249999999999
29-May-2010,0.11575
30-May-2010,0.0264166666666666
31-May-2010,-0.0130416666666667
01-Jun-2010,-0.0295
02-Jun-2010,-0.0242916666666666
03-Jun-2010,0.00991666666666667
04-Jun-2010,0.0173333333333333
05-Jun-2010,0.0261666666666667
06-Jun-2010,0.017
07-Jun-2010,-0.0355
08-Jun-2010,0.00608333333333333
09-Jun-2010,-0.043
10-Jun-2010,-0.0646666666666667
11-Jun-2010,-0.0894166666666667
12-Jun-2010,-0.0092916666666666
13-Jun-2010,0.0274583333333333
14-Jun-2010,0.02075
15-Jun-2010,0.0572916666666667
16-Jun-2010,0.07175
17-Jun-2010,0.09325
18-Jun-2010,0.015
19-Jun-2010,0.01875
20-Jun-2010,-0.037
21-Jun-2010,-0.0885416666666667
22-Jun-2010,-0.107333333333333
23-Jun-2010,-0.131125
24-Jun-2010,-0.136833333333333
25-Jun-2010,-0.08375
26-Jun-2010,-0.0862916666666667
27-Jun-2010,-0.031625
28-Jun-2010,-0.00145833333333329
29-Jun-2010,-0.0545416666666667
30-Jun-2010,-0.0864166666666667
01-Jul-2010,-0.0757916666666666
02-Jul-2010,-0.00816666666666668
03-Jul-2010,0.035875
04-Jul-2010,0.00937500000000003
05-Jul-2010,-0.0297083333333333
06-Jul-2010,-0.0617083333333333
07-Jul-2010,-0.0929166666666667
08-Jul-2010,-0.00945833333333334
09-Jul-2010,0.0966666666666666
10-Jul-2010,0.0857916666666667
11-Jul-2010,-0.00149999999999999
12-Jul-2010,0.0499583333333333
13-Jul-2010,0.0528333333333333
14-Jul-2010,0.0341666666666667
15-Jul-2010,0.018375
16-Jul-2010,0.0292916666666667
17-Jul-2010,0.011625
18-Jul-2010,-0.0859166666666667
19-Jul-2010,-0.09725
20-Jul-2010,-0.173041666666667
21-Jul-2010,-0.214125
22-Jul-2010,-0.188083333333333
23-Jul-2010,-0.107291666666667
24-Jul-2010,-0.0962916666666667
25-Jul-2010,-0.068
26-Jul-2010,-0.0593333333333333
27-Jul-2010,0.0209583333333333
28-Jul-2010,0.016625
29-Jul-2010,-0.0338333333333333
30-Jul-2010,-0.063875
31-Jul-2010,0.0646666666666667
01-Aug-2010,0.06
02-Aug-2010,-0.009375
03-Aug-2010,-0.0275
04-Aug-2010,-0.057
05-Aug-2010,-0.0492916666666667
06-Aug-2010,-0.06925
07-Aug-2010,0.00820833333333333
08-Aug-2010,0.0859166666666667
09-Aug-2010,0.128583333333333
10-Aug-2010,0.152166666666667
11-Aug-2010,0.146333333333333
12-Aug-2010,0.139583333333333
13-Aug-2010,0.127375
14-Aug-2010,0.132833333333333
15-Aug-2010,0.134208333333333
16-Aug-2010,0.0829166666666667
17-Aug-2010,-0.000249999999999998
18-Aug-2010,-0.0655833333333334
19-Aug-2010,-0.113666666666667
20-Aug-2010,-0.0294166666666667
21-Aug-2010,0.0250416666666667
22-Aug-2010,0.00487500000000003
23-Aug-2010,-0.000666666666666679
24-Aug-2010,0.047375
25-Aug-2010,0.119
26-Aug-2010,0.189375
27-Aug-2010,0.135416666666667
28-Aug-2010,0.104666666666667
29-Aug-2010,0.088
30-Aug-2010,0.0657916666666667
31-Aug-2010,0.03525
01-Sep-2010,0.0640833333333333
02-Sep-2010,0.052125
03-Sep-2010,0.147166666666667
04-Sep-2010,0.179791666666667
05-Sep-2010,0.12275
06-Sep-2010,0.0885833333333333
07-Sep-2010,0.0440416666666667
08-Sep-2010,0.074125
09-Sep-2010,0.098875
10-Sep-2010,0.213541666666667
11-Sep-2010,0.291
12-Sep-2010,0.235416666666667
13-Sep-2010,0.118875
14-Sep-2010,0.144291666666667
15-Sep-2010,-0.0196666666666667
16-Sep-2010,-0.0314583333333333
17-Sep-2010,-0.08275
18-Sep-2010,-0.164833333333333
19-Sep-2010,-0.0472083333333333
20-Sep-2010,0.0815416666666667
21-Sep-2010,0.078875
22-Sep-2010,0.0818333333333333
23-Sep-2010,0.0701666666666666
24-Sep-2010,0.064
25-Sep-2010,0.146041666666667
26-Sep-2010,0.19925
27-Sep-2010,0.328708333333333
28-Sep-2010,0.3135
29-Sep-2010,0.298583333333333
30-Sep-2010,0.564041666666667
01-Oct-2010,0.351458333333333
02-Oct-2010,0.34125
03-Oct-2010,0.402125
04-Oct-2010,0.351791666666667
05-Oct-2010,0.425916666666667
06-Oct-2010,0.457125
07-Oct-2010,0.422041666666667
08-Oct-2010,0.389583333333333
09-Oct-2010,0.408458333333333
10-Oct-2010,0.386541666666667
11-Oct-2010,0.333125
12-Oct-2010,0.279625
13-Oct-2010,0.194208333333333
14-Oct-2010,0.265708333333333
15-Oct-2010,0.214875
16-Oct-2010,0.105833333333333
17-Oct-2010,0.055875
18-Oct-2010,-0.0118333333333333
19-Oct-2010,0.0404166666666667
20-Oct-2010,0.0341666666666667
21-Oct-2010,0.0794583333333333
22-Oct-2010,0.026625
23-Oct-2010,0.027
24-Oct-2010,0.0324583333333333
25-Oct-2010,-0.022875
26-Oct-2010,0.0147083333333333
27-Oct-2010,-0.02275
28-Oct-2010,-0.0725
29-Oct-2010,-0.157166666666667
30-Oct-2010,-0.00537500000000001
31-Oct-2010,-0.000291666666666632
01-Nov-2010,-0.141833333333333
02-Nov-2010,-0.122958333333333
03-Nov-2010,-0.0183333333333333
04-Nov-2010,0.108458333333333
05-Nov-2010,0.118125
06-Nov-2010,0.0435416666666667
07-Nov-2010,-0.046375
08-Nov-2010,0.096375
09-Nov-2010,0.0905833333333333
10-Nov-2010,0.0832916666666667
11-Nov-2010,0.130833333333333
12-Nov-2010,0.200083333333333
13-Nov-2010,0.271541666666667
14-Nov-2010,0.333833333333333
15-Nov-2010,0.23275
16-Nov-2010,0.185083333333333
17-Nov-2010,0.0787916666666666
18-Nov-2010,-0.0822083333333333
19-Nov-2010,-0.103458333333333
20-Nov-2010,-0.100541666666667
21-Nov-2010,-0.152083333333333
22-Nov-2010,-0.147833333333333
23-Nov-2010,-0.0688333333333334
24-Nov-2010,-0.052
25-Nov-2010,0.101291666666667
26-Nov-2010,0.0719583333333333
27-Nov-2010,-0.072125
28-Nov-2010,-0.02775
29-Nov-2010,-0.0355
30-Nov-2010,0.04425
01-Dec-2010,0.0720416666666667
02-Dec-2010,-0.212375
03-Dec-2010,-0.0690416666666667
04-Dec-2010,-0.01225
05-Dec-2010,-0.0225833333333334
06-Dec-2010,-0.051125
07-Dec-2010,-0.0832916666666666
08-Dec-2010,-0.132541666666667
09-Dec-2010,-0.153833333333333
10-Dec-2010,-0.150208333333333
11-Dec-2010,-0.111958333333333
12-Dec-2010,-0.00979166666666667
13-Dec-2010,-0.200166666666667
14-Dec-2010,-0.335333333333333
15-Dec-2010,-0.233458333333333
16-Dec-2010,-0.101041666666667
17-Dec-2010,-0.227458333333333
18-Dec-2010,-0.200416666666667
19-Dec-2010,-0.1055
20-Dec-2010,-0.0645833333333333
21-Dec-2010,-0.09825
22-Dec-2010,-0.0394166666666667
23-Dec-2010,-0.0187916666666667
24-Dec-2010,0.0350416666666666
25-Dec-2010,0.116458333333333
26-Dec-2010,0.185833333333333
27-Dec-2010,0.00679166666666667
28-Dec-2010,-0.128208333333333
29-Dec-2010,-0.0916666666666667
30-Dec-2010,-0.187333333333333
31-Dec-2010,-0.251916666666667
01-Jan-2011,-0.215458333333333
02-Jan-2011,-0.244166666666667
03-Jan-2011,-0.329833333333333
04-Jan-2011,-0.13175
05-Jan-2011,-0.126083333333333
06-Jan-2011,-0.025375
07-Jan-2011,0.064625
08-Jan-2011,0.0177083333333333
09-Jan-2011,-0.115791666666667
10-Jan-2011,-0.112791666666667
11-Jan-2011,-0.0923333333333334
12-Jan-2011,-0.27075
13-Jan-2011,-0.405916666666667
14-Jan-2011,-0.358125
15-Jan-2011,-0.335333333333333
16-Jan-2011,-0.251541666666667
17-Jan-2011,-0.210791666666667
18-Jan-2011,-0.147791666666667
19-Jan-2011,-0.144875
20-Jan-2011,-0.135041666666667
21-Jan-2011,-0.105958333333333
22-Jan-2011,-0.07075
23-Jan-2011,-0.00350000000000001
24-Jan-2011,-0.127416666666667
25-Jan-2011,-0.171708333333333
26-Jan-2011,-0.0147083333333334
27-Jan-2011,-0.221083333333333
28-Jan-2011,-0.0647083333333333
29-Jan-2011,-0.109208333333333
30-Jan-2011,-0.155291666666667
31-Jan-2011,-0.168708333333333
01-Feb-2011,-0.122125
02-Feb-2011,-0.0357916666666667
03-Feb-2011,-0.29475
04-Feb-2011,-0.185041666666667
05-Feb-2011,0.0187083333333333
06-Feb-2011,-0.112375
07-Feb-2011,-0.09875
08-Feb-2011,-0.0819583333333333
09-Feb-2011,-0.183125
10-Feb-2011,-0.0221666666666667
11-Feb-2011,-0.0375833333333333
12-Feb-2011,-0.0334166666666667
13-Feb-2011,-0.202541666666667
14-Feb-2011,-0.156541666666667
15-Feb-2011,-0.284041666666667
16-Feb-2011,-0.171458333333333
17-Feb-2011,-0.153791666666667
18-Feb-2011,-0.0786666666666666
19-Feb-2011,-0.139875
20-Feb-2011,-0.0694583333333333
21-Feb-2011,0.065375
22-Feb-2011,-0.048125
23-Feb-2011,-0.0621666666666667
24-Feb-2011,0.010125
25-Feb-2011,0.06625
26-Feb-2011,-0.155291666666667
27-Feb-2011,-0.0908333333333334
28-Feb-2011,-0.0677083333333333
01-Mar-2011,-0.138125
02-Mar-2011,0.026
03-Mar-2011,-0.07325
04-Mar-2011,-0.089
05-Mar-2011,-0.0327083333333333
06-Mar-2011,0.041125
07-Mar-2011,-0.136125
08-Mar-2011,-0.000333333333333334
09-Mar-2011,0.0540416666666667
10-Mar-2011,0.195375
11-Mar-2011,-0.033875
12-Mar-2011,-0.0297916666666667
13-Mar-2011,-0.0605833333333333
14-Mar-2011,-0.175125
15-Mar-2011,-0.102958333333333
16-Mar-2011,-0.07275
17-Mar-2011,-0.174041666666667
18-Mar-2011,-0.109708333333333
19-Mar-2011,-0.125666666666667
20-Mar-2011,-0.061875
21-Mar-2011,-0.00229166666666665
22-Mar-2011,-0.05625
23-Mar-2011,0.0405833333333333
24-Mar-2011,0.047125
25-Mar-2011,0.0637083333333333
26-Mar-2011,0.0930833333333333
27-Mar-2011,0.062125
28-Mar-2011,-0.00570833333333332
29-Mar-2011,-0.0639583333333334
30-Mar-2011,-0.090375
31-Mar-2011,-0.0407083333333333
01-Apr-2011,0.0148333333333333
02-Apr-2011,-0.0415416666666667
03-Apr-2011,-0.0787916666666667
04-Apr-2011,-0.0674583333333334
05-Apr-2011,0.0122083333333333
06-Apr-2011,-0.192875
07-Apr-2011,-0.112375
08-Apr-2011,-0.104416666666667
09-Apr-2011,-0.0407916666666667
10-Apr-2011,0.0474166666666666
11-Apr-2011,0.0348333333333333
12-Apr-2011,-0.00783333333333332
13-Apr-2011,-0.09825
14-Apr-2011,-0.097875
15-Apr-2011,-0.0381666666666667
16-Apr-2011,0.128416666666667
17-Apr-2011,0.0367083333333333
18-Apr-2011,-0.0305416666666667
19-Apr-2011,-0.0171666666666667
20-Apr-2011,0.00275000000000001
21-Apr-2011,-0.0525833333333333
22-Apr-2011,-0.0424166666666667
23-Apr-2011,-0.0459583333333333
24-Apr-2011,-0.11925
25-Apr-2011,-0.147458333333333
26-Apr-2011,-0.145833333333333
27-Apr-2011,-0.112541666666667
28-Apr-2011,-0.0497083333333334
29-Apr-2011,-0.182041666666667
30-Apr-2011,-0.155666666666667
01-May-2011,-0.118583333333333
02-May-2011,-0.114541666666667
03-May-2011,-0.0930416666666667
04-May-2011,-0.0741666666666667
05-May-2011,-0.108416666666667
06-May-2011,0.018875
07-May-2011,-0.00137499999999999
08-May-2011,0.010375
09-May-2011,0.03625
10-May-2011,0.0214166666666667
11-May-2011,0.151791666666667
12-May-2011,0.189166666666667
13-May-2011,0.196
14-May-2011,0.208958333333333
15-May-2011,0.185041666666667
16-May-2011,0.165208333333333
17-May-2011,0.159625
18-May-2011,0.108
19-May-2011,0.0709166666666666
20-May-2011,0.062875
21-May-2011,0.0725
22-May-2011,0.0566666666666667
23-May-2011,0.07325
24-May-2011,0.0125
25-May-2011,-0.0149166666666666
26-May-2011,0.0179583333333333
27-May-2011,0.0161666666666667
28-May-2011,-0.048875
29-May-2011,-0.1205
30-May-2011,-0.137625
31-May-2011,-0.156208333333333
01-Jun-2011,-0.120458333333333
02-Jun-2011,-0.0729166666666667
03-Jun-2011,-0.0547083333333334
04-Jun-2011,0.02575
05-Jun-2011,-0.0128333333333333
06-Jun-2011,0.00820833333333334
07-Jun-2011,0.03375
08-Jun-2011,0.000916666666666668
09-Jun-2011,-0.0547083333333333
10-Jun-2011,-0.0964166666666667
11-Jun-2011,-0.0894583333333333
12-Jun-2011,-0.0402916666666667
13-Jun-2011,-0.00741666666666665
14-Jun-2011,0.0289166666666666
15-Jun-2011,0.0612916666666667
16-Jun-2011,0.140083333333333
17-Jun-2011,0.144875
18-Jun-2011,0.139958333333333
19-Jun-2011,0.0885416666666667
20-Jun-2011,0.0720416666666667
21-Jun-2011,0.127958333333333
22-Jun-2011,0.193166666666667
23-Jun-2011,0.106416666666667
24-Jun-2011,0.0187083333333333
25-Jun-2011,-0.0302916666666667
26-Jun-2011,-0.0198333333333333
27-Jun-2011,0.032
28-Jun-2011,-0.00583333333333333
29-Jun-2011,-0.0192083333333334
30-Jun-2011,-0.023625
01-Jul-2011,0.0105
02-Jul-2011,-0.00841666666666669
03-Jul-2011,0.0125
04-Jul-2011,0.0360416666666667
05-Jul-2011,0.0309166666666667
06-Jul-2011,0.0233333333333333
07-Jul-2011,-0.00720833333333331
08-Jul-2011,-0.014
09-Jul-2011,-0.0785
10-Jul-2011,-0.055625
11-Jul-2011,-0.04675
12-Jul-2011,0.00266666666666666
13-Jul-2011,-0.0122916666666667
14-Jul-2011,0.00724999999999997
15-Jul-2011,0.134833333333333
16-Jul-2011,0.180083333333333
17-Jul-2011,0.135791666666667
18-Jul-2011,0.157708333333333
19-Jul-2011,0.17675
20-Jul-2011,0.147208333333333
21-Jul-2011,0.148125
22-Jul-2011,0.114916666666667
23-Jul-2011,0.0440833333333334
24-Jul-2011,-0.00249999999999997
25-Jul-2011,-0.00504166666666666
26-Jul-2011,-4.62592926927149e-18
27-Jul-2011,0.009125
28-Jul-2011,-0.043625
29-Jul-2011,-0.0430833333333333
30-Jul-2011,0.0290416666666667
31-Jul-2011,0.109
01-Aug-2011,0.0937500000000001
02-Aug-2011,0.152708333333333
03-Aug-2011,0.18425
04-Aug-2011,0.127041666666667
05-Aug-2011,0.0375
06-Aug-2011,0.0851666666666667
07-Aug-2011,0.0362083333333333
08-Aug-2011,-0.0176666666666667
09-Aug-2011,0.037375
10-Aug-2011,0.0325833333333333
11-Aug-2011,0.107625
12-Aug-2011,0.159708333333333
13-Aug-2011,0.165791666666667
14-Aug-2011,0.174916666666667
15-Aug-2011,0.185375
16-Aug-2011,0.175208333333333
17-Aug-2011,0.148458333333333
18-Aug-2011,0.16125
19-Aug-2011,0.165708333333333
20-Aug-2011,0.17775
21-Aug-2011,0.170166666666667
22-Aug-2011,0.109208333333333
23-Aug-2011,0.129666666666667
24-Aug-2011,0.1745
25-Aug-2011,0.0750833333333333
26-Aug-2011,0.09325
27-Aug-2011,0.0474583333333334
28-Aug-2011,-0.0100416666666667
29-Aug-2011,0.0437916666666667
30-Aug-2011,0.029625
31-Aug-2011,0.0717916666666666
01-Sep-2011,0.136541666666667
02-Sep-2011,0.194125
03-Sep-2011,0.198375
04-Sep-2011,0.208083333333333
05-Sep-2011,0.196291666666667
06-Sep-2011,0.229833333333333
07-Sep-2011,0.120708333333333
08-Sep-2011,0.0934583333333333
09-Sep-2011,0.0669583333333333
10-Sep-2011,0.0509166666666667
11-Sep-2011,0.060625
12-Sep-2011,0.09375
13-Sep-2011,0.137
14-Sep-2011,0.159833333333333
15-Sep-2011,0.19425
16-Sep-2011,0.13375
17-Sep-2011,0.18925
18-Sep-2011,0.144333333333333
19-Sep-2011,0.166291666666667
20-Sep-2011,0.228166666666667
21-Sep-2011,0.139958333333333
22-Sep-2011,0.0840416666666667
23-Sep-2011,0.0925833333333333
24-Sep-2011,-0.00883333333333333
25-Sep-2011,0.039
26-Sep-2011,0.113833333333333
27-Sep-2011,0.124166666666667
28-Sep-2011,0.160833333333333
29-Sep-2011,0.176541666666667
30-Sep-2011,0.1985
01-Oct-2011,0.149708333333333
02-Oct-2011,0.098875
03-Oct-2011,0.0275
04-Oct-2011,-0.0584583333333333
05-Oct-2011,-0.00954166666666665
06-Oct-2011,-0.012125
07-Oct-2011,0.0314583333333333
08-Oct-2011,-0.0422083333333333
09-Oct-2011,-0.00954166666666668
10-Oct-2011,0.0875416666666667
11-Oct-2011,0.205333333333333
12-Oct-2011,0.276916666666667
13-Oct-2011,0.266583333333333
14-Oct-2011,0.26175
15-Oct-2011,0.127041666666667
16-Oct-2011,0.08225
17-Oct-2011,0.102791666666667
18-Oct-2011,0.0981666666666666
19-Oct-2011,0.2465
20-Oct-2011,0.0185833333333333
21-Oct-2011,-0.146416666666667
22-Oct-2011,-0.119
23-Oct-2011,-0.03575
24-Oct-2011,0.026625
25-Oct-2011,0.0108333333333333
26-Oct-2011,0.0677916666666667
27-Oct-2011,0.0612083333333334
28-Oct-2011,-0.0370416666666667
29-Oct-2011,0.11025
30-Oct-2011,0.0627916666666667
31-Oct-2011,0.161041666666667
01-Nov-2011,0.0590416666666667
02-Nov-2011,0.0994166666666667
03-Nov-2011,0.133791666666667
04-Nov-2011,0.157458333333333
05-Nov-2011,-0.0414583333333333
06-Nov-2011,0.152875
07-Nov-2011,0.159208333333333
08-Nov-2011,0.0996666666666666
09-Nov-2011,0.0464583333333333
10-Nov-2011,0.0822916666666667
11-Nov-2011,-0.0231666666666667
12-Nov-2011,0.0384166666666667
13-Nov-2011,-0.0618333333333333
14-Nov-2011,-0.108416666666667
15-Nov-2011,-0.122833333333333
16-Nov-2011,-0.0810833333333334
17-Nov-2011,-0.086625
18-Nov-2011,-0.136083333333333
19-Nov-2011,-0.0297916666666667
20-Nov-2011,-0.0987916666666667
21-Nov-2011,-0.12225
22-Nov-2011,-0.106416666666667
23-Nov-2011,-0.01675
24-Nov-2011,-0.11125
25-Nov-2011,0.0465416666666667
26-Nov-2011,0.00662499999999999
27-Nov-2011,-0.0217083333333333
28-Nov-2011,0.0288333333333333
29-Nov-2011,0.0864166666666667
30-Nov-2011,-0.0396666666666667
01-Dec-2011,-0.120375
02-Dec-2011,-0.0625416666666667
03-Dec-2011,-0.102625
04-Dec-2011,-0.0249583333333333
05-Dec-2011,-0.00291666666666668
06-Dec-2011,-0.0156666666666667
07-Dec-2011,0.0295416666666667
08-Dec-2011,-0.0795833333333333
09-Dec-2011,-0.0128333333333333
10-Dec-2011,-0.033125
11-Dec-2011,-0.0567083333333333
12-Dec-2011,0.00562500000000001
13-Dec-2011,-0.00133333333333334
14-Dec-2011,-0.0139166666666667
15-Dec-2011,-0.0205
16-Dec-2011,-0.0782083333333333
17-Dec-2011,-0.125958333333333
18-Dec-2011,-0.0949583333333333
19-Dec-2011,-0.0542916666666666
20-Dec-2011,-0.0565
21-Dec-2011,-0.0828333333333333
22-Dec-2011,-0.145791666666667
23-Dec-2011,-0.140666666666667
24-Dec-2011,-0.204083333333333
25-Dec-2011,-0.10275
26-Dec-2011,-0.07275
27-Dec-2011,0.235041666666667
28-Dec-2011,-0.0360833333333334
29-Dec-2011,-0.083375
30-Dec-2011,-0.091
31-Dec-2011,-0.188625
01-Jan-2012,-0.235416666666667
02-Jan-2012,-0.254333333333333
03-Jan-2012,-0.321833333333333
04-Jan-2012,-0.22
05-Jan-2012,-0.150291666666667
06-Jan-2012,-0.110791666666667
07-Jan-2012,-0.178875
08-Jan-2012,-0.220541666666667
09-Jan-2012,-0.1605
10-Jan-2012,-0.0667916666666667
11-Jan-2012,0.07025
12-Jan-2012,0.0680833333333333
13-Jan-2012,-0.0190416666666667
14-Jan-2012,-0.217625
15-Jan-2012,-0.233291666666667
16-Jan-2012,-0.195666666666667
17-Jan-2012,-0.193333333333333
18-Jan-2012,-0.219458333333333
19-Jan-2012,-0.115416666666667
20-Jan-2012,-0.0783333333333333
21-Jan-2012,-0.0980833333333333
22-Jan-2012,-0.156208333333333
23-Jan-2012,0.0332083333333333
24-Jan-2012,0.037625
25-Jan-2012,-0.037
26-Jan-2012,-0.013875
27-Jan-2012,0.0532083333333333
28-Jan-2012,-0.151416666666667
29-Jan-2012,-0.182125
30-Jan-2012,-0.17875
31-Jan-2012,-0.265375
01-Feb-2012,-0.277958333333333
02-Feb-2012,-0.3185
03-Feb-2012,-0.289958333333333
04-Feb-2012,-0.160916666666667
05-Feb-2012,-0.0982916666666667
06-Feb-2012,-0.0654166666666667
07-Feb-2012,0.042875
08-Feb-2012,0.0484166666666667
09-Feb-2012,-0.0146666666666667
10-Feb-2012,0.0975
11-Feb-2012,0.0947083333333334
12-Feb-2012,-0.222458333333333
13-Feb-2012,-0.00537499999999998
14-Feb-2012,0.0475833333333333
15-Feb-2012,-0.0409583333333333
16-Feb-2012,-0.0482083333333333
17-Feb-2012,-0.0812916666666667
18-Feb-2012,-0.0369166666666667
19-Feb-2012,-0.00899999999999999
20-Feb-2012,-0.105333333333333
21-Feb-2012,0.0369166666666667
22-Feb-2012,-0.0155
23-Feb-2012,0.0381666666666667
24-Feb-2012,0.0480833333333333
25-Feb-2012,-0.198458333333333
26-Feb-2012,-0.236958333333333
27-Feb-2012,-0.168583333333333
28-Feb-2012,-0.271416666666667
29-Feb-2012,-0.112
01-Mar-2012,-0.104083333333333
02-Mar-2012,-0.142708333333333
03-Mar-2012,0.011125
04-Mar-2012,0.00795833333333334
05-Mar-2012,0.0500833333333333
06-Mar-2012,-0.167291666666667
07-Mar-2012,-0.115666666666667
08-Mar-2012,-0.0665
09-Mar-2012,-0.0765
10-Mar-2012,-0.044875
11-Mar-2012,-0.032125
12-Mar-2012,-0.032125
13-Mar-2012,-0.0288333333333333
14-Mar-2012,-0.086
15-Mar-2012,-0.116666666666667
16-Mar-2012,-0.138708333333333
17-Mar-2012,-0.1145
18-Mar-2012,-0.0938333333333333
19-Mar-2012,-0.0815833333333333
20-Mar-2012,-0.0881666666666667
21-Mar-2012,-0.121458333333333
22-Mar-2012,-0.112166666666667
23-Mar-2012,-0.0750416666666667
24-Mar-2012,-0.00899999999999999
25-Mar-2012,0.037
26-Mar-2012,-0.0187916666666667
27-Mar-2012,0.07275
28-Mar-2012,0.0754583333333334
29-Mar-2012,-0.01975
30-Mar-2012,0.0285
31-Mar-2012,0.0989583333333334
01-Apr-2012,0.115958333333333
02-Apr-2012,0.195083333333333
03-Apr-2012,0.164583333333333
04-Apr-2012,0.155875
05-Apr-2012,0.130166666666667
06-Apr-2012,0.153833333333333
07-Apr-2012,0.210625
08-Apr-2012,0.125
09-Apr-2012,0.114708333333333
10-Apr-2012,0.200541666666667
11-Apr-2012,0.129791666666667
12-Apr-2012,0.039625
13-Apr-2012,0.0241666666666667
14-Apr-2012,-0.0626666666666667
15-Apr-2012,-0.102708333333333
16-Apr-2012,-0.148791666666667
17-Apr-2012,-0.130458333333333
18-Apr-2012,-0.054
19-Apr-2012,0.022
20-Apr-2012,0.087625
21-Apr-2012,0.133416666666667
22-Apr-2012,0.16075
23-Apr-2012,0.07375
24-Apr-2012,0.0734166666666666
25-Apr-2012,0.0359166666666667
26-Apr-2012,0.125083333333333
27-Apr-2012,-0.0160416666666667
28-Apr-2012,0.01625
29-Apr-2012,-0.0107916666666667
30-Apr-2012,-0.0694166666666667
01-May-2012,-0.123583333333333
02-May-2012,-0.145625
03-May-2012,-0.1285
04-May-2012,-0.0242916666666667
05-May-2012,0.047625
06-May-2012,0.087625
07-May-2012,0.186875
08-May-2012,0.215541666666667
09-May-2012,0.153416666666667
10-May-2012,0.0977916666666667
11-May-2012,0.0806666666666667
12-May-2012,0.000124999999999992
13-May-2012,-0.0485
14-May-2012,-0.0326666666666666
15-May-2012,0.00333333333333334
16-May-2012,0.00633333333333334
17-May-2012,-0.0366666666666666
18-May-2012,-0.016125
19-May-2012,0.105
20-May-2012,0.159125
21-May-2012,0.132666666666667
22-May-2012,0.165166666666667
23-May-2012,0.119041666666667
24-May-2012,0.0768333333333334
25-May-2012,0.0255416666666667
26-May-2012,0.0425
27-May-2012,0.106041666666667
28-May-2012,0.0797083333333333
29-May-2012,0.0480416666666667
30-May-2012,0.06825
31-May-2012,0.044875
01-Jun-2012,0.15275
02-Jun-2012,0.162416666666667
03-Jun-2012,0.142625
04-Jun-2012,0.211458333333333
05-Jun-2012,0.2585
06-Jun-2012,0.334958333333333
07-Jun-2012,0.341791666666667
08-Jun-2012,0.261208333333333
09-Jun-2012,0.1815
10-Jun-2012,0.120375
11-Jun-2012,0.104333333333333
12-Jun-2012,0.162333333333333
13-Jun-2012,0.110291666666667
14-Jun-2012,0.1285
15-Jun-2012,0.2215
16-Jun-2012,0.242
17-Jun-2012,0.232333333333333
18-Jun-2012,0.257416666666667
19-Jun-2012,0.198708333333333
20-Jun-2012,0.133708333333333
21-Jun-2012,0.0961666666666667
22-Jun-2012,0.0977083333333333
23-Jun-2012,0.123041666666667
24-Jun-2012,0.145125
25-Jun-2012,0.180958333333333
26-Jun-2012,0.12175
27-Jun-2012,0.25175
28-Jun-2012,0.178708333333333
29-Jun-2012,0.0609583333333333
30-Jun-2012,0.00295833333333333
01-Jul-2012,0.0434583333333333
02-Jul-2012,-0.0229583333333333
03-Jul-2012,0.0384166666666667
04-Jul-2012,0.0579166666666667
05-Jul-2012,0.0695416666666667
06-Jul-2012,0.105666666666667
07-Jul-2012,0.0870416666666667
08-Jul-2012,0.11175
09-Jul-2012,0.103916666666667
10-Jul-2012,0.039125
11-Jul-2012,0.00370833333333333
12-Jul-2012,0.0390833333333333
13-Jul-2012,0.060375
14-Jul-2012,0.0527916666666667
15-Jul-2012,0.0495833333333333
16-Jul-2012,0.0245
17-Jul-2012,-0.0132083333333333
18-Jul-2012,-0.02875
19-Jul-2012,-0.0306666666666667
20-Jul-2012,-0.0195416666666667
21-Jul-2012,0.0225416666666667
22-Jul-2012,0.158416666666667
23-Jul-2012,0.211791666666667
24-Jul-2012,0.175208333333333
25-Jul-2012,0.115916666666667
26-Jul-2012,0.173
27-Jul-2012,0.115125
28-Jul-2012,0.0379166666666667
29-Jul-2012,0.00999999999999996
30-Jul-2012,0.073875
31-Jul-2012,0.129041666666667
01-Aug-2012,0.18875
02-Aug-2012,0.175375
03-Aug-2012,0.147
04-Aug-2012,0.141333333333333
05-Aug-2012,0.0754166666666667
06-Aug-2012,0.03125
07-Aug-2012,0.0804166666666667
08-Aug-2012,0.157125
09-Aug-2012,0.0875416666666666
10-Aug-2012,0.044375
11-Aug-2012,0.0207083333333333
12-Aug-2012,-0.0176666666666667
13-Aug-2012,-0.0300833333333334
14-Aug-2012,-0.0125
15-Aug-2012,0.01475
16-Aug-2012,0.00504166666666667
17-Aug-2012,0.101333333333333
18-Aug-2012,0.14325
19-Aug-2012,0.241458333333333
20-Aug-2012,0.281958333333333
21-Aug-2012,0.274125
22-Aug-2012,0.233625
23-Aug-2012,0.183416666666667
24-Aug-2012,0.163375
25-Aug-2012,0.170166666666667
26-Aug-2012,0.123791666666667
27-Aug-2012,0.165083333333333
28-Aug-2012,0.192708333333333
29-Aug-2012,0.19475
30-Aug-2012,0.272791666666667
31-Aug-2012,0.284
01-Sep-2012,0.265458333333333
02-Sep-2012,0.218625
03-Sep-2012,0.204375
04-Sep-2012,0.222041666666667
05-Sep-2012,0.238958333333333
06-Sep-2012,0.199916666666667
07-Sep-2012,0.157458333333333
08-Sep-2012,0.169708333333333
09-Sep-2012,0.0349583333333333
10-Sep-2012,0.06625
11-Sep-2012,0.0571666666666667
12-Sep-2012,0.062625
13-Sep-2012,0.0660833333333333
14-Sep-2012,0.151958333333333
15-Sep-2012,0.171625
16-Sep-2012,0.164958333333333
17-Sep-2012,0.189833333333333
18-Sep-2012,0.303041666666667
19-Sep-2012,0.0734583333333334
20-Sep-2012,0.0433333333333333
21-Sep-2012,0.153416666666667
22-Sep-2012,0.150291666666667
23-Sep-2012,0.0594166666666667
24-Sep-2012,-0.0144583333333333
25-Sep-2012,0.012625
26-Sep-2012,-0.0455833333333333
27-Sep-2012,-0.0949583333333333
28-Sep-2012,-0.0754583333333333
29-Sep-2012,-0.0379166666666666
30-Sep-2012,0.0110833333333333
01-Oct-2012,0.0645416666666667
02-Oct-2012,0.128458333333333
03-Oct-2012,0.03825
04-Oct-2012,-0.021125
05-Oct-2012,-0.02
06-Oct-2012,0.0388333333333333
07-Oct-2012,0.0534166666666666
08-Oct-2012,0.0411666666666667
09-Oct-2012,0.0865
10-Oct-2012,0.099625
11-Oct-2012,0.0176666666666667
12-Oct-2012,0.108083333333333
13-Oct-2012,0.0599583333333334
14-Oct-2012,0.0945
15-Oct-2012,0.107
16-Oct-2012,0.0407916666666666
17-Oct-2012,0.115333333333333
18-Oct-2012,0.154583333333333
19-Oct-2012,0.182333333333333
20-Oct-2012,0.149083333333333
21-Oct-2012,0.027625
22-Oct-2012,0.00499999999999998
23-Oct-2012,-0.02225
24-Oct-2012,-0.0959166666666667
25-Oct-2012,-0.0649583333333333
26-Oct-2012,0.0404583333333334
27-Oct-2012,0.153
28-Oct-2012,0.2635
29-Oct-2012,0.375833333333333
30-Oct-2012,0.427041666666667
31-Oct-2012,0.257041666666667
01-Nov-2012,0.138333333333333
02-Nov-2012,0.10125
03-Nov-2012,0.058625
04-Nov-2012,0.147833333333333
05-Nov-2012,0.128125
06-Nov-2012,0.201625
07-Nov-2012,0.193666666666667
08-Nov-2012,0.263541666666667
09-Nov-2012,0.230333333333333
10-Nov-2012,0.188416666666667
11-Nov-2012,-0.0117083333333333
12-Nov-2012,-0.033875
13-Nov-2012,-0.0126666666666667
14-Nov-2012,0.05825
15-Nov-2012,0.192541666666667
16-Nov-2012,0.196458333333333
17-Nov-2012,0.169416666666667
18-Nov-2012,0.150583333333333
19-Nov-2012,0.121333333333333
20-Nov-2012,0.207416666666667
21-Nov-2012,0.24075
22-Nov-2012,0.176041666666667
23-Nov-2012,0.251833333333333
24-Nov-2012,0.148541666666667
25-Nov-2012,0.0922083333333333
26-Nov-2012,0.0313333333333333
27-Nov-2012,-0.0364583333333333
28-Nov-2012,-0.0991666666666667
29-Nov-2012,-0.0283333333333333
30-Nov-2012,-0.0429166666666667
01-Dec-2012,-0.0502083333333333
02-Dec-2012,-0.083375
03-Dec-2012,-0.030875
04-Dec-2012,-0.02
05-Dec-2012,-0.0624583333333334
06-Dec-2012,-0.0533333333333333
07-Dec-2012,0.0672083333333333
08-Dec-2012,-0.00733333333333335
09-Dec-2012,-0.0235833333333333
10-Dec-2012,-0.027
11-Dec-2012,0.0005
12-Dec-2012,-0.04525
13-Dec-2012,0.0185833333333333
14-Dec-2012,0.145541666666667
15-Dec-2012,0.157625
16-Dec-2012,0.126625
17-Dec-2012,0.135375
18-Dec-2012,0.187166666666667
19-Dec-2012,0.0185416666666667
20-Dec-2012,0.036625
21-Dec-2012,0.079375
22-Dec-2012,-0.169333333333333
23-Dec-2012,-0.0229583333333334
24-Dec-2012,-0.033625
25-Dec-2012,-0.0356666666666667
26-Dec-2012,0.113583333333333
27-Dec-2012,-0.0439166666666667
28-Dec-2012,-0.0450416666666667
29-Dec-2012,0.106541666666667
30-Dec-2012,-0.140875
31-Dec-2012,-0.0499583333333333
01-Jan-2013,-0.071375
02-Jan-2013,-0.0879583333333333
03-Jan-2013,0.04175
04-Jan-2013,0.00466666666666668
05-Jan-2013,-0.12275
06-Jan-2013,-0.111916666666667
07-Jan-2013,-0.11575
08-Jan-2013,-0.0289583333333333
09-Jan-2013,-0.0660833333333333
10-Jan-2013,-0.115583333333333
11-Jan-2013,-0.0526666666666667
12-Jan-2013,-0.0550416666666666
13-Jan-2013,0.0124583333333334
14-Jan-2013,0.0543333333333334
15-Jan-2013,-0.000625000000000005
16-Jan-2013,0.0569166666666667
17-Jan-2013,0.055375
18-Jan-2013,-0.0415
19-Jan-2013,0.0292083333333333
20-Jan-2013,-0.00991666666666666
21-Jan-2013,-0.0613333333333333
22-Jan-2013,-0.157708333333333
23-Jan-2013,-0.117583333333333
24-Jan-2013,-0.1245
25-Jan-2013,-0.0942916666666667
26-Jan-2013,-0.0524583333333333
27-Jan-2013,-0.10975
28-Jan-2013,-0.0515833333333333
29-Jan-2013,-0.028875
30-Jan-2013,0.0824166666666667
31-Jan-2013,0.124166666666667
01-Feb-2013,-0.147125
02-Feb-2013,-0.118333333333333
03-Feb-2013,-0.0113333333333333
04-Feb-2013,-0.0770833333333333
05-Feb-2013,-0.0482916666666666
06-Feb-2013,-0.106416666666667
07-Feb-2013,-0.138708333333333
08-Feb-2013,-0.031125
09-Feb-2013,-0.0732083333333333
10-Feb-2013,0.108041666666667
11-Feb-2013,0.181416666666667
12-Feb-2013,0.028875
13-Feb-2013,0.0315833333333333
14-Feb-2013,-0.104916666666667
15-Feb-2013,-0.0207083333333333
16-Feb-2013,0.03725
17-Feb-2013,-0.170916666666667
18-Feb-2013,-0.132791666666667
19-Feb-2013,-0.102708333333333
20-Feb-2013,-0.234708333333333
21-Feb-2013,-0.268125
22-Feb-2013,-0.251166666666667
23-Feb-2013,-0.157
24-Feb-2013,-0.175708333333333
25-Feb-2013,-0.106375
26-Feb-2013,0.17775
27-Feb-2013,0.164125
28-Feb-2013,0.150041666666667
01-Mar-2013,0.0739166666666667
02-Mar-2013,0.119625
03-Mar-2013,0.0909166666666666
04-Mar-2013,0.0396666666666667
05-Mar-2013,0.0399166666666666
06-Mar-2013,-0.0150416666666667
07-Mar-2013,-0.186333333333333
08-Mar-2013,0.0585
09-Mar-2013,0.132208333333333
10-Mar-2013,0.228041666666667
11-Mar-2013,0.211
12-Mar-2013,0.275333333333333
13-Mar-2013,0.137708333333333
14-Mar-2013,0.0484166666666667
15-Mar-2013,0.0140416666666667
16-Mar-2013,0.0428333333333333
17-Mar-2013,-0.0457083333333334
18-Mar-2013,0.0185
19-Mar-2013,0.0757083333333333
20-Mar-2013,0.024125
21-Mar-2013,0.0371666666666667
22-Mar-2013,-0.0797916666666667
23-Mar-2013,-0.08025
24-Mar-2013,0.04475
25-Mar-2013,-0.0107083333333334
26-Mar-2013,-0.156
27-Mar-2013,-0.132125
28-Mar-2013,-0.0620416666666667
29-Mar-2013,-0.02675
30-Mar-2013,-0.0192083333333333
31-Mar-2013,0.0247916666666667
01-Apr-2013,-0.0126666666666666
02-Apr-2013,-0.0435833333333333
03-Apr-2013,-0.057125
04-Apr-2013,-0.0585416666666667
05-Apr-2013,-0.0672083333333334
06-Apr-2013,-0.1095
07-Apr-2013,-0.0589583333333333
08-Apr-2013,-0.0956666666666667
09-Apr-2013,-0.0919583333333333
10-Apr-2013,-0.0535833333333333
11-Apr-2013,0.00662500000000003
12-Apr-2013,0.102291666666667
13-Apr-2013,0.00779166666666669
14-Apr-2013,0.0510833333333333
15-Apr-2013,0.144583333333333
16-Apr-2013,0.0622916666666667
17-Apr-2013,-0.0187083333333333
18-Apr-2013,-0.02075
19-Apr-2013,-0.00508333333333336
20-Apr-2013,-0.155041666666667
21-Apr-2013,-0.174583333333333
22-Apr-2013,-0.0947083333333333
23-Apr-2013,-0.0373333333333333
24-Apr-2013,0.0997083333333334
25-Apr-2013,0.042625
26-Apr-2013,0.0188333333333334
27-Apr-2013,-0.018875
28-Apr-2013,0.01675
29-Apr-2013,0.0854166666666666
30-Apr-2013,0.038625
01-May-2013,0.0771666666666667
02-May-2013,0.0684583333333333
03-May-2013,0.104083333333333
04-May-2013,0.115916666666667
05-May-2013,0.178958333333333
06-May-2013,0.29025
07-May-2013,0.173083333333333
08-May-2013,0.114958333333333
09-May-2013,0.0565
10-May-2013,0.0614583333333333
11-May-2013,0.0913333333333334
12-May-2013,0.0588333333333333
13-May-2013,0.0137916666666667
14-May-2013,0.0472083333333333
15-May-2013,0.0264166666666667
16-May-2013,-0.0765833333333333
17-May-2013,-0.0839166666666667
18-May-2013,-0.047875
19-May-2013,-0.0365
20-May-2013,-0.0600416666666666
21-May-2013,-0.0582916666666667
22-May-2013,-0.00383333333333333
23-May-2013,0.052875
24-May-2013,0.034625
25-May-2013,0.0195416666666667
26-May-2013,0.132166666666667
27-May-2013,0.111416666666667
28-May-2013,0.106291666666667
29-May-2013,0.102708333333333
30-May-2013,0.06375
31-May-2013,-0.000375000000000021
01-Jun-2013,-0.0166666666666667
02-Jun-2013,-0.0388333333333333
03-Jun-2013,-0.052375
04-Jun-2013,-0.157833333333333
05-Jun-2013,-0.06875
06-Jun-2013,0.0268333333333334
07-Jun-2013,0.229875
08-Jun-2013,-0.0262916666666667
09-Jun-2013,-0.0590416666666667
10-Jun-2013,0.0634166666666667
11-Jun-2013,0.0344583333333333
12-Jun-2013,0.0197916666666667
13-Jun-2013,0.138875
14-Jun-2013,0.0749166666666667
15-Jun-2013,0.189125
16-Jun-2013,0.183208333333333
17-Jun-2013,0.139791666666667
18-Jun-2013,0.126125
19-Jun-2013,0.0788333333333333
20-Jun-2013,0.0846666666666667
21-Jun-2013,0.120666666666667
22-Jun-2013,0.138208333333333
23-Jun-2013,0.135041666666667
24-Jun-2013,0.155208333333333
25-Jun-2013,0.156625
26-Jun-2013,0.167166666666667
27-Jun-2013,0.180541666666667
28-Jun-2013,0.184208333333333
29-Jun-2013,0.162125
30-Jun-2013,0.101708333333333
01-Jul-2013,0.144625
02-Jul-2013,0.0414583333333333
03-Jul-2013,0.0153333333333333
04-Jul-2013,0.0419166666666667
05-Jul-2013,0.0651666666666667
06-Jul-2013,0.079375
07-Jul-2013,0.103833333333333
08-Jul-2013,0.105833333333333
09-Jul-2013,0.137125
10-Jul-2013,0.171958333333333
11-Jul-2013,0.170875
12-Jul-2013,0.189625
13-Jul-2013,0.220125
14-Jul-2013,0.158458333333333
15-Jul-2013,0.167
16-Jul-2013,0.172583333333333
17-Jul-2013,0.152291666666667
18-Jul-2013,0.17575
19-Jul-2013,0.152458333333333
20-Jul-2013,0.156
21-Jul-2013,0.19275
22-Jul-2013,0.210375
23-Jul-2013,0.209083333333333
24-Jul-2013,0.246208333333333
25-Jul-2013,0.227166666666667
26-Jul-2013,0.191833333333333
27-Jul-2013,0.244458333333333
28-Jul-2013,0.21025
29-Jul-2013,0.0865833333333333
30-Jul-2013,-0.0367083333333333
31-Jul-2013,0.0077083333333333
01-Aug-2013,0.0674166666666667
02-Aug-2013,0.0411666666666667
03-Aug-2013,0.0935
04-Aug-2013,0.115625
05-Aug-2013,0.149625
06-Aug-2013,0.149791666666667
07-Aug-2013,0.117375
08-Aug-2013,0.0907916666666667
09-Aug-2013,0.12
10-Aug-2013,0.129833333333333
11-Aug-2013,0.06925
12-Aug-2013,0.101666666666667
13-Aug-2013,0.137958333333333
14-Aug-2013,0.0712916666666667
15-Aug-2013,0.10025
16-Aug-2013,0.0938333333333333
17-Aug-2013,0.124083333333333
18-Aug-2013,0.115041666666667
19-Aug-2013,0.15225
20-Aug-2013,0.172916666666667
21-Aug-2013,0.16925
22-Aug-2013,0.176416666666667
23-Aug-2013,0.175416666666667
24-Aug-2013,0.188708333333333
25-Aug-2013,0.311958333333333
26-Aug-2013,0.295208333333333
27-Aug-2013,0.181541666666667
28-Aug-2013,0.0712916666666667
29-Aug-2013,0.00233333333333331
30-Aug-2013,0.0795833333333333
31-Aug-2013,0.141416666666667
01-Sep-2013,0.0949166666666666
02-Sep-2013,0.020375
03-Sep-2013,-0.00120833333333333
04-Sep-2013,-0.00387500000000002
05-Sep-2013,0.071125
06-Sep-2013,0.0544166666666666
07-Sep-2013,0.116625
08-Sep-2013,0.178833333333333
09-Sep-2013,0.101583333333333
10-Sep-2013,0.070625
11-Sep-2013,0.0809583333333333
12-Sep-2013,0.0699583333333333
13-Sep-2013,0.0845833333333333
14-Sep-2013,0.0514166666666667
15-Sep-2013,0.0422083333333333
16-Sep-2013,0.023375
17-Sep-2013,-0.00570833333333335
18-Sep-2013,0.133666666666667
19-Sep-2013,0.224041666666667
20-Sep-2013,0.227916666666667
21-Sep-2013,0.235333333333333
22-Sep-2013,0.303708333333333
23-Sep-2013,0.218166666666667
24-Sep-2013,0.200333333333333
25-Sep-2013,0.141916666666667
26-Sep-2013,0.117916666666667
27-Sep-2013,0.081625
28-Sep-2013,0.105625
29-Sep-2013,0.142916666666667
30-Sep-2013,0.115375
01-Oct-2013,0.086625
02-Oct-2013,0.0572083333333333
03-Oct-2013,0.0367916666666667
04-Oct-2013,0.0619583333333333
05-Oct-2013,0.044375
06-Oct-2013,0.112833333333333
07-Oct-2013,0.208416666666667
08-Oct-2013,0.132833333333333
09-Oct-2013,0.211916666666667
10-Oct-2013,0.260791666666667
11-Oct-2013,0.2975
12-Oct-2013,0.260625
13-Oct-2013,0.189708333333333
14-Oct-2013,0.195458333333333
15-Oct-2013,0.316333333333333
16-Oct-2013,0.326458333333333
17-Oct-2013,0.270583333333333
18-Oct-2013,0.201083333333333
19-Oct-2013,0.1785
20-Oct-2013,0.1465
21-Oct-2013,0.193
22-Oct-2013,0.181416666666667
23-Oct-2013,0.189041666666667
24-Oct-2013,0.0535416666666667
25-Oct-2013,0.0612916666666667
26-Oct-2013,0.045
27-Oct-2013,0.0140833333333333
28-Oct-2013,-0.0269166666666667
29-Oct-2013,-0.0525
30-Oct-2013,-0.01075
31-Oct-2013,0.0128333333333333
01-Nov-2013,0.044125
02-Nov-2013,0.000875000000000002
03-Nov-2013,-0.0862083333333333
04-Nov-2013,-0.0408333333333333
05-Nov-2013,0.0274166666666667
06-Nov-2013,0.115458333333333
07-Nov-2013,0.148041666666667
08-Nov-2013,-0.0320833333333333
09-Nov-2013,0.0638333333333333
10-Nov-2013,0.0487083333333333
11-Nov-2013,-0.09075
12-Nov-2013,-0.024625
13-Nov-2013,-0.237083333333333
14-Nov-2013,-0.0535833333333333
15-Nov-2013,-0.0928333333333333
16-Nov-2013,-0.123333333333333
17-Nov-2013,-0.117291666666667
18-Nov-2013,-0.017875
19-Nov-2013,-0.0156666666666667
20-Nov-2013,0.092875
21-Nov-2013,0.102541666666667
22-Nov-2013,0.0698333333333333
23-Nov-2013,0.0513333333333333
24-Nov-2013,0.00395833333333333
25-Nov-2013,0.065625
26-Nov-2013,0.129
27-Nov-2013,0.133583333333333
28-Nov-2013,-0.173375
29-Nov-2013,-0.09275
30-Nov-2013,-0.071625
01-Dec-2013,-0.0443333333333333
02-Dec-2013,0.0505833333333333
03-Dec-2013,0.13525
04-Dec-2013,0.1505
05-Dec-2013,0.128083333333333
06-Dec-2013,0.0986666666666667
07-Dec-2013,-0.0420416666666667
08-Dec-2013,0.0228333333333334
09-Dec-2013,0.1795
10-Dec-2013,0.118583333333333
11-Dec-2013,-0.00716666666666664
12-Dec-2013,0.027
13-Dec-2013,0.0334583333333333
14-Dec-2013,0.01925
15-Dec-2013,-0.000666666666666653
16-Dec-2013,-0.117583333333333
17-Dec-2013,-0.0339166666666667
18-Dec-2013,-0.134
19-Dec-2013,-0.0317916666666667
20-Dec-2013,-0.062375
21-Dec-2013,-0.090625
22-Dec-2013,-0.118791666666667
23-Dec-2013,-0.117041666666667
24-Dec-2013,-0.190833333333333
25-Dec-2013,-0.134333333333333
26-Dec-2013,0.0150833333333333
27-Dec-2013,-0.0114166666666667
28-Dec-2013,-0.00554166666666665
29-Dec-2013,0.112708333333333
30-Dec-2013,-0.0351666666666667
31-Dec-2013,-0.0155833333333333
01-Jan-2014,-0.0136666666666667
02-Jan-2014,0.0867083333333333
03-Jan-2014,-0.0186666666666666
04-Jan-2014,0.0865833333333333
05-Jan-2014,0.301625
06-Jan-2014,0.338041666666667
07-Jan-2014,-0.00500000000000001
08-Jan-2014,0.0229583333333333
09-Jan-2014,-0.0348333333333334
10-Jan-2014,-0.0107083333333333
11-Jan-2014,0.041375
12-Jan-2014,-0.114625
13-Jan-2014,-0.0335416666666667
14-Jan-2014,0.082875
15-Jan-2014,0.0355833333333333
16-Jan-2014,0.0863333333333334
17-Jan-2014,0.149916666666667
18-Jan-2014,0.0535833333333334
19-Jan-2014,0.0857083333333333
20-Jan-2014,0.097125
21-Jan-2014,0.108583333333333
22-Jan-2014,-0.017375
23-Jan-2014,0.163833333333333
24-Jan-2014,0.0420833333333333
25-Jan-2014,0.129041666666667
26-Jan-2014,-0.0466666666666667
27-Jan-2014,-0.06875
28-Jan-2014,-0.117
29-Jan-2014,-0.0651666666666667
30-Jan-2014,-0.0285416666666666
31-Jan-2014,0.0589166666666667
01-Feb-2014,0.035375
02-Feb-2014,0.034375
03-Feb-2014,0.0326666666666667
04-Feb-2014,-0.0193333333333333
05-Feb-2014,0.152041666666667
06-Feb-2014,-0.0165
07-Feb-2014,0.0646666666666667
08-Feb-2014,0.069875
09-Feb-2014,0.0934166666666667
10-Feb-2014,0.00600000000000001
11-Feb-2014,-0.00229166666666667
12-Feb-2014,0.06025
13-Feb-2014,0.276208333333333
14-Feb-2014,0.1115
15-Feb-2014,0.169625
16-Feb-2014,0.0524166666666667
17-Feb-2014,0.0227083333333333
18-Feb-2014,0.100833333333333
19-Feb-2014,0.09925
20-Feb-2014,0.00266666666666668
21-Feb-2014,0.0846666666666666
22-Feb-2014,-0.0131666666666667
23-Feb-2014,0.0545416666666666
24-Feb-2014,0.0747083333333333
25-Feb-2014,0.129375
26-Feb-2014,0.177583333333333
27-Feb-2014,0.306833333333333
28-Feb-2014,0.161333333333333
01-Mar-2014,0.218125
02-Mar-2014,0.1465
03-Mar-2014,0.135791666666667
04-Mar-2014,0.0535
05-Mar-2014,0.1895
06-Mar-2014,0.082125
07-Mar-2014,0.165875
08-Mar-2014,0.171833333333333
09-Mar-2014,0.114458333333333
10-Mar-2014,0.125
11-Mar-2014,0.112958333333333
12-Mar-2014,0.20775
13-Mar-2014,0.05075
14-Mar-2014,0.0820416666666667
15-Mar-2014,0.0445833333333334
16-Mar-2014,0.0145833333333333
17-Mar-2014,0.160958333333333
18-Mar-2014,0.203958333333333
19-Mar-2014,0.234875
20-Mar-2014,0.222708333333333
21-Mar-2014,0.153708333333333
22-Mar-2014,0.136
23-Mar-2014,0.0893333333333333
24-Mar-2014,0.0902916666666667
25-Mar-2014,0.239
26-Mar-2014,0.025
27-Mar-2014,0.0472916666666666
28-Mar-2014,0.0425416666666667
29-Mar-2014,0.108833333333333
30-Mar-2014,0.097375
31-Mar-2014,-0.0181666666666667
01-Apr-2014,0.145625
02-Apr-2014,0.126416666666667
03-Apr-2014,0.0950833333333334
04-Apr-2014,0.15075
05-Apr-2014,0.13625
06-Apr-2014,0.0734166666666667
07-Apr-2014,0.173
08-Apr-2014,0.1025
09-Apr-2014,0.0216666666666667
10-Apr-2014,-0.0405833333333334
11-Apr-2014,-0.0434583333333333
12-Apr-2014,-0.0487916666666667
13-Apr-2014,-0.0657083333333333
14-Apr-2014,-0.0192916666666667
15-Apr-2014,0.115708333333333
16-Apr-2014,0.00774999999999998
17-Apr-2014,0.134583333333333
18-Apr-2014,0.148083333333333
19-Apr-2014,0.216166666666667
20-Apr-2014,0.188916666666667
21-Apr-2014,0.221083333333333
22-Apr-2014,0.391208333333333
23-Apr-2014,0.286833333333333
24-Apr-2014,0.199666666666667
25-Apr-2014,0.1965
26-Apr-2014,0.165291666666667
27-Apr-2014,0.201708333333333
28-Apr-2014,0.237625
29-Apr-2014,0.235291666666667
30-Apr-2014,0.212708333333333
01-May-2014,0.204125
02-May-2014,0.216041666666667
03-May-2014,0.283
04-May-2014,0.1995
05-May-2014,0.158583333333333
06-May-2014,0.217375
07-May-2014,0.169833333333333
08-May-2014,0.091
09-May-2014,0.0429166666666667
10-May-2014,0.0802083333333333
11-May-2014,0.0889166666666666
12-May-2014,0.0805833333333334
13-May-2014,0.06275
14-May-2014,0.0511666666666666
15-May-2014,0.146125
16-May-2014,0.177541666666667
17-May-2014,0.022875
18-May-2014,0.0989583333333333
19-May-2014,0.0845416666666666
20-May-2014,0.14025
21-May-2014,0.103083333333333
22-May-2014,0.0345
23-May-2014,0.124708333333333
24-May-2014,0.141666666666667
25-May-2014,0.181083333333333
26-May-2014,0.141083333333333
27-May-2014,0.113666666666667
28-May-2014,0.0445
29-May-2014,0.051125
30-May-2014,0.209958333333333
31-May-2014,0.203083333333333
01-Jun-2014,0.154083333333333
02-Jun-2014,0.147583333333333
03-Jun-2014,0.134208333333333
04-Jun-2014,0.079125
05-Jun-2014,0.113416666666667
06-Jun-2014,0.00449999999999999
07-Jun-2014,0.0384583333333333
08-Jun-2014,0.01875
09-Jun-2014,-0.00716666666666666
10-Jun-2014,-0.0360416666666666
11-Jun-2014,-0.051625
12-Jun-2014,0.044125
13-Jun-2014,0.153041666666667
14-Jun-2014,0.148541666666667
15-Jun-2014,0.137166666666667
16-Jun-2014,0.157083333333333
17-Jun-2014,0.116791666666667
18-Jun-2014,0.081375
19-Jun-2014,0.0732083333333333
20-Jun-2014,0.0175833333333333
21-Jun-2014,0.0540416666666667
22-Jun-2014,0.039
23-Jun-2014,0.0857916666666667
24-Jun-2014,0.0957083333333334
25-Jun-2014,0.0828333333333333
26-Jun-2014,0.113916666666667
27-Jun-2014,0.152791666666667
28-Jun-2014,0.142916666666667
29-Jun-2014,0.164458333333333
30-Jun-2014,0.140666666666667
01-Jul-2014,0.130541666666667
02-Jul-2014,0.131541666666667
03-Jul-2014,0.162583333333333
04-Jul-2014,-0.0574583333333333
05-Jul-2014,0.0360833333333333
06-Jul-2014,0.148458333333333
07-Jul-2014,0.0595
08-Jul-2014,0.0302916666666667
09-Jul-2014,0.0325833333333333
10-Jul-2014,0.0465416666666666
11-Jul-2014,0.0255
12-Jul-2014,0.0348333333333333
13-Jul-2014,0.1205
14-Jul-2014,0.161208333333333
15-Jul-2014,0.213625
16-Jul-2014,0.139
17-Jul-2014,0.0794583333333333
18-Jul-2014,0.114666666666667
19-Jul-2014,0.0890416666666666
20-Jul-2014,0.0481666666666667
21-Jul-2014,0.0625833333333333
22-Jul-2014,0.0858333333333333
23-Jul-2014,0.0684166666666667
24-Jul-2014,0.0861666666666667
25-Jul-2014,0.094125
26-Jul-2014,0.127708333333333
27-Jul-2014,0.135083333333333
28-Jul-2014,0.123
29-Jul-2014,0.0819166666666667
30-Jul-2014,0.145583333333333
31-Jul-2014,0.14125
01-Aug-2014,0.15425
02-Aug-2014,0.0984583333333333
03-Aug-2014,0.0602916666666667
04-Aug-2014,0.116083333333333
05-Aug-2014,0.125791666666667
06-Aug-2014,0.159916666666667
07-Aug-2014,0.181208333333333
08-Aug-2014,0.184791666666667
09-Aug-2014,0.204458333333333
10-Aug-2014,0.25425
11-Aug-2014,0.247166666666667
12-Aug-2014,0.283916666666667
13-Aug-2014,0.266833333333333
14-Aug-2014,0.227875
15-Aug-2014,0.316666666666667
16-Aug-2014,0.333875
17-Aug-2014,0.235166666666667
18-Aug-2014,0.1255
19-Aug-2014,0.119
20-Aug-2014,0.124083333333333
21-Aug-2014,0.186916666666667
22-Aug-2014,0.151708333333333
23-Aug-2014,0.189125
24-Aug-2014,0.228666666666667
25-Aug-2014,0.306208333333333
26-Aug-2014,0.329833333333333
27-Aug-2014,0.330875
28-Aug-2014,0.306
29-Aug-2014,0.201833333333333
30-Aug-2014,0.192
31-Aug-2014,0.184708333333333
01-Sep-2014,0.18025
02-Sep-2014,0.140208333333333
03-Sep-2014,0.109958333333333
04-Sep-2014,0.0892916666666667
05-Sep-2014,0.109166666666667
06-Sep-2014,0.131125
07-Sep-2014,0.172708333333333
08-Sep-2014,0.275125
09-Sep-2014,0.266125
10-Sep-2014,0.269791666666667
11-Sep-2014,0.374041666666667
12-Sep-2014,0.346833333333333
13-Sep-2014,0.348
14-Sep-2014,0.32325
15-Sep-2014,0.355291666666667
16-Sep-2014,0.345458333333333
17-Sep-2014,0.341916666666667
18-Sep-2014,0.363708333333333
19-Sep-2014,0.35175
20-Sep-2014,0.302166666666667
21-Sep-2014,0.298333333333333
22-Sep-2014,0.203
23-Sep-2014,0.111583333333333
24-Sep-2014,0.173
25-Sep-2014,0.1885
26-Sep-2014,0.24525
27-Sep-2014,0.357625
28-Sep-2014,0.332541666666667
29-Sep-2014,0.254041666666667
30-Sep-2014,0.189541666666667
01-Oct-2014,0.189333333333333
02-Oct-2014,0.172333333333333
03-Oct-2014,0.214375
04-Oct-2014,0.29275
05-Oct-2014,0.221916666666667
06-Oct-2014,0.299416666666667
07-Oct-2014,0.192583333333333
08-Oct-2014,0.153958333333333
09-Oct-2014,0.0722083333333333
10-Oct-2014,0.124291666666667
11-Oct-2014,0.126666666666667
12-Oct-2014,0.0458333333333333
13-Oct-2014,0.116708333333333
14-Oct-2014,0.153166666666667
15-Oct-2014,0.152125
16-Oct-2014,0.052875
17-Oct-2014,0.0354583333333333
18-Oct-2014,0.0470833333333333
19-Oct-2014,-0.00445833333333334
20-Oct-2014,0.0811666666666667
21-Oct-2014,0.0901666666666667
22-Oct-2014,0.0680416666666667
23-Oct-2014,0.025875
24-Oct-2014,0.178166666666667
25-Oct-2014,0.252541666666667
26-Oct-2014,0.228666666666667
27-Oct-2014,0.176833333333333
28-Oct-2014,0.149458333333333
29-Oct-2014,0.163791666666667
30-Oct-2014,0.105666666666667
31-Oct-2014,0.195583333333333
01-Nov-2014,0.262375
02-Nov-2014,-0.000708333333333357
03-Nov-2014,0.11925
04-Nov-2014,0.174416666666667
05-Nov-2014,0.0312083333333333
06-Nov-2014,0.0239583333333334
07-Nov-2014,0.00637499999999999
08-Nov-2014,0.0767916666666666
09-Nov-2014,0.154166666666667
10-Nov-2014,0.10825
11-Nov-2014,0.126
12-Nov-2014,0.140833333333333
13-Nov-2014,0.143458333333333
14-Nov-2014,0.107375
15-Nov-2014,0.0927083333333333
16-Nov-2014,0.0374583333333333
17-Nov-2014,0.0641666666666667
18-Nov-2014,-0.0975416666666667
19-Nov-2014,-0.0884166666666666
20-Nov-2014,-0.0244583333333333
21-Nov-2014,-0.142333333333333
22-Nov-2014,-0.169875
23-Nov-2014,-0.0213333333333333
24-Nov-2014,0.241375
25-Nov-2014,0.115708333333333
26-Nov-2014,0.129
27-Nov-2014,0.0467083333333333
28-Nov-2014,0.0275
29-Nov-2014,0.156958333333333
30-Nov-2014,0.0600833333333333
01-Dec-2014,-0.0477916666666667
02-Dec-2014,-0.0137083333333333
03-Dec-2014,0.0813333333333333
04-Dec-2014,0.0985833333333333
05-Dec-2014,0.173333333333333
06-Dec-2014,0.122333333333333
07-Dec-2014,0.0160833333333334
08-Dec-2014,0.1665
09-Dec-2014,0.278375
10-Dec-2014,0.255708333333333
11-Dec-2014,0.220833333333333
12-Dec-2014,0.087625
13-Dec-2014,-0.0312083333333333
14-Dec-2014,-0.0367083333333333
15-Dec-2014,0.04
16-Dec-2014,0.0141666666666667
17-Dec-2014,-0.136458333333333
18-Dec-2014,-0.0964166666666667
19-Dec-2014,-0.0490833333333333
20-Dec-2014,-0.065125
21-Dec-2014,-0.016875
22-Dec-2014,0.106166666666667
23-Dec-2014,0.137708333333333
24-Dec-2014,0.251958333333333
25-Dec-2014,0.184041666666667
26-Dec-2014,0.0875416666666667
27-Dec-2014,0.111166666666667
28-Dec-2014,0.0672916666666666
29-Dec-2014,0.00312499999999997
30-Dec-2014,0.0065833333333333
31-Dec-2014,0.0824166666666667
01-Jan-2015,0.101458333333333
02-Jan-2015,0.0365
03-Jan-2015,0.0210416666666667
04-Jan-2015,0.0598749999999999
05-Jan-2015,-0.073375
06-Jan-2015,-0.0549583333333333
07-Jan-2015,-0.00583333333333333
08-Jan-2015,-0.113666666666667
09-Jan-2015,0.077875
10-Jan-2015,-0.0399166666666667
11-Jan-2015,-0.0505416666666667
12-Jan-2015,0.00733333333333333
13-Jan-2015,-0.01575
14-Jan-2015,0.118041666666667
15-Jan-2015,0.203291666666667
16-Jan-2015,0.169166666666667
17-Jan-2015,0.081625
18-Jan-2015,0.172291666666667
19-Jan-2015,0.0825833333333333
20-Jan-2015,0.103166666666667
21-Jan-2015,0.101583333333333
22-Jan-2015,0.150166666666667
23-Jan-2015,0.174916666666667
24-Jan-2015,0.347125
25-Jan-2015,0.148916666666667
26-Jan-2015,0.254916666666667
27-Jan-2015,0.194166666666667
28-Jan-2015,0.164291666666667
29-Jan-2015,0.202875
30-Jan-2015,0.1405
31-Jan-2015,0.0325833333333333
01-Feb-2015,0.114375
02-Feb-2015,0.189916666666667
03-Feb-2015,-0.0826666666666667
04-Feb-2015,-0.0126666666666667
05-Feb-2015,0.0239166666666667
06-Feb-2015,0.0278333333333333
07-Feb-2015,0.0641666666666667
08-Feb-2015,0.0417916666666667
09-Feb-2015,0.0545
10-Feb-2015,0.0749583333333333
11-Feb-2015,0.22575
12-Feb-2015,0.379833333333333
13-Feb-2015,0.0731666666666667
14-Feb-2015,0.225875
15-Feb-2015,-0.048875
16-Feb-2015,-0.05575
17-Feb-2015,0.100416666666667
18-Feb-2015,0.143333333333333
19-Feb-2015,0.0262916666666667
20-Feb-2015,-0.0425833333333333
21-Feb-2015,0.0386666666666667
22-Feb-2015,-0.030625
23-Feb-2015,-0.133041666666667
24-Feb-2015,-0.01875
25-Feb-2015,0.0715833333333334
26-Feb-2015,0.053375
27-Feb-2015,-0.0130416666666667
28-Feb-2015,-0.0470833333333333
01-Mar-2015,0.0105833333333333
02-Mar-2015,-0.0598333333333333
03-Mar-2015,-0.00716666666666666
04-Mar-2015,0.0435416666666667
05-Mar-2015,0.0417916666666667
06-Mar-2015,-0.0967083333333333
07-Mar-2015,0.057375
08-Mar-2015,0.0420833333333333
09-Mar-2015,-0.00633333333333333
10-Mar-2015,0.0100833333333334
11-Mar-2015,0.0247083333333334
12-Mar-2015,-0.055625
13-Mar-2015,0.0158333333333333
14-Mar-2015,0.0400833333333333
15-Mar-2015,-0.0974583333333333
16-Mar-2015,-0.0600833333333333
17-Mar-2015,0.0349166666666667
18-Mar-2015,0.096125
19-Mar-2015,0.172
20-Mar-2015,0.158541666666667
21-Mar-2015,0.114916666666667
22-Mar-2015,0.172291666666667
23-Mar-2015,0.172333333333333
24-Mar-2015,0.197625
25-Mar-2015,0.0500833333333333
26-Mar-2015,0.05275
27-Mar-2015,0.0774166666666667
28-Mar-2015,0.013
29-Mar-2015,-0.09975
30-Mar-2015,-0.0265416666666667
31-Mar-2015,-0.097875
01-Apr-2015,-0.0650416666666667
02-Apr-2015,-0.00362500000000001
03-Apr-2015,-0.065375
04-Apr-2015,-0.0744166666666667
05-Apr-2015,-0.138291666666667
06-Apr-2015,-0.108333333333333
07-Apr-2015,-0.102833333333333
08-Apr-2015,-0.0953333333333333
09-Apr-2015,-0.050375
10-Apr-2015,0.0394166666666667
11-Apr-2015,0.0120833333333333
12-Apr-2015,-0.00045833333333332
13-Apr-2015,-0.0137916666666667
14-Apr-2015,-0.0392083333333333
15-Apr-2015,-0.0599583333333334
16-Apr-2015,-0.004125
17-Apr-2015,0.01125
18-Apr-2015,0.0248333333333333
19-Apr-2015,0.059125
20-Apr-2015,0.178041666666667
21-Apr-2015,0.09475
22-Apr-2015,0.125291666666667
23-Apr-2015,0.14
24-Apr-2015,0.175583333333333
25-Apr-2015,0.2265
26-Apr-2015,0.209583333333333
27-Apr-2015,0.25375
28-Apr-2015,0.147
29-Apr-2015,0.120625
30-Apr-2015,0.119333333333333
01-May-2015,0.139541666666667
02-May-2015,0.145875
03-May-2015,0.182875
04-May-2015,0.0475
05-May-2015,-0.0119166666666667
06-May-2015,-0.0179583333333333
07-May-2015,0.0815833333333333
08-May-2015,0.121041666666667
09-May-2015,0.255875
10-May-2015,0.450208333333333
11-May-2015,0.253958333333333
12-May-2015,0.109375
13-May-2015,0.057125
14-May-2015,0.0811666666666667
15-May-2015,0.0694583333333333
16-May-2015,0.08675
17-May-2015,0.049625
18-May-2015,0.0219166666666667
19-May-2015,0.0692916666666667
20-May-2015,0.122958333333333
21-May-2015,0.240166666666667
22-May-2015,0.142125
23-May-2015,0.0944166666666667
24-May-2015,0.010875
25-May-2015,-0.0109166666666667
26-May-2015,-0.0445416666666666
27-May-2015,-0.0169166666666667
28-May-2015,-0.078
29-May-2015,-0.0953333333333333
30-May-2015,-0.09
31-May-2015,-0.0414583333333333
01-Jun-2015,-0.0194583333333333
02-Jun-2015,0.000791666666666671
03-Jun-2015,0.0394583333333333
04-Jun-2015,0.118958333333333
05-Jun-2015,0.140458333333333
06-Jun-2015,0.181208333333333
07-Jun-2015,0.162458333333333
08-Jun-2015,0.151208333333333
09-Jun-2015,0.105125
10-Jun-2015,0.0365
11-Jun-2015,0.0349166666666667
12-Jun-2015,0.00337500000000001
13-Jun-2015,-0.0392916666666667
14-Jun-2015,-0.00170833333333333
15-Jun-2015,0.0504166666666667
16-Jun-2015,0.0352916666666667
17-Jun-2015,0.0297083333333333
18-Jun-2015,0.101375
19-Jun-2015,0.0655833333333333
20-Jun-2015,0.133208333333333
21-Jun-2015,0.132208333333333
22-Jun-2015,0.0299166666666667
23-Jun-2015,0.03375
24-Jun-2015,-0.0229583333333334
25-Jun-2015,-0.029875
26-Jun-2015,0.0213333333333333
27-Jun-2015,0.0334166666666667
28-Jun-2015,-0.0114583333333333
29-Jun-2015,-0.01225
30-Jun-2015,0.0746666666666667
01-Jul-2015,0.044875
02-Jul-2015,0.0469583333333333
03-Jul-2015,0.0732083333333333
04-Jul-2015,0.0565833333333334
05-Jul-2015,0.00337500000000001
06-Jul-2015,0.0685
07-Jul-2015,0.0915833333333333
08-Jul-2015,0.0962083333333333
09-Jul-2015,0.0666666666666667
10-Jul-2015,0.0219583333333333
11-Jul-2015,0.018625
12-Jul-2015,0.0209166666666667
13-Jul-2015,0.128291666666667
14-Jul-2015,0.175791666666667
15-Jul-2015,0.174291666666667
16-Jul-2015,0.07275
17-Jul-2015,0.113375
18-Jul-2015,0.192041666666667
19-Jul-2015,0.200625
20-Jul-2015,0.168083333333333
21-Jul-2015,0.119625
22-Jul-2015,0.12175
23-Jul-2015,0.221625
24-Jul-2015,0.196875
25-Jul-2015,0.239583333333333
26-Jul-2015,0.173375
27-Jul-2015,0.155958333333333
28-Jul-2015,0.120708333333333
29-Jul-2015,0.138708333333333
30-Jul-2015,0.144958333333333
31-Jul-2015,0.117875
01-Aug-2015,0.1215
02-Aug-2015,0.156958333333333
03-Aug-2015,0.189
04-Aug-2015,0.249708333333333
05-Aug-2015,0.113
06-Aug-2015,0.107541666666667
07-Aug-2015,0.101791666666667
08-Aug-2015,0.0388333333333333
09-Aug-2015,0.118833333333333
10-Aug-2015,0.208875
11-Aug-2015,0.208041666666667
12-Aug-2015,0.135333333333333
13-Aug-2015,0.0634166666666666
14-Aug-2015,0.031875
15-Aug-2015,0.0389166666666667
16-Aug-2015,0.02525
17-Aug-2015,0.00587500000000002
18-Aug-2015,-0.00208333333333332
19-Aug-2015,0.0425416666666667
20-Aug-2015,0.0932916666666667
21-Aug-2015,0.124583333333333
22-Aug-2015,0.127083333333333
23-Aug-2015,0.188458333333333
24-Aug-2015,0.212166666666667
25-Aug-2015,0.190583333333333
26-Aug-2015,0.116458333333333
27-Aug-2015,0.0542916666666667
28-Aug-2015,0.038625
29-Aug-2015,0.0925833333333333
30-Aug-2015,0.109666666666667
31-Aug-2015,0.13475
01-Sep-2015,0.0994583333333333
02-Sep-2015,0.0844583333333333
03-Sep-2015,0.130958333333333
04-Sep-2015,0.109708333333333
05-Sep-2015,0.0644583333333333
06-Sep-2015,0.0890416666666666
07-Sep-2015,0.098125
08-Sep-2015,0.059375
09-Sep-2015,0.0225833333333333
10-Sep-2015,0.0343333333333333
11-Sep-2015,0.023375
12-Sep-2015,0.101125
13-Sep-2015,0.0243333333333333
14-Sep-2015,0.01075
15-Sep-2015,0.0542083333333333
16-Sep-2015,0.0433333333333333
17-Sep-2015,0.0850833333333333
18-Sep-2015,0.110125
19-Sep-2015,0.152333333333333
20-Sep-2015,0.141416666666667
21-Sep-2015,0.148
22-Sep-2015,0.174958333333333
23-Sep-2015,0.137333333333333
24-Sep-2015,0.252833333333333
25-Sep-2015,0.278041666666667
26-Sep-2015,0.267541666666667
27-Sep-2015,0.379416666666667
28-Sep-2015,0.446791666666667
29-Sep-2015,0.434958333333333
30-Sep-2015,0.365625
01-Oct-2015,0.294916666666667
02-Oct-2015,0.297541666666667
03-Oct-2015,0.577916666666667
04-Oct-2015,0.702625
05-Oct-2015,0.687416666666667
06-Oct-2015,0.693583333333333
07-Oct-2015,0.711333333333333
08-Oct-2015,0.598583333333333
09-Oct-2015,0.494333333333333
10-Oct-2015,0.434583333333333
11-Oct-2015,0.406666666666667
12-Oct-2015,0.488541666666667
13-Oct-2015,0.413708333333333
14-Oct-2015,0.277041666666667
15-Oct-2015,0.233
16-Oct-2015,0.224791666666667
17-Oct-2015,0.157708333333333
18-Oct-2015,0.0925
19-Oct-2015,0.154083333333333
20-Oct-2015,0.160208333333333
21-Oct-2015,0.0886666666666667
22-Oct-2015,0.055875
23-Oct-2015,0.0796666666666667
24-Oct-2015,0.155875
25-Oct-2015,0.242208333333333
26-Oct-2015,0.200791666666667
27-Oct-2015,0.304875
28-Oct-2015,0.430541666666667
29-Oct-2015,0.341583333333333
30-Oct-2015,0.229833333333333
31-Oct-2015,0.238916666666667
01-Nov-2015,0.231375
02-Nov-2015,0.169333333333333
03-Nov-2015,0.195833333333333
04-Nov-2015,0.229291666666667
05-Nov-2015,0.227
06-Nov-2015,0.270125
07-Nov-2015,0.269791666666667
08-Nov-2015,0.211875
09-Nov-2015,0.389166666666667
10-Nov-2015,0.383291666666667
11-Nov-2015,0.223375
12-Nov-2015,0.303291666666667
13-Nov-2015,0.230958333333333
14-Nov-2015,0.200958333333333
15-Nov-2015,0.206
16-Nov-2015,0.162083333333333
17-Nov-2015,0.111791666666667
18-Nov-2015,0.209958333333333
19-Nov-2015,0.324958333333333
20-Nov-2015,0.159708333333333
21-Nov-2015,0.270708333333333
22-Nov-2015,0.288708333333333
23-Nov-2015,0.223916666666667
24-Nov-2015,0.243833333333333
25-Nov-2015,0.204833333333333
26-Nov-2015,0.196208333333333
27-Nov-2015,0.223125
28-Nov-2015,0.26075
29-Nov-2015,0.217375
30-Nov-2015,0.227916666666667
01-Dec-2015,0.285208333333333
02-Dec-2015,0.323458333333333
03-Dec-2015,0.273708333333333
04-Dec-2015,0.186666666666667
05-Dec-2015,0.19625
06-Dec-2015,0.184125
07-Dec-2015,0.1845
08-Dec-2015,0.219833333333333
09-Dec-2015,0.19575
10-Dec-2015,0.19975
11-Dec-2015,0.203666666666667
12-Dec-2015,0.142291666666667
13-Dec-2015,0.134458333333333
14-Dec-2015,0.198708333333333
15-Dec-2015,0.160541666666667
16-Dec-2015,0.137458333333333
17-Dec-2015,0.226708333333333
18-Dec-2015,0.189916666666667
19-Dec-2015,0.00687500000000004
20-Dec-2015,0.050625
21-Dec-2015,0.0308333333333333
22-Dec-2015,0.0832083333333333
23-Dec-2015,0.11925
24-Dec-2015,0.184333333333333
25-Dec-2015,0.15
26-Dec-2015,0.169833333333333
27-Dec-2015,0.202708333333333
28-Dec-2015,0.252208333333333
29-Dec-2015,0.38075
30-Dec-2015,0.274375
31-Dec-2015,0.253833333333333
01-Jan-2016,0.244125
02-Jan-2016,0.239583333333333
03-Jan-2016,0.246875
04-Jan-2016,0.17675
05-Jan-2016,0.089
06-Jan-2016,0.147291666666667
07-Jan-2016,0.272708333333333
08-Jan-2016,0.364458333333333
09-Jan-2016,0.358833333333333
10-Jan-2016,0.424708333333333
11-Jan-2016,0.211083333333333
12-Jan-2016,0.325333333333333
13-Jan-2016,0.147333333333333
14-Jan-2016,0.194666666666667
15-Jan-2016,0.205166666666667
16-Jan-2016,0.106916666666667
17-Jan-2016,0.049125
18-Jan-2016,0.08325
19-Jan-2016,-0.0142916666666667
20-Jan-2016,-0.0435833333333333
21-Jan-2016,-0.0850416666666667
22-Jan-2016,0.0287083333333333
23-Jan-2016,0.17125
24-Jan-2016,0.0572916666666666
25-Jan-2016,0.270708333333333
26-Jan-2016,0.254833333333333
27-Jan-2016,0.189083333333333
28-Jan-2016,0.213666666666667
29-Jan-2016,0.24125
30-Jan-2016,0.153041666666667
31-Jan-2016,0.193208333333333
01-Feb-2016,0.14025
02-Feb-2016,0.00120833333333331
03-Feb-2016,0.105083333333333
04-Feb-2016,0.0416666666666667
05-Feb-2016,-0.00279166666666666
06-Feb-2016,0.163916666666667
07-Feb-2016,0.1455
08-Feb-2016,0.368875
09-Feb-2016,0.52025
10-Feb-2016,0.38625
11-Feb-2016,0.346833333333333
12-Feb-2016,0.366416666666667
13-Feb-2016,0.350083333333333
14-Feb-2016,0.195833333333333
15-Feb-2016,0.155291666666667
16-Feb-2016,0.259541666666667
17-Feb-2016,0.0845
18-Feb-2016,0.0235416666666667
19-Feb-2016,0.0417083333333333
20-Feb-2016,0.0590833333333333
21-Feb-2016,0.0607083333333333
22-Feb-2016,0.135125
23-Feb-2016,0.23475
24-Feb-2016,0.388791666666667
25-Feb-2016,0.22775
26-Feb-2016,-0.00545833333333334
27-Feb-2016,0.0321666666666667
28-Feb-2016,0.0265416666666667
29-Feb-2016,-0.0207916666666667
01-Mar-2016,-0.0575
02-Mar-2016,0.00433333333333335
03-Mar-2016,-0.0279166666666667
04-Mar-2016,0.0639166666666667
05-Mar-2016,0.0930833333333333
06-Mar-2016,0.161416666666667
07-Mar-2016,0.186791666666667
08-Mar-2016,0.163416666666667
09-Mar-2016,0.115625
10-Mar-2016,0.0873333333333334
11-Mar-2016,0.072625
12-Mar-2016,0.0309166666666667
13-Mar-2016,0.0518333333333333
14-Mar-2016,0.08
15-Mar-2016,0.0490416666666667
16-Mar-2016,0.119083333333333
17-Mar-2016,0.08825
18-Mar-2016,0.130291666666667
19-Mar-2016,0.204416666666667
20-Mar-2016,0.100666666666667
21-Mar-2016,0.108083333333333
22-Mar-2016,0.0688333333333334
23-Mar-2016,-0.011375
24-Mar-2016,-0.0667083333333333
25-Mar-2016,-0.000874999999999973
26-Mar-2016,-0.0970416666666667
27-Mar-2016,-0.000666666666666677
28-Mar-2016,0.108375
29-Mar-2016,0.00504166666666669
30-Mar-2016,0.0597916666666667
31-Mar-2016,0.0609166666666667
01-Apr-2016,0.0242916666666667
02-Apr-2016,0.02275
03-Apr-2016,-0.166916666666667
04-Apr-2016,-0.00970833333333334
05-Apr-2016,-0.0755833333333333
06-Apr-2016,0.0125
07-Apr-2016,0.220958333333333
08-Apr-2016,0.12325
09-Apr-2016,0.0623333333333334
10-Apr-2016,-0.05625
11-Apr-2016,0.0812083333333333
12-Apr-2016,0.0539166666666667
13-Apr-2016,-0.00145833333333333
14-Apr-2016,0.0821666666666667
15-Apr-2016,0.125208333333333
16-Apr-2016,0.0980833333333334
17-Apr-2016,0.106583333333333
18-Apr-2016,0.186458333333333
19-Apr-2016,0.1165
20-Apr-2016,0.0465833333333333
21-Apr-2016,0.144041666666667
22-Apr-2016,0.153375
23-Apr-2016,0.163583333333333
24-Apr-2016,0.185208333333333
25-Apr-2016,0.247958333333333
26-Apr-2016,0.198208333333333
27-Apr-2016,0.202291666666667
28-Apr-2016,0.138333333333333
29-Apr-2016,0.155916666666667
30-Apr-2016,0.1905
01-May-2016,0.183041666666667
02-May-2016,0.121666666666667
03-May-2016,0.144208333333333
04-May-2016,0.200291666666667
05-May-2016,0.276916666666667
06-May-2016,0.304833333333333
07-May-2016,0.31025
08-May-2016,0.290125
09-May-2016,0.256375
10-May-2016,0.194291666666667
11-May-2016,0.147541666666667
12-May-2016,0.134208333333333
13-May-2016,0.147666666666667
14-May-2016,0.190083333333333
15-May-2016,0.137083333333333
16-May-2016,0.116083333333333
17-May-2016,0.0492916666666667
18-May-2016,0.00141666666666667
19-May-2016,0.0459166666666667
20-May-2016,0.01275
21-May-2016,0.0502916666666667
22-May-2016,0.0608333333333334
23-May-2016,0.108416666666667
24-May-2016,0.111916666666667
25-May-2016,0.0810416666666667
26-May-2016,0.0349166666666667
27-May-2016,0.0626666666666667
28-May-2016,0.146208333333333
29-May-2016,0.199791666666667
30-May-2016,0.177708333333333
31-May-2016,0.188875
01-Jun-2016,0.226791666666667
02-Jun-2016,0.241958333333333
03-Jun-2016,0.239916666666667
04-Jun-2016,0.2085
05-Jun-2016,0.260708333333333
06-Jun-2016,0.277208333333333
07-Jun-2016,0.270666666666667
08-Jun-2016,0.28425
09-Jun-2016,0.2815
10-Jun-2016,0.25425
11-Jun-2016,0.235708333333333
12-Jun-2016,0.173958333333333
13-Jun-2016,0.204333333333333
14-Jun-2016,0.290375
15-Jun-2016,0.188
16-Jun-2016,0.1645
17-Jun-2016,0.164541666666667
18-Jun-2016,0.16875
19-Jun-2016,0.169375
20-Jun-2016,0.113083333333333
21-Jun-2016,0.154666666666667
22-Jun-2016,0.184083333333333
23-Jun-2016,0.168083333333333
24-Jun-2016,0.143791666666667
25-Jun-2016,0.119916666666667
26-Jun-2016,0.157416666666667
27-Jun-2016,0.227416666666667
28-Jun-2016,0.191208333333333
29-Jun-2016,0.155833333333333
30-Jun-2016,0.148208333333333
01-Jul-2016,0.162625
02-Jul-2016,0.149166666666667
03-Jul-2016,0.183916666666667
04-Jul-2016,0.157916666666667
05-Jul-2016,0.146583333333333
06-Jul-2016,0.0707083333333333
07-Jul-2016,0.0315
08-Jul-2016,0.0615416666666667
09-Jul-2016,0.161875
10-Jul-2016,0.175416666666667
11-Jul-2016,0.20175
12-Jul-2016,0.185166666666667
13-Jul-2016,0.167375
14-Jul-2016,0.133916666666667
15-Jul-2016,0.0477083333333333
16-Jul-2016,-0.00058333333333332
17-Jul-2016,-0.057375
18-Jul-2016,-0.07425
19-Jul-2016,-0.018
20-Jul-2016,0.0214583333333334
21-Jul-2016,0.0599583333333334
22-Jul-2016,0.096125
23-Jul-2016,0.140458333333333
24-Jul-2016,0.123291666666667
25-Jul-2016,0.0649583333333333
26-Jul-2016,0.0425
27-Jul-2016,0.0339583333333334
28-Jul-2016,0.0505
29-Jul-2016,0.071
30-Jul-2016,0.0559166666666666
31-Jul-2016,0.117083333333333
01-Aug-2016,0.0936666666666667
02-Aug-2016,0.0756666666666667
03-Aug-2016,0.135
04-Aug-2016,0.162875
05-Aug-2016,0.187583333333333
06-Aug-2016,0.111958333333333
07-Aug-2016,0.0575833333333334
08-Aug-2016,0.041125
09-Aug-2016,0.0613333333333333
10-Aug-2016,0.007
11-Aug-2016,-0.0216666666666667
12-Aug-2016,0.00904166666666667
13-Aug-2016,-0.030375
14-Aug-2016,-0.0728333333333333
15-Aug-2016,-0.0864583333333333
16-Aug-2016,0.0405833333333333
17-Aug-2016,0.131541666666667
18-Aug-2016,0.117958333333333
19-Aug-2016,0.0787916666666667
20-Aug-2016,0.221666666666667
21-Aug-2016,0.27125
22-Aug-2016,0.193333333333333
23-Aug-2016,0.237625
24-Aug-2016,0.203708333333333
25-Aug-2016,0.1635
26-Aug-2016,0.117
27-Aug-2016,0.062125
28-Aug-2016,0.0524166666666667
29-Aug-2016,0.123291666666667
30-Aug-2016,0.153875
31-Aug-2016,0.159833333333333
01-Sep-2016,0.228166666666667
02-Sep-2016,0.209208333333333
03-Sep-2016,0.250708333333333
04-Sep-2016,0.212375
05-Sep-2016,0.358333333333333
06-Sep-2016,0.357708333333333
07-Sep-2016,0.260916666666667
08-Sep-2016,0.209125
09-Sep-2016,0.171
10-Sep-2016,0.13475
11-Sep-2016,0.0761666666666667
12-Sep-2016,-0.024375
13-Sep-2016,0.074
14-Sep-2016,0.143125
15-Sep-2016,0.142166666666667
16-Sep-2016,0.118458333333333
17-Sep-2016,0.164208333333333
18-Sep-2016,0.198625
19-Sep-2016,0.221541666666667
20-Sep-2016,0.132541666666667
21-Sep-2016,0.142583333333333
22-Sep-2016,0.231875
23-Sep-2016,0.263041666666667
24-Sep-2016,0.216208333333333
25-Sep-2016,0.171416666666667
26-Sep-2016,0.185416666666667
27-Sep-2016,0.156375
28-Sep-2016,0.144833333333333
29-Sep-2016,0.170625
30-Sep-2016,0.24225
01-Oct-2016,0.330416666666667
02-Oct-2016,0.343
03-Oct-2016,0.318041666666667
04-Oct-2016,0.340833333333333
05-Oct-2016,0.363916666666667
06-Oct-2016,0.367791666666667
07-Oct-2016,0.4585
08-Oct-2016,0.877458333333333
09-Oct-2016,0.279541666666667
10-Oct-2016,0.503458333333333
11-Oct-2016,0.577416666666667
12-Oct-2016,0.567583333333333
13-Oct-2016,0.641666666666667
14-Oct-2016,0.700291666666667
15-Oct-2016,0.769291666666667
16-Oct-2016,0.797333333333333
17-Oct-2016,0.797041666666667
18-Oct-2016,0.76675
19-Oct-2016,0.64575
20-Oct-2016,0.529666666666667
21-Oct-2016,0.526291666666667
22-Oct-2016,0.386208333333333
23-Oct-2016,0.388958333333333
24-Oct-2016,0.355875
25-Oct-2016,0.255083333333333
26-Oct-2016,0.242375
27-Oct-2016,0.209958333333333
28-Oct-2016,0.195625
29-Oct-2016,0.207833333333333
30-Oct-2016,0.20475
31-Oct-2016,0.151291666666667
01-Nov-2016,0.265125
02-Nov-2016,0.18375
03-Nov-2016,0.146875
04-Nov-2016,0.0972916666666667
05-Nov-2016,0.234958333333333
06-Nov-2016,0.20975
07-Nov-2016,0.134
08-Nov-2016,0.23625
09-Nov-2016,0.286458333333333
10-Nov-2016,0.169625
11-Nov-2016,0.274958333333333
12-Nov-2016,0.23
13-Nov-2016,0.256083333333333
14-Nov-2016,0.27475
15-Nov-2016,0.221208333333333
16-Nov-2016,0.249708333333333
17-Nov-2016,0.226125
18-Nov-2016,0.201208333333333
19-Nov-2016,0.242916666666667
20-Nov-2016,0.0211666666666667
21-Nov-2016,0.103833333333333
22-Nov-2016,0.028
23-Nov-2016,-0.0314166666666667
24-Nov-2016,-0.0223333333333333
25-Nov-2016,-0.023875
26-Nov-2016,0.0350416666666667
27-Nov-2016,0.143291666666667
28-Nov-2016,0.142333333333333
29-Nov-2016,0.251416666666667
30-Nov-2016,0.116041666666667
01-Dec-2016,0.0837083333333333
02-Dec-2016,-0.024625
03-Dec-2016,-0.0122916666666667
04-Dec-2016,0.059375
05-Dec-2016,0.119916666666667
06-Dec-2016,0.230375
07-Dec-2016,0.151958333333333
08-Dec-2016,0.216833333333333
09-Dec-2016,0.0730416666666667
10-Dec-2016,0.0316666666666666
11-Dec-2016,-0.000125
12-Dec-2016,0.0977916666666666
13-Dec-2016,0.0949583333333333
14-Dec-2016,0.167625
15-Dec-2016,0.194583333333333
16-Dec-2016,0.08075
17-Dec-2016,0.199541666666667
18-Dec-2016,0.140208333333333
19-Dec-2016,-0.00779166666666667
20-Dec-2016,0.0284166666666667
21-Dec-2016,0.0977083333333333
22-Dec-2016,0.0963333333333333
23-Dec-2016,0.000958333333333325
24-Dec-2016,0.0597083333333333
25-Dec-2016,-0.0559583333333333
26-Dec-2016,-0.0345416666666667
27-Dec-2016,-0.0406666666666667
28-Dec-2016,-0.13075
29-Dec-2016,0.009875
30-Dec-2016,-0.158083333333333
31-Dec-2016,-0.00962499999999999
01-Jan-2017,-0.049
02-Jan-2017,-0.0540833333333334
03-Jan-2017,-0.000916666666666672
04-Jan-2017,0.0862083333333333
05-Jan-2017,0.0697916666666667
06-Jan-2017,0.0904166666666667
07-Jan-2017,-0.0355416666666667
08-Jan-2017,-0.10025
09-Jan-2017,-0.00241666666666665
10-Jan-2017,0.0657083333333333
11-Jan-2017,0.0642916666666667
12-Jan-2017,-0.0300416666666667
13-Jan-2017,-0.0571666666666667
14-Jan-2017,-0.125875
15-Jan-2017,-0.0541666666666667
16-Jan-2017,-0.0689166666666667
17-Jan-2017,-0.0437916666666667
18-Jan-2017,-0.0975416666666667
19-Jan-2017,-0.00291666666666667
20-Jan-2017,0.166416666666667
21-Jan-2017,0.122083333333333
22-Jan-2017,0.101833333333333
23-Jan-2017,0.205625
24-Jan-2017,0.0905416666666667
25-Jan-2017,0.128333333333333
26-Jan-2017,0.173583333333333
27-Jan-2017,0.0107916666666667
28-Jan-2017,-0.0185
29-Jan-2017,-0.0422916666666667
30-Jan-2017,-0.128666666666667
31-Jan-2017,0.0075
01-Feb-2017,-0.00529166666666666
02-Feb-2017,-0.0355416666666667
03-Feb-2017,0.026875
04-Feb-2017,-0.0146666666666667
05-Feb-2017,-0.00308333333333334
06-Feb-2017,-0.101333333333333
07-Feb-2017,-0.14675
08-Feb-2017,-0.0520416666666667
09-Feb-2017,-0.0934583333333334
10-Feb-2017,-0.19025
11-Feb-2017,-0.0405416666666667
12-Feb-2017,-0.127416666666667
13-Feb-2017,-0.200208333333333
14-Feb-2017,-0.05575
15-Feb-2017,0.125458333333333
16-Feb-2017,0.04825
17-Feb-2017,0.073875
18-Feb-2017,0.0329166666666666
19-Feb-2017,-0.0284583333333333
20-Feb-2017,-0.083125
21-Feb-2017,-0.032125
22-Feb-2017,0.0190416666666667
23-Feb-2017,0.0849583333333333
24-Feb-2017,0.068
25-Feb-2017,0.091375
26-Feb-2017,-0.041375
27-Feb-2017,-0.0659166666666667
28-Feb-2017,-0.0996666666666667
01-Mar-2017,-0.0826666666666667
02-Mar-2017,-0.154125
03-Mar-2017,-0.189666666666667
04-Mar-2017,-0.277333333333333
05-Mar-2017,-0.252
06-Mar-2017,-0.170291666666667
07-Mar-2017,-0.156083333333333
08-Mar-2017,-0.174375
09-Mar-2017,-0.210541666666667
10-Mar-2017,-0.138625
11-Mar-2017,-0.174458333333333
12-Mar-2017,-0.0972916666666666
13-Mar-2017,-0.045125
14-Mar-2017,0.0519583333333334
15-Mar-2017,-0.211625
16-Mar-2017,-0.166541666666667
17-Mar-2017,-0.163916666666667
18-Mar-2017,-0.114125
19-Mar-2017,-0.172875
20-Mar-2017,0.0658333333333333
21-Mar-2017,0.0890416666666667
22-Mar-2017,0.038125
23-Mar-2017,0.067875
24-Mar-2017,-0.00116666666666666
25-Mar-2017,-0.0463333333333333
26-Mar-2017,-0.035625
27-Mar-2017,-0.017875
28-Mar-2017,0.05675
29-Mar-2017,0.03625
30-Mar-2017,0.143625
31-Mar-2017,0.267416666666667
01-Apr-2017,0.084625
02-Apr-2017,0.03875
03-Apr-2017,0.172416666666667
04-Apr-2017,0.20025
05-Apr-2017,0.0848333333333333
06-Apr-2017,0.20275
07-Apr-2017,0.0205
08-Apr-2017,0.076
09-Apr-2017,0.153333333333333
10-Apr-2017,0.0971666666666667
11-Apr-2017,0.063
12-Apr-2017,0.0405416666666666
13-Apr-2017,-0.00362499999999998
14-Apr-2017,0.0635833333333333
15-Apr-2017,0.122375
16-Apr-2017,0.0982083333333333
17-Apr-2017,0.0556666666666667
18-Apr-2017,0.0170416666666667
19-Apr-2017,0.10825
20-Apr-2017,0.139291666666667
21-Apr-2017,0.147583333333333
22-Apr-2017,0.103458333333333
23-Apr-2017,0.098875
24-Apr-2017,0.355833333333333
25-Apr-2017,0.41925
26-Apr-2017,0.2795
27-Apr-2017,0.2885
28-Apr-2017,0.2925
29-Apr-2017,0.2085
30-Apr-2017,0.209833333333333
01-May-2017,0.252166666666667
02-May-2017,0.306458333333333
03-May-2017,0.20475
04-May-2017,0.238083333333333
05-May-2017,0.371041666666667
06-May-2017,0.165541666666667
07-May-2017,0.06425
08-May-2017,0.0709166666666666
09-May-2017,0.082125
10-May-2017,0.0651666666666667
11-May-2017,0.0707083333333333
12-May-2017,0.099875
13-May-2017,0.156
14-May-2017,0.153333333333333
15-May-2017,0.102083333333333
16-May-2017,0.138333333333333
17-May-2017,0.00750000000000001
18-May-2017,-0.0497083333333333
19-May-2017,-0.0498333333333333
20-May-2017,-0.0435833333333333
21-May-2017,-0.0197083333333333
22-May-2017,0.132666666666667
23-May-2017,0.117
24-May-2017,0.0955833333333333
25-May-2017,0.243166666666667
26-May-2017,0.0683750000000001
27-May-2017,0.135333333333333
28-May-2017,0.236
29-May-2017,0.222083333333333
30-May-2017,0.208458333333333
31-May-2017,0.191208333333333
01-Jun-2017,0.132875
02-Jun-2017,0.145291666666667
03-Jun-2017,0.173666666666667
04-Jun-2017,0.231541666666667
05-Jun-2017,0.271333333333333
06-Jun-2017,0.127083333333333
07-Jun-2017,0.106041666666667
08-Jun-2017,0.147666666666667
09-Jun-2017,0.212583333333333
10-Jun-2017,0.1235
11-Jun-2017,0.0279583333333334
12-Jun-2017,-0.0025416666666667
13-Jun-2017,0.00270833333333332
14-Jun-2017,0.02425
15-Jun-2017,-0.00949999999999999
16-Jun-2017,0.0846666666666667
17-Jun-2017,0.122416666666667
18-Jun-2017,0.089
19-Jun-2017,0.0770416666666667
20-Jun-2017,0.03075
21-Jun-2017,-0.0336666666666666
22-Jun-2017,0.00920833333333335
23-Jun-2017,0.073125
24-Jun-2017,0.13475
25-Jun-2017,0.0707083333333333
26-Jun-2017,0.124416666666667
27-Jun-2017,0.209916666666667
28-Jun-2017,0.230041666666667
29-Jun-2017,0.227666666666667
30-Jun-2017,0.222291666666667
01-Jul-2017,0.233208333333333
02-Jul-2017,0.0885416666666667
03-Jul-2017,0.122333333333333
04-Jul-2017,0.108416666666667
05-Jul-2017,0.06225
06-Jul-2017,0.0210416666666667
07-Jul-2017,0.0430833333333333
08-Jul-2017,0.063375
09-Jul-2017,0.0325416666666667
10-Jul-2017,0.043875
11-Jul-2017,0.0693333333333333
12-Jul-2017,0.0915833333333334
13-Jul-2017,0.07325
14-Jul-2017,0.0665833333333334
15-Jul-2017,0.0442916666666667
16-Jul-2017,0.0935833333333333
17-Jul-2017,0.0981666666666667
18-Jul-2017,0.0448333333333333
19-Jul-2017,0.072
20-Jul-2017,0.112125
21-Jul-2017,0.132083333333333
22-Jul-2017,0.115041666666667
23-Jul-2017,0.1415
24-Jul-2017,0.140291666666667
25-Jul-2017,0.103458333333333
26-Jul-2017,0.123916666666667
27-Jul-2017,0.147583333333333
28-Jul-2017,0.140083333333333
29-Jul-2017,0.141958333333333
30-Jul-2017,0.041
31-Jul-2017,0.19225
01-Aug-2017,0.180916666666667
02-Aug-2017,0.0917916666666667
03-Aug-2017,0.07725
04-Aug-2017,0.0727916666666667
05-Aug-2017,0.0800833333333334
06-Aug-2017,0.0213333333333333
07-Aug-2017,0.098
08-Aug-2017,0.0943333333333333
09-Aug-2017,0.04925
10-Aug-2017,0.120416666666667
11-Aug-2017,0.151041666666667
12-Aug-2017,0.173166666666667
13-Aug-2017,0.118333333333333
14-Aug-2017,0.101916666666667
15-Aug-2017,0.183708333333333
16-Aug-2017,0.158541666666667
17-Aug-2017,0.150833333333333
18-Aug-2017,0.178
19-Aug-2017,0.168166666666667
20-Aug-2017,0.124291666666667
21-Aug-2017,0.116083333333333
22-Aug-2017,0.141791666666667
23-Aug-2017,0.218625
24-Aug-2017,0.210875
25-Aug-2017,0.255
26-Aug-2017,0.236208333333333
27-Aug-2017,0.249333333333333
28-Aug-2017,0.298583333333333
29-Aug-2017,0.333125
30-Aug-2017,0.281791666666667
31-Aug-2017,0.290291666666667
01-Sep-2017,0.199083333333333
02-Sep-2017,0.250291666666667
03-Sep-2017,0.196083333333333
04-Sep-2017,0.164333333333333
05-Sep-2017,0.23125
06-Sep-2017,0.2265
07-Sep-2017,0.13375
08-Sep-2017,0.188416666666667
09-Sep-2017,0.221375
10-Sep-2017,0.208291666666667
11-Sep-2017,0.284875
12-Sep-2017,0.460083333333333
13-Sep-2017,0.29475
14-Sep-2017,0.2885
15-Sep-2017,0.22175
16-Sep-2017,0.186708333333333
17-Sep-2017,0.234083333333333
18-Sep-2017,0.27275
19-Sep-2017,0.322625
20-Sep-2017,0.371041666666667
21-Sep-2017,0.369041666666667
22-Sep-2017,0.305125
23-Sep-2017,0.292333333333333
24-Sep-2017,0.341541666666667
25-Sep-2017,0.403458333333333
26-Sep-2017,0.359166666666667
27-Sep-2017,0.389625
28-Sep-2017,0.412625
29-Sep-2017,0.279375
30-Sep-2017,0.195791666666667
01-Oct-2017,0.128125
02-Oct-2017,0.204791666666667
03-Oct-2017,0.126041666666667
04-Oct-2017,0.0975
05-Oct-2017,0.204958333333333
06-Oct-2017,0.181291666666667
07-Oct-2017,0.239625
08-Oct-2017,0.267333333333333
09-Oct-2017,0.254583333333333
10-Oct-2017,0.147875
11-Oct-2017,0.0954583333333333
12-Oct-2017,0.143958333333333
13-Oct-2017,0.158333333333333
14-Oct-2017,0.24075
15-Oct-2017,0.218666666666667
16-Oct-2017,0.177416666666667
17-Oct-2017,0.0885
18-Oct-2017,0.214125
19-Oct-2017,0.210708333333333
20-Oct-2017,0.139708333333333
21-Oct-2017,0.0407916666666667
22-Oct-2017,0.0192916666666667
23-Oct-2017,0.0922916666666667
24-Oct-2017,0.195416666666667
25-Oct-2017,0.032
26-Oct-2017,0.021125
27-Oct-2017,0.0955833333333334
28-Oct-2017,0.0933333333333333
29-Oct-2017,0.182208333333333
30-Oct-2017,-0.0610833333333333
31-Oct-2017,-0.042875
01-Nov-2017,-0.054625
02-Nov-2017,-0.00558333333333333
03-Nov-2017,0.00408333333333334
04-Nov-2017,0.0800416666666667
05-Nov-2017,0.16275
06-Nov-2017,0.184958333333333
07-Nov-2017,0.1635
08-Nov-2017,0.133875
09-Nov-2017,0.207291666666667
10-Nov-2017,0.182875
11-Nov-2017,0.1205
12-Nov-2017,0.14125
13-Nov-2017,0.0840833333333333
14-Nov-2017,0.0395
15-Nov-2017,0.128333333333333
16-Nov-2017,0.211333333333333
17-Nov-2017,0.121875
18-Nov-2017,0.134458333333333
19-Nov-2017,0.041625
20-Nov-2017,-0.114875
21-Nov-2017,-0.0562083333333333
22-Nov-2017,-0.00812499999999999
23-Nov-2017,-0.0252083333333333
24-Nov-2017,0.097625
25-Nov-2017,0.190791666666667
26-Nov-2017,0.065625
27-Nov-2017,0.0871666666666667
28-Nov-2017,0.053625
29-Nov-2017,0.00199999999999999
30-Nov-2017,0.0669583333333333
01-Dec-2017,0.0734166666666667
02-Dec-2017,0.10925
03-Dec-2017,0.16875
04-Dec-2017,0.165
05-Dec-2017,0.205583333333333
06-Dec-2017,0.144208333333333
07-Dec-2017,0.0909166666666667
08-Dec-2017,0.170375
09-Dec-2017,0.206541666666667
10-Dec-2017,0.102208333333333
11-Dec-2017,0.05675
12-Dec-2017,0.0762083333333333
13-Dec-2017,-0.105625
14-Dec-2017,0.0518333333333333
15-Dec-2017,-0.02175
16-Dec-2017,-0.126333333333333
17-Dec-2017,-0.137708333333333
18-Dec-2017,-0.141666666666667
19-Dec-2017,-0.153666666666667
20-Dec-2017,-0.101291666666667
21-Dec-2017,0.0289166666666667
22-Dec-2017,0.0779583333333333
23-Dec-2017,-0.0304166666666667
24-Dec-2017,-0.0856666666666667
25-Dec-2017,-0.162125
26-Dec-2017,-0.141375
27-Dec-2017,-0.189666666666667
28-Dec-2017,-0.260416666666667
29-Dec-2017,-0.198291666666667
30-Dec-2017,-0.107583333333333
31-Dec-2017,-0.146916666666667
01-Jan-2018,-0.0929583333333333
02-Jan-2018,-0.075375
03-Jan-2018,0.020375
04-Jan-2018,0.00483333333333333
05-Jan-2018,-0.101125
06-Jan-2018,-0.0854166666666667
07-Jan-2018,-0.204291666666667
08-Jan-2018,-0.23775
09-Jan-2018,-0.269833333333333
10-Jan-2018,-0.264166666666667
11-Jan-2018,-0.200416666666667
12-Jan-2018,-0.0767916666666667
13-Jan-2018,-0.141958333333333
14-Jan-2018,-0.200541666666667
15-Jan-2018,-0.0523333333333333
16-Jan-2018,-0.00575000000000002
17-Jan-2018,0.0129166666666667
18-Jan-2018,-0.0227916666666667
19-Jan-2018,0.00950000000000001
20-Jan-2018,-0.0549166666666666
21-Jan-2018,-0.0987083333333333
22-Jan-2018,-0.0721666666666666
23-Jan-2018,-0.0125
24-Jan-2018,-0.157916666666667
25-Jan-2018,-0.231666666666667
26-Jan-2018,-0.224333333333333
27-Jan-2018,-0.254166666666667
28-Jan-2018,-0.269041666666667
29-Jan-2018,-0.138083333333333
30-Jan-2018,-0.0781666666666667
31-Jan-2018,0.00708333333333334
01-Feb-2018,0.147791666666667
02-Feb-2018,0.0523333333333333
03-Feb-2018,-0.121625
04-Feb-2018,0.08475
05-Feb-2018,-0.0615
06-Feb-2018,-0.0747916666666667
07-Feb-2018,-0.00241666666666668
08-Feb-2018,-0.134541666666667
09-Feb-2018,-0.0274583333333333
10-Feb-2018,-0.0333333333333334
11-Feb-2018,-0.0795416666666667
12-Feb-2018,-0.137541666666667
13-Feb-2018,-0.180166666666667
14-Feb-2018,-0.0504583333333333
15-Feb-2018,-0.0387916666666667
16-Feb-2018,0.0243333333333333
17-Feb-2018,-0.0594583333333333
18-Feb-2018,-0.00241666666666667
19-Feb-2018,0.0522916666666667
20-Feb-2018,0.0175416666666667
21-Feb-2018,-0.0147916666666667
22-Feb-2018,-0.0558333333333334
23-Feb-2018,-0.0469583333333333
24-Feb-2018,0.02025
25-Feb-2018,0.077125
26-Feb-2018,-0.00724999999999999
27-Feb-2018,0.0240416666666667
28-Feb-2018,0.135333333333333
01-Mar-2018,0.16325
02-Mar-2018,-0.0417083333333333
03-Mar-2018,-0.163125
04-Mar-2018,0.175583333333333
05-Mar-2018,0.340916666666667
06-Mar-2018,0.442
07-Mar-2018,0.388666666666667
08-Mar-2018,0.278125
09-Mar-2018,0.213541666666667
10-Mar-2018,0.173208333333333
11-Mar-2018,0.107166666666667
12-Mar-2018,0.195833333333333
13-Mar-2018,0.0320833333333333
14-Mar-2018,0.131833333333333
15-Mar-2018,0.124083333333333
16-Mar-2018,0.0544166666666666
17-Mar-2018,0.058625
18-Mar-2018,0.0440416666666667
19-Mar-2018,0.168791666666667
20-Mar-2018,0.23825
21-Mar-2018,0.217916666666667
22-Mar-2018,0.067125
23-Mar-2018,0.1465
24-Mar-2018,0.160041666666667
25-Mar-2018,0.113958333333333
26-Mar-2018,0.0989166666666667
27-Mar-2018,0.0944166666666667
28-Mar-2018,0.121416666666667
29-Mar-2018,0.128583333333333
30-Mar-2018,0.16875
31-Mar-2018,0.0148333333333333
01-Apr-2018,0.0887083333333333
02-Apr-2018,0.08725
03-Apr-2018,0.087625
04-Apr-2018,0.175916666666667
05-Apr-2018,-0.0565833333333333
06-Apr-2018,0.0128333333333333
07-Apr-2018,-0.0120416666666667
08-Apr-2018,-0.113125
09-Apr-2018,0.0226666666666667
10-Apr-2018,0.0285833333333333
11-Apr-2018,0.10375
12-Apr-2018,-0.0226666666666667
13-Apr-2018,-0.0917916666666667
14-Apr-2018,-0.1085
15-Apr-2018,-0.0654166666666667
16-Apr-2018,0.069375
17-Apr-2018,-0.0779166666666666
18-Apr-2018,0.17125
19-Apr-2018,0.247041666666667
20-Apr-2018,-0.0395833333333333
21-Apr-2018,0.0595833333333334
22-Apr-2018,0.0119166666666667
23-Apr-2018,0.0802916666666666
24-Apr-2018,0.331625
25-Apr-2018,0.231375
26-Apr-2018,0.136083333333333
27-Apr-2018,0.168916666666667
28-Apr-2018,0.158958333333333
29-Apr-2018,0.0761249999999999
30-Apr-2018,0.07575
01-May-2018,0.079375
02-May-2018,0.0232916666666667
03-May-2018,-0.00616666666666665
04-May-2018,-0.00799999999999999
05-May-2018,-0.0489166666666667
06-May-2018,-0.013875
07-May-2018,-0.00533333333333334
08-May-2018,0.01375
09-May-2018,0.0460416666666666
10-May-2018,0.0731666666666667
11-May-2018,0.0102916666666667
12-May-2018,0.020375
13-May-2018,0.05525
14-May-2018,0.0579166666666667
15-May-2018,0.056
16-May-2018,0.0547083333333333
17-May-2018,0.0653749999999999
18-May-2018,0.0919166666666667
19-May-2018,0.143791666666667
20-May-2018,0.146041666666667
21-May-2018,0.081
22-May-2018,0.080125
23-May-2018,0.0970416666666667
24-May-2018,0.092625
25-May-2018,0.133416666666667
26-May-2018,0.177916666666667
27-May-2018,0.138625
28-May-2018,0.136708333333333
29-May-2018,0.188291666666667
30-May-2018,0.197333333333333
31-May-2018,0.232125
01-Jun-2018,0.25825
02-Jun-2018,0.30325
03-Jun-2018,0.2455
04-Jun-2018,0.196
05-Jun-2018,0.262875
06-Jun-2018,0.218916666666667
07-Jun-2018,0.172208333333333
08-Jun-2018,0.129916666666667
09-Jun-2018,0.096
10-Jun-2018,0.0735
11-Jun-2018,0.111916666666667
12-Jun-2018,0.125958333333333
13-Jun-2018,0.146458333333333
14-Jun-2018,0.0924166666666666
15-Jun-2018,0.103666666666667
16-Jun-2018,0.1625
17-Jun-2018,0.146041666666667
18-Jun-2018,0.0510833333333333
19-Jun-2018,0.0103333333333334
20-Jun-2018,0.041875
21-Jun-2018,0.0510833333333333
22-Jun-2018,0.0171666666666667
23-Jun-2018,0.0341666666666667
24-Jun-2018,-0.0117083333333333
25-Jun-2018,-0.075
26-Jun-2018,-0.0356666666666667
27-Jun-2018,0.0627083333333333
28-Jun-2018,0.121958333333333
29-Jun-2018,0.106958333333333
30-Jun-2018,0.0732916666666666
01-Jul-2018,0.0617083333333333
02-Jul-2018,0.06925
03-Jul-2018,0.045375
04-Jul-2018,0.0614583333333333
05-Jul-2018,0.0323333333333333
06-Jul-2018,0.01725
07-Jul-2018,0.020875
08-Jul-2018,0.028125
09-Jul-2018,0.104625
10-Jul-2018,0.155958333333333
11-Jul-2018,0.150958333333333
12-Jul-2018,0.0992083333333333
13-Jul-2018,0.0584166666666666
14-Jul-2018,0.115125
15-Jul-2018,0.151375
16-Jul-2018,0.179625
17-Jul-2018,0.191
18-Jul-2018,0.130458333333333
19-Jul-2018,0.129125
20-Jul-2018,0.161041666666667
21-Jul-2018,0.178083333333333
22-Jul-2018,0.190583333333333
23-Jul-2018,0.237125
24-Jul-2018,0.142708333333333
25-Jul-2018,0.113166666666667
26-Jul-2018,0.0760416666666667
27-Jul-2018,0.0899166666666666
28-Jul-2018,0.0995416666666666
29-Jul-2018,0.135125
30-Jul-2018,0.175
31-Jul-2018,0.264458333333333
01-Aug-2018,0.294416666666667
02-Aug-2018,0.271208333333333
03-Aug-2018,0.259458333333333
04-Aug-2018,0.224208333333333
05-Aug-2018,0.156041666666667
06-Aug-2018,0.0930833333333333
07-Aug-2018,0.0885
08-Aug-2018,0.0540416666666667
09-Aug-2018,0.0544166666666667
10-Aug-2018,0.147333333333333
11-Aug-2018,0.224708333333333
12-Aug-2018,0.19975
13-Aug-2018,0.192458333333333
14-Aug-2018,0.242083333333333
15-Aug-2018,0.224958333333333
16-Aug-2018,0.19725
17-Aug-2018,0.155625
18-Aug-2018,0.192458333333333
19-Aug-2018,0.186916666666667
20-Aug-2018,0.196958333333333
21-Aug-2018,0.282041666666667
22-Aug-2018,0.287958333333333
23-Aug-2018,0.208083333333333
24-Aug-2018,0.294958333333333
25-Aug-2018,0.27975
26-Aug-2018,0.171333333333333
27-Aug-2018,0.1115
28-Aug-2018,0.0328333333333334
29-Aug-2018,0.0157083333333333
30-Aug-2018,0.0200833333333333
31-Aug-2018,0.01975
01-Sep-2018,0.02825
02-Sep-2018,0.101541666666667
03-Sep-2018,0.113041666666667
04-Sep-2018,0.0694166666666667
05-Sep-2018,0.107
06-Sep-2018,0.103208333333333
07-Sep-2018,0.0791666666666666
08-Sep-2018,0.0927916666666666
09-Sep-2018,0.208541666666667
10-Sep-2018,0.289125
11-Sep-2018,0.3215
12-Sep-2018,0.359416666666667
13-Sep-2018,0.303541666666667
14-Sep-2018,0.520333333333333
15-Sep-2018,0.9145
16-Sep-2018,0.966458333333334
17-Sep-2018,0.883458333333333
18-Sep-2018,0.720041666666667
19-Sep-2018,0.707625
20-Sep-2018,0.80325
21-Sep-2018,0.948333333333333
22-Sep-2018,1.035125
23-Sep-2018,1.036
24-Sep-2018,0.982416666666667
25-Sep-2018,0.9575
26-Sep-2018,0.904291666666666
27-Sep-2018,0.813166666666666
28-Sep-2018,0.702166666666666
29-Sep-2018,0.521541666666667
30-Sep-2018,0.537958333333333
01-Oct-2018,0.431208333333333
02-Oct-2018,0.355375
03-Oct-2018,0.329708333333333
04-Oct-2018,0.288208333333333
05-Oct-2018,0.301208333333333
06-Oct-2018,0.304125
07-Oct-2018,0.297
08-Oct-2018,0.277541666666667
09-Oct-2018,0.300208333333333
10-Oct-2018,0.381875
11-Oct-2018,0.607458333333333
12-Oct-2018,0.18975
13-Oct-2018,0.266875
14-Oct-2018,0.326166666666667
15-Oct-2018,0.286666666666667
16-Oct-2018,0.158083333333333
17-Oct-2018,0.0918333333333334
18-Oct-2018,0.0555416666666667
19-Oct-2018,0.115666666666667
20-Oct-2018,0.202833333333333
21-Oct-2018,0.0145416666666667
22-Oct-2018,0.162125
23-Oct-2018,0.185208333333333
24-Oct-2018,0.122208333333333
25-Oct-2018,0.134
26-Oct-2018,0.256416666666667
27-Oct-2018,0.287083333333333
28-Oct-2018,0.083
29-Oct-2018,0.157166666666667
30-Oct-2018,0.123166666666667
31-Oct-2018,0.193375
01-Nov-2018,0.188666666666667
02-Nov-2018,0.2435
03-Nov-2018,0.1205
04-Nov-2018,0.0461666666666667
05-Nov-2018,0.229041666666667
06-Nov-2018,0.164625
07-Nov-2018,0.162333333333333
08-Nov-2018,0.196583333333333
09-Nov-2018,0.272125
10-Nov-2018,0.205125
11-Nov-2018,0.134791666666667
12-Nov-2018,0.230625
13-Nov-2018,0.2105
14-Nov-2018,0.0314166666666666
15-Nov-2018,0.237041666666667
16-Nov-2018,0.130666666666667
17-Nov-2018,0.182291666666667
18-Nov-2018,0.263875
19-Nov-2018,0.319125
20-Nov-2018,0.375416666666667
21-Nov-2018,0.372416666666667
22-Nov-2018,0.374333333333333
23-Nov-2018,0.42
24-Nov-2018,0.626208333333333
25-Nov-2018,0.44075
26-Nov-2018,0.489208333333333
27-Nov-2018,0.351791666666667
28-Nov-2018,0.285958333333333
29-Nov-2018,0.263833333333333
30-Nov-2018,0.231
01-Dec-2018,0.192875
02-Dec-2018,0.313375
03-Dec-2018,0.279875
04-Dec-2018,0.185041666666667
05-Dec-2018,0.239833333333333
06-Dec-2018,0.179666666666667
07-Dec-2018,0.180541666666667
08-Dec-2018,0.1725
09-Dec-2018,0.331041666666667
10-Dec-2018,0.357958333333333
11-Dec-2018,0.379708333333333
12-Dec-2018,0.268833333333333
13-Dec-2018,0.156625
14-Dec-2018,0.234208333333333
15-Dec-2018,0.292083333333333
16-Dec-2018,0.185791666666667
17-Dec-2018,0.158291666666667
18-Dec-2018,0.226291666666667
19-Dec-2018,0.3045
20-Dec-2018,0.326083333333333
21-Dec-2018,0.489291666666667
22-Dec-2018,0.258625
23-Dec-2018,0.179458333333333
24-Dec-2018,0.182541666666667
25-Dec-2018,0.178208333333333
26-Dec-2018,0.152833333333333
27-Dec-2018,0.157583333333333
28-Dec-2018,0.229916666666667
29-Dec-2018,0.0179166666666667
30-Dec-2018,0.0101666666666667
31-Dec-2018,0.0401666666666667
01-Jan-2019,0.0474583333333334
02-Jan-2019,-0.0176666666666667
03-Jan-2019,0.107041666666667
04-Jan-2019,0.135958333333333
05-Jan-2019,0.188625
06-Jan-2019,0.075
07-Jan-2019,0.135916666666667
08-Jan-2019,0.210875
09-Jan-2019,0.08075
10-Jan-2019,0.0805
11-Jan-2019,0.189833333333333
12-Jan-2019,0.119333333333333
13-Jan-2019,0.196708333333333
14-Jan-2019,0.06375
15-Jan-2019,0.162541666666667
16-Jan-2019,0.150166666666667
17-Jan-2019,0.0524583333333333
18-Jan-2019,0.0487916666666667
19-Jan-2019,0.1095
20-Jan-2019,0.244625
21-Jan-2019,-0.031
22-Jan-2019,0.0582083333333333
23-Jan-2019,0.134625
24-Jan-2019,0.29775
25-Jan-2019,-0.023875
26-Jan-2019,0.0317916666666667
27-Jan-2019,0.0695833333333333
28-Jan-2019,0.110791666666667
29-Jan-2019,0.182625
30-Jan-2019,0.079625
31-Jan-2019,-0.006375
01-Feb-2019,0.0851666666666667
02-Feb-2019,0.0100416666666667
03-Feb-2019,0.0555416666666667
04-Feb-2019,0.131125
05-Feb-2019,0.182541666666667
06-Feb-2019,0.13025
07-Feb-2019,0.089875
08-Feb-2019,0.0785833333333333
09-Feb-2019,-0.0529166666666667
10-Feb-2019,0.09425
11-Feb-2019,0.0659583333333333
12-Feb-2019,0.0997916666666667
13-Feb-2019,0.038125
14-Feb-2019,0.0190416666666667
15-Feb-2019,0.0847916666666667
16-Feb-2019,0.060625
17-Feb-2019,0.103958333333333
18-Feb-2019,0.204833333333333
19-Feb-2019,0.0887916666666667
20-Feb-2019,0.216375
21-Feb-2019,0.234375
22-Feb-2019,0.208416666666667
23-Feb-2019,0.267041666666667
24-Feb-2019,0.293166666666667
25-Feb-2019,0.020625
26-Feb-2019,0.0432083333333333
27-Feb-2019,0.101375
28-Feb-2019,0.119583333333333
01-Mar-2019,0.213791666666667
02-Mar-2019,0.203833333333333
03-Mar-2019,0.302333333333333
04-Mar-2019,0.317875
05-Mar-2019,0.306583333333333
06-Mar-2019,0.220541666666667
07-Mar-2019,0.221208333333333
08-Mar-2019,0.191625
09-Mar-2019,0.213
10-Mar-2019,0.277875
11-Mar-2019,0.166291666666667
12-Mar-2019,0.205458333333333
13-Mar-2019,0.250875
14-Mar-2019,0.204875
15-Mar-2019,0.23625
16-Mar-2019,0.122583333333333
17-Mar-2019,0.119333333333333
18-Mar-2019,0.150708333333333
19-Mar-2019,0.0832916666666667
20-Mar-2019,0.211666666666667
21-Mar-2019,0.33275
22-Mar-2019,0.1855
23-Mar-2019,0.16475
24-Mar-2019,0.1345
25-Mar-2019,0.0847083333333334
26-Mar-2019,0.0223333333333333
27-Mar-2019,0.140375
28-Mar-2019,0.197458333333333
29-Mar-2019,0.173208333333333
30-Mar-2019,0.116208333333333
31-Mar-2019,0.109916666666667
01-Apr-2019,-0.0463333333333333
02-Apr-2019,0.0729583333333333
03-Apr-2019,0.0477916666666667
04-Apr-2019,-0.000166666666666664
05-Apr-2019,0.0547083333333333
06-Apr-2019,0.0847083333333333
07-Apr-2019,0.122291666666667
08-Apr-2019,0.0899166666666667
09-Apr-2019,0.0969583333333333
10-Apr-2019,0.240041666666667
11-Apr-2019,0.37875
12-Apr-2019,0.341458333333333
13-Apr-2019,0.232666666666667
14-Apr-2019,0.167291666666667
15-Apr-2019,0.171958333333333
16-Apr-2019,0.0348333333333333
17-Apr-2019,0.171875
18-Apr-2019,0.19875
19-Apr-2019,0.378
20-Apr-2019,0.383875
21-Apr-2019,0.181208333333333
22-Apr-2019,0.140041666666667
23-Apr-2019,0.239583333333333
24-Apr-2019,0.245291666666667
25-Apr-2019,0.240333333333333
26-Apr-2019,0.325333333333333
27-Apr-2019,0.15275
28-Apr-2019,0.19675
29-Apr-2019,0.10875
30-Apr-2019,0.175291666666667
01-May-2019,0.111958333333333
02-May-2019,0.0992916666666667
03-May-2019,0.134166666666667
04-May-2019,0.189
05-May-2019,0.270583333333333
06-May-2019,0.176625
07-May-2019,0.285875
08-May-2019,0.238583333333333
09-May-2019,0.200708333333333
10-May-2019,0.166708333333333
11-May-2019,0.162041666666667
12-May-2019,0.183333333333333
13-May-2019,0.187375
14-May-2019,0.208
15-May-2019,0.263666666666667
16-May-2019,0.291375
17-May-2019,0.232666666666667
18-May-2019,0.12475
19-May-2019,0.156958333333333
20-May-2019,0.156458333333333
21-May-2019,0.118833333333333
22-May-2019,0.0825833333333334
23-May-2019,0.0903333333333333
24-May-2019,0.061625
25-May-2019,0.0898333333333333
26-May-2019,0.19775
27-May-2019,0.13975
28-May-2019,0.138166666666667
29-May-2019,0.119291666666667
30-May-2019,0.12225
31-May-2019,0.13725
01-Jun-2019,0.1265
02-Jun-2019,0.225
03-Jun-2019,0.197333333333333
04-Jun-2019,0.178708333333333
05-Jun-2019,0.213916666666667
06-Jun-2019,0.159333333333333
07-Jun-2019,0.128083333333333
08-Jun-2019,0.138416666666667
09-Jun-2019,0.132125
10-Jun-2019,0.173375
11-Jun-2019,0.147958333333333
12-Jun-2019,0.1965
13-Jun-2019,0.199916666666667
14-Jun-2019,0.08325
15-Jun-2019,0.141875
16-Jun-2019,0.156958333333333
17-Jun-2019,0.149875
18-Jun-2019,0.147666666666667
19-Jun-2019,0.186125
20-Jun-2019,0.225166666666667
21-Jun-2019,0.0968333333333334
22-Jun-2019,0.145
23-Jun-2019,0.212208333333333
24-Jun-2019,0.200916666666667
25-Jun-2019,0.269958333333333
26-Jun-2019,0.195833333333333
27-Jun-2019,0.122333333333333
28-Jun-2019,0.07925
29-Jun-2019,0.09925
30-Jun-2019,0.135083333333333
01-Jul-2019,0.185916666666667
02-Jul-2019,0.285
03-Jul-2019,0.273333333333333
04-Jul-2019,0.277625
05-Jul-2019,0.272375
06-Jul-2019,0.276541666666667
07-Jul-2019,0.33025
08-Jul-2019,0.291
09-Jul-2019,0.22925
10-Jul-2019,0.195125
11-Jul-2019,0.101416666666667
12-Jul-2019,0.071625
13-Jul-2019,0.0594583333333334
14-Jul-2019,0.0441666666666667
15-Jul-2019,0.100083333333333
16-Jul-2019,0.134375
17-Jul-2019,0.198
18-Jul-2019,0.23375
19-Jul-2019,0.157875
20-Jul-2019,0.134291666666667
21-Jul-2019,0.131791666666667
22-Jul-2019,0.133666666666667
23-Jul-2019,0.164041666666667
24-Jul-2019,0.0515416666666667
25-Jul-2019,0.177833333333333
26-Jul-2019,0.265916666666667
27-Jul-2019,0.200083333333333
28-Jul-2019,0.14975
29-Jul-2019,0.138333333333333
30-Jul-2019,0.168583333333333
31-Jul-2019,0.234833333333333
01-Aug-2019,0.228333333333333
02-Aug-2019,0.265208333333333
03-Aug-2019,0.289583333333333
04-Aug-2019,0.265
05-Aug-2019,0.238916666666667
06-Aug-2019,0.179458333333333
07-Aug-2019,0.167041666666667
08-Aug-2019,0.1425
09-Aug-2019,0.099625
10-Aug-2019,0.102958333333333
11-Aug-2019,0.105916666666667
12-Aug-2019,0.099125
13-Aug-2019,0.158083333333333
14-Aug-2019,0.176583333333333
15-Aug-2019,0.137
16-Aug-2019,0.152333333333333
17-Aug-2019,0.157708333333333
18-Aug-2019,0.22575
19-Aug-2019,0.267
20-Aug-2019,0.117875
21-Aug-2019,0.051
22-Aug-2019,0.012
23-Aug-2019,0.0226666666666667
24-Aug-2019,0.0187916666666667
25-Aug-2019,0.13075
26-Aug-2019,0.292916666666667
27-Aug-2019,0.276
28-Aug-2019,0.328791666666667
29-Aug-2019,0.279541666666667
30-Aug-2019,0.290708333333333
31-Aug-2019,0.29275
01-Sep-2019,0.342833333333333
02-Sep-2019,0.380041666666667
03-Sep-2019,0.305666666666667
04-Sep-2019,0.29225
05-Sep-2019,0.424541666666667
06-Sep-2019,-0.0137083333333333
07-Sep-2019,0.237208333333333
08-Sep-2019,0.386333333333333
09-Sep-2019,0.294708333333333
10-Sep-2019,0.184541666666667
11-Sep-2019,0.172
12-Sep-2019,0.2195
13-Sep-2019,0.163208333333333
14-Sep-2019,0.206291666666667
15-Sep-2019,0.276125
16-Sep-2019,0.273041666666667
17-Sep-2019,0.293375
18-Sep-2019,0.306875
19-Sep-2019,0.324875
20-Sep-2019,0.33175
21-Sep-2019,0.25625
22-Sep-2019,0.126875
23-Sep-2019,0.119625
24-Sep-2019,0.16225
25-Sep-2019,0.200166666666667
26-Sep-2019,0.2515
27-Sep-2019,0.273291666666667
28-Sep-2019,0.272416666666667
29-Sep-2019,0.257625
30-Sep-2019,0.279375
01-Oct-2019,0.358708333333333
02-Oct-2019,0.346041666666667
03-Oct-2019,0.288708333333333
04-Oct-2019,0.208916666666667
05-Oct-2019,0.249541666666667
06-Oct-2019,0.34275
07-Oct-2019,0.311916666666667
08-Oct-2019,0.231708333333333
09-Oct-2019,0.232166666666667
10-Oct-2019,0.313458333333333
11-Oct-2019,0.431583333333333
12-Oct-2019,0.530416666666667
13-Oct-2019,0.522958333333333
14-Oct-2019,0.427083333333333
15-Oct-2019,0.269333333333333
16-Oct-2019,0.348125
17-Oct-2019,0.141625
18-Oct-2019,0.162041666666667
19-Oct-2019,0.09825
20-Oct-2019,0.292041666666667
21-Oct-2019,0.01775
22-Oct-2019,0.234583333333333
23-Oct-2019,0.158041666666667
24-Oct-2019,0.129541666666667
25-Oct-2019,0.1405
26-Oct-2019,0.152791666666667
27-Oct-2019,0.239708333333333
28-Oct-2019,0.146166666666667
29-Oct-2019,0.188208333333333
30-Oct-2019,0.235958333333333
31-Oct-2019,0.318833333333333
01-Nov-2019,0.187833333333333
02-Nov-2019,0.1505
03-Nov-2019,0.1435
04-Nov-2019,0.197375
05-Nov-2019,0.265125
06-Nov-2019,0.1605
07-Nov-2019,0.267041666666667
08-Nov-2019,0.225625
09-Nov-2019,0.319041666666667
10-Nov-2019,0.33975
11-Nov-2019,0.248166666666667
12-Nov-2019,0.252583333333333
13-Nov-2019,0.0922916666666667
14-Nov-2019,0.269625
15-Nov-2019,0.301375
16-Nov-2019,0.226916666666667
17-Nov-2019,0.147916666666667
18-Nov-2019,0.510875
19-Nov-2019,0.497125
20-Nov-2019,0.341583333333333
21-Nov-2019,0.205083333333333
22-Nov-2019,0.205833333333333
23-Nov-2019,0.132666666666667
24-Nov-2019,0.161625
25-Nov-2019,0.0821666666666667
26-Nov-2019,0.0982083333333333
27-Nov-2019,0.0447083333333334
28-Nov-2019,-0.059625
29-Nov-2019,-0.0350833333333333
30-Nov-2019,0.101458333333333
01-Dec-2019,0.235708333333333
02-Dec-2019,0.100125
03-Dec-2019,0.085875
04-Dec-2019,0.256083333333333
05-Dec-2019,0.106375
06-Dec-2019,0.115125
07-Dec-2019,0.0490416666666667
08-Dec-2019,0.0744166666666667
09-Dec-2019,0.057625
10-Dec-2019,0.0477083333333333
11-Dec-2019,-0.113916666666667
12-Dec-2019,-0.0872916666666667
13-Dec-2019,0.0865416666666667
14-Dec-2019,0.17675
15-Dec-2019,0.00929166666666669
16-Dec-2019,-0.025125
17-Dec-2019,0.0154583333333333
18-Dec-2019,0.00125
19-Dec-2019,0.024625
20-Dec-2019,-0.015625
21-Dec-2019,-0.078
22-Dec-2019,-0.04625
23-Dec-2019,0.131208333333333
24-Dec-2019,0.183416666666667
25-Dec-2019,0.256083333333333
26-Dec-2019,0.187041666666667
27-Dec-2019,0.1525
28-Dec-2019,0.148875
29-Dec-2019,0.17475
30-Dec-2019,0.230125
31-Dec-2019,0.109833333333333
01-Jan-2020,0.0864166666666667
02-Jan-2020,0.171541666666667
03-Jan-2020,0.169416666666667
04-Jan-2020,0.073
05-Jan-2020,-0.232916666666667
06-Jan-2020,-0.00191666666666669
07-Jan-2020,0.0331666666666667
08-Jan-2020,-0.0695833333333333
09-Jan-2020,-0.100791666666667
10-Jan-2020,-0.01125
11-Jan-2020,0.0158333333333333
12-Jan-2020,0.0386666666666666
13-Jan-2020,-0.0875416666666667
14-Jan-2020,-0.089875
15-Jan-2020,0.0209583333333333
16-Jan-2020,0.12625
17-Jan-2020,-0.00104166666666667
18-Jan-2020,0.126375
19-Jan-2020,0.124291666666667
20-Jan-2020,-0.0496666666666667
21-Jan-2020,0.00804166666666667
22-Jan-2020,0.107291666666667
23-Jan-2020,0.177291666666667
24-Jan-2020,0.154875
25-Jan-2020,0.101625
26-Jan-2020,-0.0421666666666667
27-Jan-2020,0.0580416666666667
28-Jan-2020,0.0630416666666666
29-Jan-2020,0.0859583333333333
30-Jan-2020,0.107
31-Jan-2020,0.134125
01-Feb-2020,0.175875
02-Feb-2020,0.16975
03-Feb-2020,0.0320833333333333
04-Feb-2020,0.0420833333333334
05-Feb-2020,-0.0235833333333333
06-Feb-2020,0.0965416666666667
07-Feb-2020,0.301333333333333
08-Feb-2020,-0.0442916666666667
09-Feb-2020,0.0379583333333334
10-Feb-2020,0.093
11-Feb-2020,0.235416666666667
12-Feb-2020,0.195375
13-Feb-2020,0.327
14-Feb-2020,0.177208333333333
15-Feb-2020,0.178833333333333
16-Feb-2020,0.196041666666667
17-Feb-2020,0.167916666666667
18-Feb-2020,0.194041666666667
19-Feb-2020,0.122958333333333
20-Feb-2020,0.172833333333333
21-Feb-2020,0.158375
22-Feb-2020,0.259291666666667
23-Feb-2020,0.194416666666667
24-Feb-2020,0.217125
25-Feb-2020,0.246583333333333
26-Feb-2020,0.241
27-Feb-2020,0.215541666666667
28-Feb-2020,0.178666666666667
29-Feb-2020,0.0689583333333333
01-Mar-2020,0.0132083333333333
02-Mar-2020,0.075875
03-Mar-2020,0.07325
04-Mar-2020,0.017125
05-Mar-2020,0.01425
06-Mar-2020,0.0215
07-Mar-2020,-0.191083333333333
08-Mar-2020,0.0295
09-Mar-2020,0.111083333333333
10-Mar-2020,0.0864166666666666
11-Mar-2020,0.0696666666666666
12-Mar-2020,0.121625
13-Mar-2020,0.161666666666667
14-Mar-2020,0.0122083333333333
15-Mar-2020,0.0917083333333333
16-Mar-2020,0.131791666666667
17-Mar-2020,0.120458333333333
18-Mar-2020,0.0544166666666667
19-Mar-2020,0.0795833333333333
20-Mar-2020,-0.0136666666666667
21-Mar-2020,-0.0954166666666666
22-Mar-2020,-0.11925
23-Mar-2020,0.058375
24-Mar-2020,0.046625
25-Mar-2020,0.199708333333333
26-Mar-2020,0.148625
27-Mar-2020,0.260625
28-Mar-2020,0.232125
29-Mar-2020,0.217958333333333
30-Mar-2020,0.112
31-Mar-2020,0.190541666666667
01-Apr-2020,0.26575
02-Apr-2020,0.308708333333333
03-Apr-2020,0.227916666666667
04-Apr-2020,0.213208333333333
05-Apr-2020,0.265416666666667
06-Apr-2020,0.312333333333333
07-Apr-2020,0.274166666666667
08-Apr-2020,0.273833333333333
09-Apr-2020,0.282791666666667
10-Apr-2020,0.257833333333333
11-Apr-2020,0.188083333333333
12-Apr-2020,0.2005
13-Apr-2020,0.352708333333333
14-Apr-2020,-0.000166666666666643
15-Apr-2020,0.0158333333333333
16-Apr-2020,0.1565
17-Apr-2020,0.0350833333333333
18-Apr-2020,0.0129166666666667
19-Apr-2020,0.0141666666666667
20-Apr-2020,0.0649583333333333
21-Apr-2020,0.198791666666667
22-Apr-2020,0.0784166666666666
23-Apr-2020,0.0963333333333334
24-Apr-2020,0.11325
25-Apr-2020,0.0814583333333333
26-Apr-2020,0.220416666666667
27-Apr-2020,0.00462499999999998
28-Apr-2020,0.0719166666666667
29-Apr-2020,0.103791666666667
30-Apr-2020,0.266375
01-May-2020,0.0545
02-May-2020,0.0260416666666667
03-May-2020,0.125666666666667
04-May-2020,0.079625
05-May-2020,0.0865416666666666
06-May-2020,0.2245
07-May-2020,0.150666666666667
08-May-2020,0.249541666666667
09-May-2020,0.0906666666666667
10-May-2020,0.137958333333333
11-May-2020,0.0940416666666667
12-May-2020,0.00324999999999999
13-May-2020,0.019125
14-May-2020,0.0219583333333333
15-May-2020,0.00937500000000001
16-May-2020,-0.0369583333333333
17-May-2020,-0.0122083333333333
18-May-2020,0.086125
19-May-2020,0.147208333333333
20-May-2020,0.188458333333333
21-May-2020,0.342666666666667
22-May-2020,0.210333333333333
23-May-2020,0.157333333333333
24-May-2020,0.13475
25-May-2020,0.224916666666667
26-May-2020,0.309833333333333
27-May-2020,0.409125
28-May-2020,0.389041666666667
29-May-2020,0.316625
30-May-2020,0.269708333333333
31-May-2020,0.246041666666667
01-Jun-2020,0.319
02-Jun-2020,0.27975
03-Jun-2020,0.308041666666667
04-Jun-2020,0.279208333333333
05-Jun-2020,0.345125
06-Jun-2020,0.352166666666667
07-Jun-2020,0.299916666666667
08-Jun-2020,0.39575
09-Jun-2020,0.415666666666667
10-Jun-2020,0.44025
11-Jun-2020,0.405208333333333
12-Jun-2020,0.308083333333333
13-Jun-2020,0.216208333333333
14-Jun-2020,0.215833333333333
15-Jun-2020,0.181125
16-Jun-2020,0.205375
17-Jun-2020,0.21225
18-Jun-2020,0.164833333333333
19-Jun-2020,0.177875
20-Jun-2020,0.177958333333333
21-Jun-2020,0.196375
22-Jun-2020,0.216916666666667
23-Jun-2020,0.261958333333333
24-Jun-2020,0.283833333333333
25-Jun-2020,0.307
26-Jun-2020,0.286875
27-Jun-2020,0.264875
28-Jun-2020,0.256625
29-Jun-2020,0.246666666666667
30-Jun-2020,0.222291666666667
01-Jul-2020,0.1905
02-Jul-2020,0.180208333333333
03-Jul-2020,0.198958333333333
04-Jul-2020,0.2415
05-Jul-2020,0.273708333333333
06-Jul-2020,0.253375
07-Jul-2020,0.196083333333333
08-Jul-2020,0.221916666666667
09-Jul-2020,0.265833333333333
10-Jul-2020,0.291208333333333
11-Jul-2020,0.320041666666667
12-Jul-2020,0.299125
13-Jul-2020,0.238708333333333
14-Jul-2020,0.177041666666667
15-Jul-2020,0.142583333333333
16-Jul-2020,0.134291666666667
17-Jul-2020,0.128541666666667
18-Jul-2020,0.155583333333333
19-Jul-2020,0.161791666666667
20-Jul-2020,0.172791666666667
21-Jul-2020,0.161625
22-Jul-2020,0.189541666666667
23-Jul-2020,0.189625
24-Jul-2020,0.124625
25-Jul-2020,0.074375
26-Jul-2020,0.0807083333333334
27-Jul-2020,0.115875
28-Jul-2020,0.117333333333333
29-Jul-2020,0.090375
30-Jul-2020,0.12825
31-Jul-2020,0.16125
01-Aug-2020,0.183958333333333
02-Aug-2020,0.239416666666667
03-Aug-2020,0.301125
04-Aug-2020,0.587666666666666
05-Aug-2020,0.271791666666667
06-Aug-2020,0.326125
07-Aug-2020,0.326125
08-Aug-2020,0.332375
09-Aug-2020,0.343833333333333
10-Aug-2020,0.3325
11-Aug-2020,0.3065
12-Aug-2020,0.269375
13-Aug-2020,0.26975
14-Aug-2020,0.212583333333333
15-Aug-2020,0.266541666666667
16-Aug-2020,0.26925
17-Aug-2020,0.218666666666667
18-Aug-2020,0.280166666666667
19-Aug-2020,0.267708333333333
20-Aug-2020,0.273708333333333
21-Aug-2020,0.315541666666667
22-Aug-2020,0.339416666666667
23-Aug-2020,0.241791666666667
24-Aug-2020,0.155833333333333
25-Aug-2020,0.0720833333333333
26-Aug-2020,0.0278333333333333
27-Aug-2020,0.131666666666667
28-Aug-2020,0.085625
29-Aug-2020,0.114166666666667
30-Aug-2020,0.0500833333333334
31-Aug-2020,0.13875
01-Sep-2020,0.128083333333333
02-Sep-2020,0.143416666666667
03-Sep-2020,0.193833333333333
04-Sep-2020,0.166791666666667
05-Sep-2020,0.129875
06-Sep-2020,0.195958333333333
07-Sep-2020,0.229375
08-Sep-2020,0.247291666666667
09-Sep-2020,0.30575
10-Sep-2020,0.259791666666667
11-Sep-2020,0.128166666666667
12-Sep-2020,0.111708333333333
13-Sep-2020,0.272833333333333
14-Sep-2020,0.278375
15-Sep-2020,0.335708333333333
16-Sep-2020,0.378541666666667
17-Sep-2020,0.430083333333333
18-Sep-2020,0.440333333333333
19-Sep-2020,0.389875
20-Sep-2020,0.396166666666667
21-Sep-2020,0.356708333333333
22-Sep-2020,0.433958333333333
23-Sep-2020,0.446333333333333
24-Sep-2020,0.336916666666667
25-Sep-2020,0.300625
26-Sep-2020,0.242458333333333
27-Sep-2020,0.226375
28-Sep-2020,0.29675
29-Sep-2020,0.381916666666667
30-Sep-2020,0.391375
01-Oct-2020,0.318833333333333
02-Oct-2020,0.332875
03-Oct-2020,0.380125
04-Oct-2020,0.434875
05-Oct-2020,0.422166666666667
06-Oct-2020,0.36225
07-Oct-2020,0.337125
08-Oct-2020,0.268708333333333
09-Oct-2020,0.232791666666667
10-Oct-2020,0.286541666666667
11-Oct-2020,0.242291666666667
12-Oct-2020,0.196833333333333
13-Oct-2020,0.187833333333333
14-Oct-2020,0.343666666666667
15-Oct-2020,0.398666666666667
16-Oct-2020,0.341666666666667
17-Oct-2020,0.257625
18-Oct-2020,0.345125
19-Oct-2020,0.329375
20-Oct-2020,0.334541666666667
21-Oct-2020,0.328458333333333
22-Oct-2020,0.32075
23-Oct-2020,0.305916666666667
24-Oct-2020,0.257333333333333
25-Oct-2020,0.235916666666667
26-Oct-2020,0.23275
27-Oct-2020,0.250125
28-Oct-2020,0.264375
29-Oct-2020,0.374625
30-Oct-2020,0.236125
31-Oct-2020,0.153875
01-Nov-2020,0.413875
02-Nov-2020,0.140291666666667
03-Nov-2020,0.24925
04-Nov-2020,0.1685
05-Nov-2020,0.0695833333333333
06-Nov-2020,0.174416666666667
07-Nov-2020,0.16225
08-Nov-2020,0.207458333333333
09-Nov-2020,0.208208333333333
10-Nov-2020,0.207375
11-Nov-2020,0.258916666666667
12-Nov-2020,0.314958333333333
13-Nov-2020,0.398291666666667
14-Nov-2020,0.409083333333333
15-Nov-2020,0.500041666666667
16-Nov-2020,0.405541666666667
17-Nov-2020,0.376208333333333
18-Nov-2020,0.265958333333333
19-Nov-2020,0.355458333333333
20-Nov-2020,0.316291666666667
21-Nov-2020,0.230458333333333
22-Nov-2020,0.213208333333333
23-Nov-2020,0.190083333333333
24-Nov-2020,0.178291666666667
25-Nov-2020,0.248625
26-Nov-2020,0.184041666666667
27-Nov-2020,0.0677916666666667
28-Nov-2020,0.114125
29-Nov-2020,0.138375
30-Nov-2020,0.372416666666667
01-Dec-2020,0.0464166666666667
02-Dec-2020,-0.0319583333333333
03-Dec-2020,0.0276666666666667
04-Dec-2020,0.0739583333333333
05-Dec-2020,0.104458333333333
06-Dec-2020,0.0914166666666667
07-Dec-2020,0.240416666666667
08-Dec-2020,0.130166666666667
09-Dec-2020,0.16625
10-Dec-2020,0.100708333333333
11-Dec-2020,0.118708333333333
12-Dec-2020,0.124791666666667
13-Dec-2020,0.121583333333333
14-Dec-2020,0.161958333333333
15-Dec-2020,0.0224166666666667
16-Dec-2020,0.340291666666667
17-Dec-2020,0.193208333333333
18-Dec-2020,0.143125
19-Dec-2020,0.1675
20-Dec-2020,0.251625
21-Dec-2020,0.271916666666667
22-Dec-2020,0.14
23-Dec-2020,0.108166666666667
24-Dec-2020,0.260458333333333
25-Dec-2020,0.094625
26-Dec-2020,-0.107041666666667
27-Dec-2020,-0.0143333333333333
28-Dec-2020,0.0290833333333333
29-Dec-2020,0.006
30-Dec-2020,0.125041666666667
31-Dec-2020,0.183125
01-Jan-2021,0.0285416666666667
02-Jan-2021,0.134375
03-Jan-2021,0.162291666666667
04-Jan-2021,0.189708333333333
05-Jan-2021,0.285833333333333
06-Jan-2021,0.251041666666667
07-Jan-2021,0.328458333333333
08-Jan-2021,0.395958333333333
09-Jan-2021,0.393958333333333
10-Jan-2021,0.3245
11-Jan-2021,0.291041666666667
12-Jan-2021,0.262416666666667
13-Jan-2021,0.310541666666667
14-Jan-2021,0.29575
15-Jan-2021,0.334916666666667
16-Jan-2021,0.309875
17-Jan-2021,0.0728333333333333
18-Jan-2021,0.037125
19-Jan-2021,-0.0723333333333334
20-Jan-2021,-0.0925
21-Jan-2021,0.0259583333333333
22-Jan-2021,0.018375
23-Jan-2021,0.034125
24-Jan-2021,0.0427083333333333
25-Jan-2021,0.100791666666667
26-Jan-2021,0.1375
27-Jan-2021,0.0876666666666667
28-Jan-2021,0.0990833333333333
29-Jan-2021,0.151083333333333
30-Jan-2021,0.250458333333333
31-Jan-2021,0.3215
01-Feb-2021,0.287125
02-Feb-2021,0.325083333333333
03-Feb-2021,0.250958333333333
04-Feb-2021,0.248166666666667
05-Feb-2021,0.260583333333333
06-Feb-2021,0.0700416666666667
07-Feb-2021,0.0660416666666667
08-Feb-2021,0.0396666666666667
09-Feb-2021,0.11325
10-Feb-2021,0.0993333333333333
11-Feb-2021,0.182833333333333
12-Feb-2021,0.182291666666667
13-Feb-2021,0.250208333333333
14-Feb-2021,0.227875
15-Feb-2021,0.314166666666667
16-Feb-2021,0.398708333333333
17-Feb-2021,0.140416666666667
18-Feb-2021,0.241875
19-Feb-2021,0.27025
20-Feb-2021,0.2535
21-Feb-2021,0.226125
22-Feb-2021,0.326666666666667
23-Feb-2021,0.224125
24-Feb-2021,0.234666666666667
25-Feb-2021,0.209541666666667
26-Feb-2021,0.263041666666667
27-Feb-2021,0.302833333333333
28-Feb-2021,0.246958333333333
01-Mar-2021,0.290583333333333
02-Mar-2021,0.171291666666667
03-Mar-2021,0.315083333333333
04-Mar-2021,0.316833333333333
05-Mar-2021,0.203791666666667
06-Mar-2021,0.212708333333333
07-Mar-2021,0.176166666666667
08-Mar-2021,0.137791666666667
09-Mar-2021,0.0426666666666667
10-Mar-2021,0.0162916666666667
11-Mar-2021,0.0260416666666667
12-Mar-2021,0.0585833333333334
13-Mar-2021,0.0042916666666667
14-Mar-2021,0.109625
15-Mar-2021,0.0595
16-Mar-2021,0.137833333333333
17-Mar-2021,0.152958333333333
18-Mar-2021,0.274083333333333
19-Mar-2021,0.134625
20-Mar-2021,0.120708333333333
21-Mar-2021,0.187083333333333
22-Mar-2021,0.158458333333333
23-Mar-2021,0.198208333333333
24-Mar-2021,0.119916666666667
25-Mar-2021,0.0375416666666667
26-Mar-2021,0.0359166666666667
27-Mar-2021,-0.0234583333333333
28-Mar-2021,0.0767083333333334
29-Mar-2021,0.0135000000000001
30-Mar-2021,0.0945833333333334
31-Mar-2021,0.146875
01-Apr-2021,0.0916666666666667
02-Apr-2021,0.021375
03-Apr-2021,0.113
04-Apr-2021,0.0997916666666667
05-Apr-2021,0.0300416666666667
06-Apr-2021,0.07025
07-Apr-2021,0.0283333333333333
08-Apr-2021,0.107791666666667
09-Apr-2021,0.157375
10-Apr-2021,0.1545
11-Apr-2021,0.178583333333333
12-Apr-2021,0.142583333333333
13-Apr-2021,0.142291666666667
14-Apr-2021,0.272
15-Apr-2021,0.240375
16-Apr-2021,0.2285
17-Apr-2021,0.259625
18-Apr-2021,0.224625
19-Apr-2021,0.223791666666667
20-Apr-2021,0.173708333333333
21-Apr-2021,0.179583333333333
22-Apr-2021,0.00108333333333336
23-Apr-2021,0.072125
24-Apr-2021,0.082375
25-Apr-2021,0.192375
26-Apr-2021,0.150958333333333
27-Apr-2021,0.207083333333333
28-Apr-2021,0.199833333333333
29-Apr-2021,0.214416666666667
30-Apr-2021,0.157625
01-May-2021,0.132666666666667
02-May-2021,0.191375
03-May-2021,0.104958333333333
04-May-2021,0.0739166666666667
05-May-2021,0.0448333333333333
06-May-2021,-0.00966666666666665
07-May-2021,0.152458333333333
08-May-2021,0.067125
09-May-2021,-0.0215416666666667
10-May-2021,0.019
11-May-2021,-0.0551666666666667
12-May-2021,0.000208333333333308
13-May-2021,0.027875
14-May-2021,0.048
15-May-2021,0.0946666666666667
16-May-2021,0.113666666666667
17-May-2021,0.085625
18-May-2021,0.04825
19-May-2021,0.00545833333333333
20-May-2021,-0.0752916666666667
21-May-2021,-0.0965
22-May-2021,-0.0709166666666666
23-May-2021,-0.1025
24-May-2021,-0.0672083333333334
25-May-2021,-0.0174583333333333
26-May-2021,0.0411666666666666
27-May-2021,0.0595416666666666
28-May-2021,0.116875
29-May-2021,0.212625
30-May-2021,0.0969166666666667
31-May-2021,0.151291666666667
01-Jun-2021,0.133208333333333
02-Jun-2021,0.0599583333333333
03-Jun-2021,0.106041666666667
04-Jun-2021,0.167833333333333
05-Jun-2021,0.0977916666666667
06-Jun-2021,0.0136666666666667
07-Jun-2021,-0.00737499999999999
08-Jun-2021,-0.00537500000000002
09-Jun-2021,0.0240416666666667
10-Jun-2021,0.0585000000000001
11-Jun-2021,0.121375
12-Jun-2021,0.180333333333333
13-Jun-2021,0.305458333333333
14-Jun-2021,0.382333333333333
15-Jun-2021,0.286791666666667
16-Jun-2021,0.205
17-Jun-2021,0.203875
18-Jun-2021,0.136791666666667
19-Jun-2021,0.147
20-Jun-2021,0.06125
21-Jun-2021,0.00225
22-Jun-2021,-0.012125
23-Jun-2021,-0.0836666666666667
24-Jun-2021,0.0803333333333333
25-Jun-2021,0.0919166666666667
26-Jun-2021,0.106916666666667
27-Jun-2021,0.152708333333333
28-Jun-2021,0.168625
29-Jun-2021,0.100541666666667
30-Jun-2021,0.0794583333333333
01-Jul-2021,0.0975
02-Jul-2021,0.0670416666666667
03-Jul-2021,0.060625
04-Jul-2021,0.081125
05-Jul-2021,0.122958333333333
06-Jul-2021,0.115666666666667
07-Jul-2021,0.129041666666667
08-Jul-2021,0.339916666666667
09-Jul-2021,0.19425
10-Jul-2021,0.202458333333333
11-Jul-2021,0.263375
12-Jul-2021,0.245416666666667
13-Jul-2021,0.199083333333333
14-Jul-2021,0.170958333333333
15-Jul-2021,0.161333333333333
16-Jul-2021,0.137625
17-Jul-2021,0.0915
18-Jul-2021,0.0385416666666667
19-Jul-2021,0.0172083333333333
20-Jul-2021,0.0312916666666667
21-Jul-2021,0.0960833333333333
22-Jul-2021,0.145375
23-Jul-2021,0.185875
24-Jul-2021,0.20825
25-Jul-2021,0.225375
26-Jul-2021,0.289958333333333
27-Jul-2021,0.303
28-Jul-2021,0.312791666666667
29-Jul-2021,0.222791666666667
30-Jul-2021,0.185
31-Jul-2021,0.096
01-Aug-2021,0.17725
02-Aug-2021,0.154958333333333
03-Aug-2021,0.215708333333333
04-Aug-2021,0.182958333333333
05-Aug-2021,0.13425
06-Aug-2021,0.1755
07-Aug-2021,0.197833333333333
08-Aug-2021,0.216458333333333
09-Aug-2021,0.232166666666667
10-Aug-2021,0.239875
11-Aug-2021,0.262708333333333
12-Aug-2021,0.249
13-Aug-2021,0.237583333333333
14-Aug-2021,0.175041666666667
15-Aug-2021,0.0996666666666666
16-Aug-2021,0.108666666666667
17-Aug-2021,0.199916666666667
18-Aug-2021,0.22875
19-Aug-2021,0.131916666666667
20-Aug-2021,0.150083333333333
21-Aug-2021,0.231375
22-Aug-2021,0.210208333333333
23-Aug-2021,0.19425
24-Aug-2021,0.190416666666667
25-Aug-2021,0.164333333333333
26-Aug-2021,0.134291666666667
27-Aug-2021,0.143708333333333
28-Aug-2021,0.115125
29-Aug-2021,0.114208333333333
30-Aug-2021,0.19575
31-Aug-2021,0.243
01-Sep-2021,0.252458333333333
02-Sep-2021,0.036875
03-Sep-2021,0.122458333333333
04-Sep-2021,0.208666666666667
05-Sep-2021,0.199916666666667
06-Sep-2021,0.124291666666667
07-Sep-2021,0.166125
08-Sep-2021,0.236583333333333
09-Sep-2021,0.274166666666667
10-Sep-2021,0.259708333333333
11-Sep-2021,0.238333333333333
12-Sep-2021,0.158291666666667
13-Sep-2021,0.0903333333333333
14-Sep-2021,0.106625
15-Sep-2021,0.169083333333333
16-Sep-2021,0.169291666666667
17-Sep-2021,0.158375
18-Sep-2021,0.152541666666667
19-Sep-2021,0.242333333333333
20-Sep-2021,0.245916666666667
21-Sep-2021,0.299208333333333
22-Sep-2021,0.346458333333333
23-Sep-2021,0.322666666666667
24-Sep-2021,0.1735
25-Sep-2021,0.245583333333333
26-Sep-2021,0.235791666666667
27-Sep-2021,0.228333333333333
28-Sep-2021,0.204791666666667
29-Sep-2021,0.196333333333333
30-Sep-2021,0.239041666666667
01-Oct-2021,0.165708333333333
02-Oct-2021,0.180125
03-Oct-2021,0.19875
04-Oct-2021,0.206166666666667
05-Oct-2021,0.158416666666667
06-Oct-2021,0.177375
07-Oct-2021,0.209333333333333
08-Oct-2021,0.2075
09-Oct-2021,0.258958333333333
10-Oct-2021,0.286083333333333
11-Oct-2021,0.337166666666667
12-Oct-2021,0.294583333333333
13-Oct-2021,0.251083333333333
14-Oct-2021,0.244708333333333
15-Oct-2021,0.186333333333333
16-Oct-2021,0.204791666666667
17-Oct-2021,0.118666666666667
18-Oct-2021,0.201333333333333
19-Oct-2021,0.156916666666667
20-Oct-2021,0.172708333333333
21-Oct-2021,0.141625
22-Oct-2021,0.16225
23-Oct-2021,0.112916666666667
24-Oct-2021,0.143208333333333
25-Oct-2021,0.186208333333333
26-Oct-2021,0.1685
27-Oct-2021,0.0685833333333333
28-Oct-2021,0.288833333333333
29-Oct-2021,0.502625
30-Oct-2021,0.295458333333333
31-Oct-2021,0.304541666666667
01-Nov-2021,0.230125
02-Nov-2021,0.218625
03-Nov-2021,0.149
04-Nov-2021,0.221666666666667
05-Nov-2021,0.231291666666667
06-Nov-2021,0.276625
07-Nov-2021,0.2585
08-Nov-2021,0.392875
09-Nov-2021,0.47475
10-Nov-2021,0.38725
11-Nov-2021,0.29925
12-Nov-2021,0.290333333333333
13-Nov-2021,0.24525
14-Nov-2021,0.214791666666667
15-Nov-2021,0.19775
16-Nov-2021,0.120708333333333
17-Nov-2021,0.06075
18-Nov-2021,-0.000208333333333363
19-Nov-2021,-0.107291666666667
20-Nov-2021,-0.0112083333333333
21-Nov-2021,0.084625
22-Nov-2021,0.0785416666666666
23-Nov-2021,0.0483333333333333
24-Nov-2021,0.13925
25-Nov-2021,0.117208333333333
26-Nov-2021,0.0560416666666667
27-Nov-2021,0.0105416666666667
28-Nov-2021,0.09525
29-Nov-2021,-0.0344166666666666
30-Nov-2021,0.0192916666666666
01-Dec-2021,-0.0214583333333333
02-Dec-2021,0.0160833333333333
03-Dec-2021,0.0215
04-Dec-2021,0.110333333333333
05-Dec-2021,0.09725
06-Dec-2021,0.152791666666667
07-Dec-2021,0.092
08-Dec-2021,0.212666666666667
09-Dec-2021,0.135041666666667
10-Dec-2021,0.12125
11-Dec-2021,0.0844583333333333
12-Dec-2021,-0.03825
13-Dec-2021,0.0204583333333333
14-Dec-2021,-0.07375
15-Dec-2021,-0.137875
16-Dec-2021,-0.0602916666666667
17-Dec-2021,-0.0369583333333333
18-Dec-2021,-0.027375
19-Dec-2021,0.0240833333333334
20-Dec-2021,0.0652916666666667
21-Dec-2021,0.218708333333333
22-Dec-2021,0.238958333333333
23-Dec-2021,0.132666666666667
24-Dec-2021,0.122208333333333
25-Dec-2021,0.0505833333333333
26-Dec-2021,-0.0417916666666666
27-Dec-2021,0.036625
28-Dec-2021,0.0570416666666667
29-Dec-2021,0.0734166666666667
30-Dec-2021,0.113625
31-Dec-2021,0.154
01-Jan-2022,0.2675
02-Jan-2022,0.27475
03-Jan-2022,0.25875
04-Jan-2022,0.144083333333333
05-Jan-2022,0.408416666666667
06-Jan-2022,0.385
07-Jan-2022,0.338291666666667
08-Jan-2022,0.208041666666667
09-Jan-2022,0.23675
10-Jan-2022,0.0929166666666666
11-Jan-2022,0.0686666666666667
12-Jan-2022,0.0697916666666667
13-Jan-2022,0.0494166666666667
14-Jan-2022,0.0452916666666667
15-Jan-2022,0.0387916666666666
16-Jan-2022,0.271708333333333
17-Jan-2022,0.145166666666667
18-Jan-2022,-0.0119166666666667
19-Jan-2022,0.0912083333333333
20-Jan-2022,0.0645833333333333
21-Jan-2022,-0.0281666666666667
22-Jan-2022,0.06075
23-Jan-2022,0.186666666666667
24-Jan-2022,0.197041666666667
25-Jan-2022,0.162291666666667
26-Jan-2022,0.0590416666666667
27-Jan-2022,0.123791666666667
28-Jan-2022,0.169416666666667
29-Jan-2022,0.168833333333333
30-Jan-2022,0.151166666666667
31-Jan-2022,0.194125
01-Feb-2022,0.134041666666667
02-Feb-2022,0.122375
03-Feb-2022,0.116791666666667
04-Feb-2022,0.0980833333333333
05-Feb-2022,-0.0812083333333333
06-Feb-2022,-0.030375
07-Feb-2022,0.112791666666667
08-Feb-2022,0.0265416666666667
09-Feb-2022,0.0847083333333333
10-Feb-2022,0.0320416666666667
11-Feb-2022,-0.0274166666666667
12-Feb-2022,-0.0438333333333334
13-Feb-2022,-0.0461666666666667
14-Feb-2022,-0.000583333333333313
15-Feb-2022,-0.0647083333333333
16-Feb-2022,-0.0189166666666667
17-Feb-2022,0.0447083333333333
18-Feb-2022,0.178958333333333
19-Feb-2022,0.0300833333333333
20-Feb-2022,-0.00708333333333333
21-Feb-2022,0.0201666666666667
22-Feb-2022,-0.0464166666666667
23-Feb-2022,-0.0481666666666667
24-Feb-2022,-0.0872916666666667
25-Feb-2022,-0.0516666666666667
26-Feb-2022,-0.131833333333333
27-Feb-2022,0.05725
28-Feb-2022,0.00283333333333332
01-Mar-2022,0.124833333333333
02-Mar-2022,0.0740833333333334
03-Mar-2022,0.0634583333333334
04-Mar-2022,0.0524166666666666
05-Mar-2022,0.144833333333333
06-Mar-2022,0.08175
07-Mar-2022,-0.035625
08-Mar-2022,-0.113166666666667
09-Mar-2022,-0.0367916666666667
10-Mar-2022,-0.0679166666666667
11-Mar-2022,0.005125
12-Mar-2022,0.111083333333333
13-Mar-2022,-0.257541666666667
14-Mar-2022,-0.1355
15-Mar-2022,-0.150458333333333
16-Mar-2022,-0.0406666666666667
17-Mar-2022,0.110416666666667
18-Mar-2022,0.0650416666666667
19-Mar-2022,0.201458333333333
20-Mar-2022,0.10725
21-Mar-2022,0.0829166666666666
22-Mar-2022,0.183416666666667
23-Mar-2022,0.185125
24-Mar-2022,0.123375
25-Mar-2022,0.0767083333333333
26-Mar-2022,0.0569583333333333
27-Mar-2022,0.0707916666666667
28-Mar-2022,0.067125
29-Mar-2022,0.0141666666666667
30-Mar-2022,0.09775
31-Mar-2022,0.235166666666667
01-Apr-2022,0.199375
02-Apr-2022,0.1005
03-Apr-2022,0.200666666666667
04-Apr-2022,0.188416666666667
05-Apr-2022,0.201416666666667
06-Apr-2022,0.185166666666667
07-Apr-2022,0.187333333333333
08-Apr-2022,0.222
09-Apr-2022,0.110375
10-Apr-2022,-0.057875
11-Apr-2022,0.0578333333333333
12-Apr-2022,0.0192083333333333
13-Apr-2022,0.00716666666666668
14-Apr-2022,0.065125
15-Apr-2022,0.00183333333333333
16-Apr-2022,0.128958333333333
17-Apr-2022,0.112541666666667
18-Apr-2022,0.256333333333333
19-Apr-2022,0.129458333333333
20-Apr-2022,0.0935
21-Apr-2022,0.097375
22-Apr-2022,0.0658333333333334
23-Apr-2022,0.0585416666666667
24-Apr-2022,0.064375
25-Apr-2022,0.035625
26-Apr-2022,0.03525
27-Apr-2022,0.00754166666666665
28-Apr-2022,0.0760833333333333
29-Apr-2022,0.115083333333333
30-Apr-2022,0.0699166666666666
01-May-2022,0.0680833333333333
02-May-2022,0.0714583333333333
03-May-2022,-0.0155833333333333
04-May-2022,0.0357083333333333
05-May-2022,0.0722916666666667
06-May-2022,0.193541666666667
07-May-2022,0.21075
08-May-2022,0.0624583333333333
09-May-2022,0.196041666666667
10-May-2022,0.328625
11-May-2022,0.382666666666667
12-May-2022,0.451916666666667
13-May-2022,0.399208333333333
14-May-2022,0.28225
15-May-2022,0.234875
16-May-2022,0.294208333333333
17-May-2022,0.268875
18-May-2022,0.273458333333333
19-May-2022,0.308666666666667
20-May-2022,0.2715
21-May-2022,0.253541666666667
22-May-2022,0.203166666666667
23-May-2022,0.131541666666667
24-May-2022,0.107375
25-May-2022,0.00545833333333334
26-May-2022,0.0775416666666667
27-May-2022,0.188958333333333
28-May-2022,0.143583333333333
29-May-2022,0.106625
30-May-2022,0.0914583333333333
31-May-2022,0.111041666666667
01-Jun-2022,0.149458333333333
02-Jun-2022,0.20475
03-Jun-2022,0.223041666666667
04-Jun-2022,0.204041666666667
05-Jun-2022,0.3205
06-Jun-2022,0.36025
07-Jun-2022,0.260958333333333
08-Jun-2022,0.194916666666667
09-Jun-2022,0.225333333333333
10-Jun-2022,0.136125
11-Jun-2022,0.202
12-Jun-2022,0.177583333333333
13-Jun-2022,0.1475
14-Jun-2022,0.121916666666667
15-Jun-2022,0.151458333333333
16-Jun-2022,0.237875
17-Jun-2022,0.135916666666667
18-Jun-2022,0.150958333333333
19-Jun-2022,0.16175
20-Jun-2022,0.154333333333333
21-Jun-2022,0.10375
22-Jun-2022,0.12375
23-Jun-2022,0.087375
24-Jun-2022,0.122208333333333
25-Jun-2022,0.124458333333333
26-Jun-2022,0.098875
27-Jun-2022,0.116708333333333
28-Jun-2022,0.0962916666666667
29-Jun-2022,0.0939166666666667
30-Jun-2022,0.0818333333333333
01-Jul-2022,0.116
02-Jul-2022,0.181416666666667
03-Jul-2022,0.160166666666667
04-Jul-2022,0.137791666666667
05-Jul-2022,0.172666666666667
06-Jul-2022,0.124625
07-Jul-2022,0.0446666666666667
08-Jul-2022,0.0121666666666667
09-Jul-2022,0.031125
10-Jul-2022,0.04775
11-Jul-2022,0.159333333333333
12-Jul-2022,0.198958333333333
13-Jul-2022,0.166041666666667
14-Jul-2022,0.0989166666666667
15-Jul-2022,0.11325
16-Jul-2022,0.171666666666667
17-Jul-2022,0.256375
18-Jul-2022,0.288541666666667
19-Jul-2022,0.26275
20-Jul-2022,0.20175
21-Jul-2022,0.178958333333333
22-Jul-2022,0.0860833333333333
23-Jul-2022,0.0335
24-Jul-2022,0.0562083333333333
25-Jul-2022,0.0457083333333333
26-Jul-2022,0.0137916666666667
27-Jul-2022,0.0284583333333333
28-Jul-2022,0.05775
29-Jul-2022,0.0965833333333334
30-Jul-2022,0.0680416666666667
31-Jul-2022,0.133208333333333
01-Aug-2022,0.164208333333333
02-Aug-2022,0.104458333333333
03-Aug-2022,0.113458333333333
04-Aug-2022,0.0867916666666667
05-Aug-2022,0.060375
06-Aug-2022,0.032875
07-Aug-2022,-0.0430833333333333
08-Aug-2022,-0.0579583333333334
09-Aug-2022,-0.0236666666666667
10-Aug-2022,-0.0571666666666666
11-Aug-2022,-0.0872083333333333
12-Aug-2022,0.0193333333333334
13-Aug-2022,0.1425
14-Aug-2022,0.276208333333333
15-Aug-2022,0.30225
16-Aug-2022,0.348166666666667
17-Aug-2022,0.26375
18-Aug-2022,0.23825
19-Aug-2022,0.156916666666667
20-Aug-2022,0.0573333333333333
21-Aug-2022,0.0281666666666667
22-Aug-2022,-0.00487499999999999
23-Aug-2022,-0.03475
24-Aug-2022,-0.0195
25-Aug-2022,0.00404166666666665
26-Aug-2022,0.0825
27-Aug-2022,0.132958333333333
28-Aug-2022,0.182458333333333
29-Aug-2022,0.192416666666667
30-Aug-2022,0.247
31-Aug-2022,0.186458333333333
01-Sep-2022,0.170041666666667
02-Sep-2022,0.214666666666667
03-Sep-2022,0.158625
04-Sep-2022,0.0894583333333333
05-Sep-2022,0.123625
06-Sep-2022,0.133875
07-Sep-2022,0.0981666666666667
08-Sep-2022,0.135125
09-Sep-2022,0.294958333333333
10-Sep-2022,0.33775
11-Sep-2022,0.275291666666667
12-Sep-2022,0.26125
13-Sep-2022,0.287708333333333
14-Sep-2022,0.25875
15-Sep-2022,0.286666666666667
16-Sep-2022,0.251791666666667
17-Sep-2022,0.214458333333333
18-Sep-2022,0.167833333333333
19-Sep-2022,0.153583333333333
20-Sep-2022,0.150791666666667
21-Sep-2022,0.180291666666667
22-Sep-2022,0.277583333333333
23-Sep-2022,0.225666666666667
24-Sep-2022,0.318
25-Sep-2022,0.301708333333333
26-Sep-2022,0.302541666666667
27-Sep-2022,0.22825
28-Sep-2022,0.206833333333333
29-Sep-2022,0.231333333333333
30-Sep-2022,0.484041666666667
01-Oct-2022,0.542666666666667
02-Oct-2022,0.342
03-Oct-2022,0.258625
04-Oct-2022,0.344666666666667
05-Oct-2022,0.427083333333333
06-Oct-2022,0.337875
07-Oct-2022,0.243208333333333
08-Oct-2022,0.150666666666667
09-Oct-2022,0.188083333333333
10-Oct-2022,0.236458333333333
11-Oct-2022,0.178875
12-Oct-2022,0.164791666666667
13-Oct-2022,0.298875
14-Oct-2022,0.2985
15-Oct-2022,0.263416666666667
16-Oct-2022,0.249791666666667
17-Oct-2022,0.274375
18-Oct-2022,0.222958333333333
19-Oct-2022,0.167583333333333
20-Oct-2022,0.124208333333333
21-Oct-2022,0.0879583333333333
22-Oct-2022,0.107291666666667
23-Oct-2022,0.2335
24-Oct-2022,0.244791666666667
25-Oct-2022,0.240916666666667
26-Oct-2022,0.235
27-Oct-2022,0.201333333333333
28-Oct-2022,0.261041666666667
29-Oct-2022,0.222708333333333
30-Oct-2022,0.29
31-Oct-2022,0.319875
01-Nov-2022,0.23325
02-Nov-2022,0.113416666666667
03-Nov-2022,0.144916666666667
04-Nov-2022,0.174875
05-Nov-2022,0.174083333333333
06-Nov-2022,0.153166666666667
07-Nov-2022,0.102291666666667
08-Nov-2022,0.0839583333333333
09-Nov-2022,0.15075
10-Nov-2022,0.337791666666667
11-Nov-2022,0.451791666666667
12-Nov-2022,0.300125
13-Nov-2022,0.113208333333333
14-Nov-2022,0.0802916666666667
15-Nov-2022,0.2535
16-Nov-2022,0.179458333333333
17-Nov-2022,0.12125
18-Nov-2022,0.121666666666667
19-Nov-2022,0.108625
20-Nov-2022,0.040625
21-Nov-2022,-0.0108333333333333
22-Nov-2022,0.0228333333333333
23-Nov-2022,0.0609583333333334
24-Nov-2022,0.0810833333333334
25-Nov-2022,0.176291666666667
26-Nov-2022,0.151291666666667
27-Nov-2022,0.332125
28-Nov-2022,0.167708333333333
29-Nov-2022,0.097625
30-Nov-2022,0.204875
01-Dec-2022,0.0336666666666667
02-Dec-2022,0.0800833333333333
03-Dec-2022,0.0797083333333333
04-Dec-2022,0.00574999999999999
05-Dec-2022,0.184041666666667
06-Dec-2022,0.178125
07-Dec-2022,0.126166666666667
08-Dec-2022,0.0660416666666667
09-Dec-2022,0.115416666666667
10-Dec-2022,0.163083333333333
11-Dec-2022,0.207125
12-Dec-2022,0.210583333333333
13-Dec-2022,0.257666666666667
14-Dec-2022,0.265208333333333
15-Dec-2022,0.339875
16-Dec-2022,0.1595
17-Dec-2022,0.113541666666667
18-Dec-2022,0.192416666666667
19-Dec-2022,0.120875
20-Dec-2022,0.0862083333333333
21-Dec-2022,0.0905833333333333
22-Dec-2022,0.34125
23-Dec-2022,0.279958333333333
24-Dec-2022,0.020625
25-Dec-2022,0.097875
26-Dec-2022,0.0310416666666667
27-Dec-2022,-0.0502083333333333
28-Dec-2022,-0.0737916666666667
29-Dec-2022,-0.0885416666666666
30-Dec-2022,-0.071375
31-Dec-2022,-0.027875
01-Jan-2023,-0.0540416666666667
02-Jan-2023,-0.0264583333333333
03-Jan-2023,-0.00504166666666666
04-Jan-2023,0.040375
05-Jan-2023,0.0193333333333333
06-Jan-2023,-0.00029166666666665
07-Jan-2023,0.0479583333333333
08-Jan-2023,0.108458333333333
09-Jan-2023,0.140791666666667
10-Jan-2023,0.194958333333333
11-Jan-2023,0.167166666666667
12-Jan-2023,0.133166666666667
13-Jan-2023,0.154708333333333
14-Jan-2023,0.064875
15-Jan-2023,0.100666666666667
16-Jan-2023,0.179333333333333
17-Jan-2023,0.16575
18-Jan-2023,0.068375
19-Jan-2023,0.0237916666666667
20-Jan-2023,-0.00441666666666667
21-Jan-2023,-0.0927083333333333
22-Jan-2023,0.08075
23-Jan-2023,0.122708333333333
24-Jan-2023,-0.04325
25-Jan-2023,0.161375
26-Jan-2023,0.118333333333333
27-Jan-2023,-0.0478333333333333
28-Jan-2023,0.009875
29-Jan-2023,-0.00845833333333334
30-Jan-2023,0.03775
31-Jan-2023,0.047
01-Feb-2023,0.0102916666666667
02-Feb-2023,0.0609583333333333
03-Feb-2023,0.114041666666667
04-Feb-2023,-0.020125
05-Feb-2023,0.0568333333333333
06-Feb-2023,-0.0610833333333333
07-Feb-2023,-0.0645833333333333
08-Feb-2023,-0.0463333333333334
09-Feb-2023,0.0599166666666667
10-Feb-2023,0.120541666666667
11-Feb-2023,0.00920833333333332
12-Feb-2023,0.157791666666667
13-Feb-2023,-0.00483333333333334
14-Feb-2023,0.101291666666667
15-Feb-2023,0.0863333333333334
16-Feb-2023,0.03525
17-Feb-2023,0.078625
18-Feb-2023,-0.0983333333333333
19-Feb-2023,0.0555416666666667
20-Feb-2023,0.0842916666666667
21-Feb-2023,0.107041666666667
22-Feb-2023,0.10275
23-Feb-2023,0.15975
24-Feb-2023,0.0176666666666667
25-Feb-2023,0.0491666666666667
26-Feb-2023,0.02275
27-Feb-2023,0.125333333333333
28-Feb-2023,0.176125
01-Mar-2023,0.108625
02-Mar-2023,0.189625
03-Mar-2023,0.165291666666667
04-Mar-2023,0.241125
05-Mar-2023,0.078375
06-Mar-2023,0.172291666666667
07-Mar-2023,0.189875
08-Mar-2023,0.143958333333333
09-Mar-2023,0.264875
10-Mar-2023,0.403083333333333
11-Mar-2023,0.346958333333333
12-Mar-2023,0.342791666666667
13-Mar-2023,0.348416666666667
14-Mar-2023,0.320708333333333
15-Mar-2023,0.185875
16-Mar-2023,0.218875
17-Mar-2023,0.193125
18-Mar-2023,0.152583333333333
19-Mar-2023,0.118541666666667
20-Mar-2023,0.128416666666667
21-Mar-2023,0.163666666666667
22-Mar-2023,0.140416666666667
23-Mar-2023,0.0865
24-Mar-2023,0.107625
25-Mar-2023,0.1125
26-Mar-2023,0.122
27-Mar-2023,0.121
28-Mar-2023,0.0600833333333333
29-Mar-2023,0.1405
30-Mar-2023,0.154625
31-Mar-2023,0.0848333333333333
01-Apr-2023,0.114041666666667
02-Apr-2023,0.00629166666666666
03-Apr-2023,0.0687916666666667
04-Apr-2023,0.0912916666666667
05-Apr-2023,0.0940833333333333
06-Apr-2023,0.09675
07-Apr-2023,0.116333333333333
08-Apr-2023,0.147041666666667
09-Apr-2023,0.230291666666667
10-Apr-2023,0.277833333333333
11-Apr-2023,0.311458333333333
12-Apr-2023,0.244583333333333
13-Apr-2023,0.235708333333333
14-Apr-2023,0.21525
15-Apr-2023,0.179583333333333
16-Apr-2023,0.136375
17-Apr-2023,0.16925
18-Apr-2023,0.204791666666667
19-Apr-2023,0.226375
20-Apr-2023,0.209291666666667
21-Apr-2023,0.178791666666667
22-Apr-2023,0.257625
23-Apr-2023,0.2045
24-Apr-2023,0.206708333333333
25-Apr-2023,0.226916666666667
26-Apr-2023,0.254083333333333
27-Apr-2023,0.246708333333333
28-Apr-2023,0.316875
29-Apr-2023,0.2545
30-Apr-2023,0.370166666666667
01-May-2023,0.168833333333333
02-May-2023,0.153458333333333
03-May-2023,0.167416666666667
04-May-2023,0.157083333333333
05-May-2023,0.173833333333333
06-May-2023,0.173958333333333
07-May-2023,0.189
08-May-2023,0.18475
09-May-2023,0.158458333333333
10-May-2023,0.169666666666667
11-May-2023,0.206208333333333
12-May-2023,0.13375
13-May-2023,0.114625
14-May-2023,0.106208333333333
15-May-2023,0.0925833333333333
16-May-2023,0.161708333333333
17-May-2023,0.138458333333333
18-May-2023,0.166666666666667
19-May-2023,0.260583333333333
20-May-2023,0.141166666666667
21-May-2023,0.084625
22-May-2023,0.152875
23-May-2023,0.177791666666667
24-May-2023,0.281958333333333
25-May-2023,0.317291666666667
26-May-2023,0.250708333333333
27-May-2023,0.198208333333333
28-May-2023,0.283541666666667
29-May-2023,0.194
30-May-2023,0.171541666666667
31-May-2023,0.187166666666667
01-Jun-2023,0.274375
02-Jun-2023,0.269291666666667
03-Jun-2023,0.271833333333333
04-Jun-2023,0.264958333333333
05-Jun-2023,0.387333333333333
06-Jun-2023,0.315791666666667
07-Jun-2023,0.28575
08-Jun-2023,0.293583333333333
09-Jun-2023,0.227208333333333
10-Jun-2023,0.203458333333333
11-Jun-2023,0.166375
12-Jun-2023,0.175875
13-Jun-2023,0.124666666666667
14-Jun-2023,0.138666666666667
15-Jun-2023,0.194166666666667
16-Jun-2023,0.221958333333333
17-Jun-2023,0.197291666666667
18-Jun-2023,0.242958333333333
19-Jun-2023,0.266875
20-Jun-2023,0.299375
21-Jun-2023,0.333833333333333
22-Jun-2023,0.381458333333333
23-Jun-2023,0.382541666666667
24-Jun-2023,0.27575
25-Jun-2023,0.2795
26-Jun-2023,0.310583333333333
27-Jun-2023,0.266541666666667
28-Jun-2023,0.145291666666667
29-Jun-2023,0.178708333333333
30-Jun-2023,0.210458333333333
01-Jul-2023,0.171791666666667
02-Jul-2023,0.172666666666667
03-Jul-2023,0.224458333333333
04-Jul-2023,0.291041666666667
05-Jul-2023,0.322375
06-Jul-2023,0.327625
07-Jul-2023,0.3255
08-Jul-2023,0.315458333333333
09-Jul-2023,0.349375
10-Jul-2023,0.300541666666667
11-Jul-2023,0.282041666666667
12-Jul-2023,0.239708333333333
13-Jul-2023,0.221166666666667
14-Jul-2023,0.237875
15-Jul-2023,0.23975
16-Jul-2023,0.235916666666667
17-Jul-2023,0.1485
18-Jul-2023,0.150375
19-Jul-2023,0.1965
20-Jul-2023,0.213041666666667
21-Jul-2023,0.284833333333333
22-Jul-2023,0.280041666666667
23-Jul-2023,0.238958333333333
24-Jul-2023,0.225291666666667
25-Jul-2023,0.178833333333333
26-Jul-2023,0.162125
27-Jul-2023,0.089375
28-Jul-2023,0.0108333333333333
29-Jul-2023,-0.0185
30-Jul-2023,0.010375
31-Jul-2023,0.164541666666667
01-Aug-2023,0.235541666666667
02-Aug-2023,0.261833333333333
03-Aug-2023,0.312583333333333
04-Aug-2023,0.315
05-Aug-2023,0.195791666666667
06-Aug-2023,0.199541666666667
07-Aug-2023,0.219625
08-Aug-2023,0.124125
09-Aug-2023,0.0635416666666667
10-Aug-2023,0.125
11-Aug-2023,0.0665833333333333
12-Aug-2023,0.0267083333333334
13-Aug-2023,0.0165
14-Aug-2023,0.0593333333333333
15-Aug-2023,0.131375
16-Aug-2023,0.178375
17-Aug-2023,0.169791666666667
18-Aug-2023,0.139625
19-Aug-2023,0.0714166666666666
20-Aug-2023,0.0838333333333334
21-Aug-2023,0.0507916666666667
22-Aug-2023,0.04375
23-Aug-2023,0.142041666666667
24-Aug-2023,0.254041666666667
25-Aug-2023,0.141666666666667
26-Aug-2023,0.0933333333333333
27-Aug-2023,0.0679583333333333
28-Aug-2023,0.158333333333333
29-Aug-2023,0.213625
30-Aug-2023,0.287083333333333
31-Aug-2023,0.288625
01-Sep-2023,0.460125
02-Sep-2023,0.495583333333333
03-Sep-2023,0.477208333333333
04-Sep-2023,0.451
05-Sep-2023,0.378875
06-Sep-2023,0.3445
07-Sep-2023,0.364625
08-Sep-2023,0.336791666666667
09-Sep-2023,0.234833333333333
10-Sep-2023,0.207666666666667
11-Sep-2023,0.157291666666667
12-Sep-2023,0.14125
13-Sep-2023,0.127166666666667
14-Sep-2023,0.161791666666667
15-Sep-2023,0.262208333333333
16-Sep-2023,0.316291666666667
17-Sep-2023,0.324
18-Sep-2023,0.267791666666667
19-Sep-2023,0.163583333333333
20-Sep-2023,0.141458333333333
21-Sep-2023,0.167458333333333
22-Sep-2023,0.0962083333333333
23-Sep-2023,0.0835416666666666
24-Sep-2023,0.191625
25-Sep-2023,0.274625
26-Sep-2023,0.251666666666667
27-Sep-2023,0.305875
28-Sep-2023,0.446375
29-Sep-2023,0.479125
30-Sep-2023,0.422166666666667
01-Oct-2023,0.401958333333333
02-Oct-2023,0.433708333333333
03-Oct-2023,0.431375
04-Oct-2023,0.384375
05-Oct-2023,0.323291666666667
06-Oct-2023,0.297916666666667
07-Oct-2023,0.306
08-Oct-2023,0.2665
09-Oct-2023,0.289625
10-Oct-2023,0.258875
11-Oct-2023,0.270666666666667
12-Oct-2023,0.287958333333333
13-Oct-2023,0.398375
14-Oct-2023,0.501541666666667
15-Oct-2023,0.368
16-Oct-2023,0.453541666666667
17-Oct-2023,0.408416666666667
18-Oct-2023,0.354833333333333
19-Oct-2023,0.326083333333333
20-Oct-2023,0.355375
21-Oct-2023,0.25725
22-Oct-2023,0.202125
23-Oct-2023,0.165875
24-Oct-2023,0.145041666666667
25-Oct-2023,0.151416666666667
26-Oct-2023,0.181833333333333
27-Oct-2023,0.196458333333333
28-Oct-2023,0.231625
29-Oct-2023,0.277875
30-Oct-2023,0.338791666666667
31-Oct-2023,0.32225
01-Nov-2023,0.325083333333333
02-Nov-2023,0.313375
03-Nov-2023,0.299666666666667
04-Nov-2023,0.301416666666667
05-Nov-2023,0.328583333333333
06-Nov-2023,0.314125
07-Nov-2023,0.209458333333333
08-Nov-2023,0.146458333333333
09-Nov-2023,0.142666666666667
10-Nov-2023,0.0752916666666666
11-Nov-2023,0.0834583333333333
12-Nov-2023,0.150875
13-Nov-2023,0.202666666666667
14-Nov-2023,0.201
15-Nov-2023,0.176458333333333
16-Nov-2023,0.176333333333333
17-Nov-2023,0.20725
18-Nov-2023,0.21825
19-Nov-2023,0.244916666666667
20-Nov-2023,0.247333333333333
21-Nov-2023,0.266166666666667
22-Nov-2023,0.24075
23-Nov-2023,0.0942083333333333
24-Nov-2023,0.221541666666667
25-Nov-2023,0.127583333333333
26-Nov-2023,0.2775
27-Nov-2023,0.268416666666667
28-Nov-2023,0.192333333333333
29-Nov-2023,0.159958333333333
30-Nov-2023,0.21325
01-Dec-2023,0.221333333333333
02-Dec-2023,0.192666666666667
03-Dec-2023,0.213458333333333
04-Dec-2023,0.199291666666667
05-Dec-2023,0.184958333333333
06-Dec-2023,0.129083333333333
07-Dec-2023,0.135291666666667
08-Dec-2023,0.0960833333333333
09-Dec-2023,0.043375
10-Dec-2023,0.111666666666667
11-Dec-2023,0.0299583333333333
12-Dec-2023,0.0347083333333333
13-Dec-2023,0.0475
14-Dec-2023,0.00495833333333333
15-Dec-2023,0.09025
16-Dec-2023,0.0947916666666666
17-Dec-2023,0.452625
18-Dec-2023,0.410875
19-Dec-2023,0.09475
20-Dec-2023,0.150958333333333
21-Dec-2023,0.1075
22-Dec-2023,0.146041666666667
23-Dec-2023,0.121875
24-Dec-2023,0.176833333333333
25-Dec-2023,0.213375
26-Dec-2023,0.232333333333333
27-Dec-2023,0.297125
28-Dec-2023,0.220875
29-Dec-2023,0.252791666666667
30-Dec-2023,0.123708333333333
31-Dec-2023,0.143291666666667
01-Jan-2024,0.133333333333333
02-Jan-2024,0.105375
03-Jan-2024,0.267291666666667
04-Jan-2024,0.186208333333333
05-Jan-2024,0.128708333333333
06-Jan-2024,0.266
07-Jan-2024,0.114291666666667
08-Jan-2024,-0.0159583333333333
09-Jan-2024,0.393208333333333
10-Jan-2024,0.326083333333333
11-Jan-2024,0.127041666666667
12-Jan-2024,0.183041666666667
13-Jan-2024,0.394875
14-Jan-2024,0.174583333333333
15-Jan-2024,0.177208333333333
16-Jan-2024,0.257791666666667
17-Jan-2024,0.169083333333333
18-Jan-2024,0.159875
19-Jan-2024,0.131
20-Jan-2024,-0.0554583333333334
21-Jan-2024,-0.054375
22-Jan-2024,-0.00941666666666668
23-Jan-2024,-0.0402916666666667
24-Jan-2024,-0.0635416666666667
25-Jan-2024,-0.070375
26-Jan-2024,0.00499999999999999
27-Jan-2024,0.00924999999999996
28-Jan-2024,0.152708333333333
29-Jan-2024,0.0159166666666667
30-Jan-2024,0.181791666666667
31-Jan-2024,0.235333333333333
01-Feb-2024,0.30075
02-Feb-2024,0.281958333333333
03-Feb-2024,0.178333333333333
04-Feb-2024,0.244
05-Feb-2024,0.277208333333333
06-Feb-2024,0.252416666666667
07-Feb-2024,0.256833333333333
08-Feb-2024,0.278625
09-Feb-2024,0.22375
10-Feb-2024,0.158916666666667
11-Feb-2024,0.134958333333333
12-Feb-2024,0.12525
13-Feb-2024,0.203625
14-Feb-2024,0.092
15-Feb-2024,0.156875
16-Feb-2024,0.140625
17-Feb-2024,0.106125
18-Feb-2024,0.08475
19-Feb-2024,0.0914583333333333
20-Feb-2024,0.0987916666666667
21-Feb-2024,0.103041666666667
22-Feb-2024,0.19525
23-Feb-2024,0.251041666666667
24-Feb-2024,0.0971666666666666
25-Feb-2024,0.10925
26-Feb-2024,0.179458333333333
27-Feb-2024,0.0840833333333333
28-Feb-2024,0.149666666666667
29-Feb-2024,-0.0554583333333333
01-Mar-2024,-0.020125
02-Mar-2024,0.0593333333333334
03-Mar-2024,-0.0477916666666667
04-Mar-2024,0.00858333333333334
05-Mar-2024,0.05075
06-Mar-2024,0.130125
07-Mar-2024,0.135875
08-Mar-2024,0.12725
09-Mar-2024,0.299083333333333
10-Mar-2024,0.266208333333333
11-Mar-2024,0.119875
12-Mar-2024,0.204625
13-Mar-2024,0.155791666666667
14-Mar-2024,0.1335
15-Mar-2024,0.182375
16-Mar-2024,0.144
17-Mar-2024,0.287416666666667
18-Mar-2024,0.193416666666667
19-Mar-2024,0.156875
20-Mar-2024,0.193916666666667
21-Mar-2024,0.0747916666666667
22-Mar-2024,0.204208333333333
23-Mar-2024,0.31
24-Mar-2024,0.0983333333333333
25-Mar-2024,0.20375
26-Mar-2024,0.283083333333333
27-Mar-2024,0.31275
28-Mar-2024,0.3295
29-Mar-2024,0.296333333333333
30-Mar-2024,0.195583333333333
31-Mar-2024,0.145333333333333
01-Apr-2024,0.136291666666667
02-Apr-2024,0.180833333333333
03-Apr-2024,0.314291666666667
04-Apr-2024,0.175583333333333
05-Apr-2024,0.123583333333333
06-Apr-2024,0.13825
07-Apr-2024,0.189041666666667
08-Apr-2024,0.189833333333333
09-Apr-2024,0.173916666666667
10-Apr-2024,0.175833333333333
11-Apr-2024,0.361125
12-Apr-2024,0.320166666666667
13-Apr-2024,-0.0445
14-Apr-2024,0.0773333333333333
15-Apr-2024,0.165291666666667
16-Apr-2024,0.103166666666667
17-Apr-2024,0.0993333333333333
18-Apr-2024,0.04175
19-Apr-2024,0.0767916666666667
20-Apr-2024,0.180833333333333
21-Apr-2024,0.145541666666667
22-Apr-2024,0.158666666666667
23-Apr-2024,0.204583333333333
24-Apr-2024,0.17975
25-Apr-2024,0.0377083333333333
26-Apr-2024,0.0961666666666667
27-Apr-2024,0.118125
28-Apr-2024,0.0552916666666667
29-Apr-2024,0.0469166666666667
30-Apr-2024,0.0974583333333333
01-May-2024,0.0887916666666667
02-May-2024,0.0555
03-May-2024,0.091375
04-May-2024,0.076375
05-May-2024,0.137875
06-May-2024,0.0990833333333334
07-May-2024,0.0840833333333333
08-May-2024,0.119583333333333
09-May-2024,0.139
10-May-2024,0.170708333333333
11-May-2024,0.234416666666667
12-May-2024,0.315333333333333
13-May-2024,0.264125
14-May-2024,0.284666666666667
15-May-2024,0.232083333333333
16-May-2024,0.250625
17-May-2024,0.272958333333333
18-May-2024,0.371875
19-May-2024,0.290833333333333
20-May-2024,0.342708333333333
21-May-2024,0.353583333333333
22-May-2024,0.291166666666667
23-May-2024,0.247333333333333
24-May-2024,0.233666666666667
25-May-2024,0.215
26-May-2024,0.241333333333333
27-May-2024,0.254708333333333
28-May-2024,0.215791666666667
29-May-2024,0.195375
30-May-2024,0.17575
31-May-2024,0.129625
01-Jun-2024,0.126875
02-Jun-2024,0.110958333333333
03-Jun-2024,0.104416666666667
04-Jun-2024,0.145875
05-Jun-2024,0.178
06-Jun-2024,0.205208333333333
07-Jun-2024,0.193375
08-Jun-2024,0.183208333333333
09-Jun-2024,0.246958333333333
10-Jun-2024,0.18375
11-Jun-2024,0.157583333333333
12-Jun-2024,0.151541666666667
13-Jun-2024,0.15875
14-Jun-2024,0.155625
15-Jun-2024,0.151208333333333
16-Jun-2024,0.10325
17-Jun-2024,0.116916666666667
18-Jun-2024,0.0971666666666666
19-Jun-2024,0.102541666666667
20-Jun-2024,0.0484583333333334
21-Jun-2024,0.072625
22-Jun-2024,0.11725
23-Jun-2024,0.129458333333333
24-Jun-2024,0.136375
25-Jun-2024,0.108166666666667
26-Jun-2024,0.187541666666667
27-Jun-2024,0.184041666666667
28-Jun-2024,0.13575
29-Jun-2024,0.132708333333333
30-Jun-2024,0.0827083333333333
01-Jul-2024,0.030875
02-Jul-2024,0.0999583333333333
03-Jul-2024,0.0745
04-Jul-2024,0.0913333333333334
05-Jul-2024,0.178458333333333
06-Jul-2024,0.168208333333333
07-Jul-2024,0.109083333333333
08-Jul-2024,0.109875
09-Jul-2024,0.127583333333333
10-Jul-2024,0.154916666666667
11-Jul-2024,0.129291666666667
12-Jul-2024,0.147041666666667
13-Jul-2024,0.00162499999999999
14-Jul-2024,0.0137916666666667
15-Jul-2024,0.070125
16-Jul-2024,0.0754166666666667
17-Jul-2024,0.0844166666666667
18-Jul-2024,0.0827083333333333
19-Jul-2024,0.0619166666666667
20-Jul-2024,0.0864166666666666
21-Jul-2024,0.128625
22-Jul-2024,0.205416666666667
23-Jul-2024,0.259458333333333
24-Jul-2024,0.292708333333333
25-Jul-2024,0.238708333333333
26-Jul-2024,0.257958333333333
27-Jul-2024,0.269541666666667
28-Jul-2024,0.329791666666667
29-Jul-2024,0.302125
30-Jul-2024,0.258666666666667
31-Jul-2024,0.21475
01-Aug-2024,0.202708333333333
02-Aug-2024,0.208166666666667
03-Aug-2024,0.167458333333333
04-Aug-2024,0.11925
05-Aug-2024,0.111833333333333
06-Aug-2024,0.222458333333333
07-Aug-2024,0.321291666666667
08-Aug-2024,0.623083333333333
09-Aug-2024,0.43875
10-Aug-2024,0.315416666666667
11-Aug-2024,0.300958333333333
12-Aug-2024,0.317916666666667
13-Aug-2024,0.358541666666667
14-Aug-2024,0.384875
15-Aug-2024,0.364958333333333
16-Aug-2024,0.39425
17-Aug-2024,0.43575
18-Aug-2024,0.483791666666667
19-Aug-2024,0.466541666666667
20-Aug-2024,0.4165
21-Aug-2024,0.428875
22-Aug-2024,0.425166666666667
23-Aug-2024,0.383
24-Aug-2024,0.320375
25-Aug-2024,0.263541666666667
26-Aug-2024,0.212208333333333
27-Aug-2024,0.164666666666667
28-Aug-2024,0.101666666666667
29-Aug-2024,0.112
30-Aug-2024,0.0628333333333333
31-Aug-2024,0.140625
01-Sep-2024,0.228208333333333
02-Sep-2024,0.1705
03-Sep-2024,0.148958333333333
04-Sep-2024,0.312625
05-Sep-2024,0.301166666666667
06-Sep-2024,0.340416666666667
07-Sep-2024,0.369375
08-Sep-2024,0.364958333333333
09-Sep-2024,0.367875
10-Sep-2024,0.281083333333333
11-Sep-2024,0.231833333333333
12-Sep-2024,0.216166666666667
13-Sep-2024,0.210041666666667
14-Sep-2024,0.232583333333333
15-Sep-2024,0.329708333333333
16-Sep-2024,0.48675
17-Sep-2024,0.575083333333334
18-Sep-2024,0.551916666666667
19-Sep-2024,0.590125
20-Sep-2024,0.669333333333333
21-Sep-2024,0.670166666666667
22-Sep-2024,0.674083333333333
23-Sep-2024,0.641125
24-Sep-2024,0.634666666666667
25-Sep-2024,0.571833333333333
26-Sep-2024,0.5285
27-Sep-2024,0.649833333333333
28-Sep-2024,0.435916666666667
29-Sep-2024,0.471583333333333
30-Sep-2024,0.5155
01-Oct-2024,0.522583333333333
02-Oct-2024,0.499083333333333
03-Oct-2024,0.567041666666667
04-Oct-2024,0.549791666666667
05-Oct-2024,0.499125
06-Oct-2024,0.47
07-Oct-2024,0.472041666666667
08-Oct-2024,0.422833333333333
09-Oct-2024,0.493
10-Oct-2024,0.410875
11-Oct-2024,0.374416666666667
12-Oct-2024,0.3385
13-Oct-2024,0.241125
14-Oct-2024,0.18525
15-Oct-2024,0.0809166666666667
16-Oct-2024,0.114958333333333
17-Oct-2024,0.153791666666667
18-Oct-2024,0.191958333333333
19-Oct-2024,0.181958333333333
20-Oct-2024,0.264041666666667
21-Oct-2024,0.257583333333333
22-Oct-2024,0.197083333333333
23-Oct-2024,0.141416666666667
24-Oct-2024,0.112875
25-Oct-2024,0.175625
26-Oct-2024,0.119583333333333
27-Oct-2024,0.127291666666667
28-Oct-2024,0.221
29-Oct-2024,0.20525
30-Oct-2024,0.140583333333333
31-Oct-2024,0.138708333333333
01-Nov-2024,0.15025
02-Nov-2024,0.128083333333333
03-Nov-2024,0.189666666666667
04-Nov-2024,0.290625
05-Nov-2024,0.320416666666667
06-Nov-2024,0.219625
07-Nov-2024,0.154083333333333
08-Nov-2024,0.150208333333333
09-Nov-2024,0.134083333333333
10-Nov-2024,0.222291666666667
11-Nov-2024,0.205833333333333
12-Nov-2024,0.203125
13-Nov-2024,0.192375
14-Nov-2024,0.321291666666667
15-Nov-2024,0.289625
16-Nov-2024,0.4395
17-Nov-2024,0.38325
18-Nov-2024,0.305041666666667
19-Nov-2024,0.244083333333333
20-Nov-2024,0.285916666666667
21-Nov-2024,0.2455
22-Nov-2024,0.179916666666667
23-Nov-2024,0.0554166666666667
24-Nov-2024,0.0273333333333333
25-Nov-2024,-4.16666666666436e-05
26-Nov-2024,-0.0549166666666666
27-Nov-2024,-0.0475833333333333
28-Nov-2024,0.135125
29-Nov-2024,0.021875
30-Nov-2024,0.10675
01-Dec-2024,0.0999166666666667
02-Dec-2024,0.0383333333333333
03-Dec-2024,-0.0129583333333333
04-Dec-2024,0.0627083333333333
05-Dec-2024,0.130583333333333
06-Dec-2024,-0.067
07-Dec-2024,0.00454166666666663
08-Dec-2024,-0.0130833333333333
09-Dec-2024,-0.093875
10-Dec-2024,-0.092375
11-Dec-2024,0.0311666666666667
12-Dec-2024,-0.15875
13-Dec-2024,-0.09125
14-Dec-2024,-0.03
15-Dec-2024,0.042125
16-Dec-2024,0.0767916666666667
17-Dec-2024,0.0345416666666667
18-Dec-2024,0.011375
19-Dec-2024,0.0240833333333333
20-Dec-2024,0.133166666666667
21-Dec-2024,0.100291666666667
22-Dec-2024,0.0802916666666667
23-Dec-2024,0.0295416666666667
24-Dec-2024,-0.0181666666666667
25-Dec-2024,0.0327083333333333
26-Dec-2024,0.0573333333333333
27-Dec-2024,0.084
28-Dec-2024,0.0870416666666667
29-Dec-2024,0.157166666666667
30-Dec-2024,0.101208333333333
31-Dec-2024,0.0986666666666667
01-Jan-2025,0.0148333333333333
02-Jan-2025,-0.01625
03-Jan-2025,0.019125
04-Jan-2025,-0.19425
05-Jan-2025,-0.102416666666667
06-Jan-2025,0.0857083333333333
07-Jan-2025,-0.143
08-Jan-2025,-0.0473333333333333
09-Jan-2025,-0.148833333333333
10-Jan-2025,-0.0837916666666667
11-Jan-2025,-0.000166666666666641
12-Jan-2025,0.00758333333333332
13-Jan-2025,0.0524583333333333
14-Jan-2025,-0.0294583333333333
15-Jan-2025,-0.116708333333333
16-Jan-2025,-0.015125
17-Jan-2025,-0.0920416666666666
18-Jan-2025,0.0613333333333333
19-Jan-2025,0.147333333333333
20-Jan-2025,-0.137833333333333
21-Jan-2025,-0.129083333333333
22-Jan-2025,-0.142541666666667
23-Jan-2025,-0.0775
24-Jan-2025,-0.138375
25-Jan-2025,-0.173791666666667
26-Jan-2025,-0.239375
27-Jan-2025,-0.19575
28-Jan-2025,-0.157416666666667
29-Jan-2025,-0.129208333333333
30-Jan-2025,-0.174875
31-Jan-2025,-0.111041666666667
01-Feb-2025,-0.151125
02-Feb-2025,-0.157958333333333
03-Feb-2025,-0.0367916666666666
04-Feb-2025,0.00454166666666666
05-Feb-2025,-0.0350416666666667
06-Feb-2025,-0.00341666666666664
07-Feb-2025,-0.0815416666666666
08-Feb-2025,-0.12575
09-Feb-2025,-0.0454583333333333
10-Feb-2025,-0.119708333333333
11-Feb-2025,-0.00116666666666665
12-Feb-2025,0.102833333333333
13-Feb-2025,0.1235
14-Feb-2025,-0.0797083333333333
15-Feb-2025,0.0720833333333333
16-Feb-2025,0.225666666666667
17-Feb-2025,-0.111833333333333
18-Feb-2025,-0.10175
19-Feb-2025,-0.139166666666667
20-Feb-2025,0.02425
21-Feb-2025,-0.125375
22-Feb-2025,-0.06125
23-Feb-2025,-0.00812500000000002
24-Feb-2025,0.022
25-Feb-2025,0.095
26-Feb-2025,0.14375
27-Feb-2025,0.134375
28-Feb-2025,0.142083333333333
01-Mar-2025,0.200958333333333
02-Mar-2025,0.0921666666666667
03-Mar-2025,0.125416666666667
04-Mar-2025,0.0764583333333333
05-Mar-2025,0.229666666666667
06-Mar-2025,0.0454166666666667
07-Mar-2025,-0.0232916666666667
08-Mar-2025,0.0324583333333333
09-Mar-2025,-0.0139583333333333
10-Mar-2025,0.0309583333333333
11-Mar-2025,0.07775
12-Mar-2025,0.174916666666667
13-Mar-2025,0.0997083333333334
14-Mar-2025,0.0257083333333333
15-Mar-2025,0.117458333333333
16-Mar-2025,0.191166666666667
17-Mar-2025,0.071375
18-Mar-2025,-0.00212500000000001
19-Mar-2025,0.172333333333333
20-Mar-2025,0.26575
21-Mar-2025,-0.00283333333333334
22-Mar-2025,0.09825
23-Mar-2025,-0.0407083333333333
24-Mar-2025,0.0433333333333333
25-Mar-2025,-0.0820416666666667
26-Mar-2025,-0.080125
27-Mar-2025,-0.059125
28-Mar-2025,-0.00304166666666667
29-Mar-2025,-0.043875
30-Mar-2025,-0.052875
31-Mar-2025,0.06225
01-Apr-2025,0.0680416666666667
02-Apr-2025,0.0387083333333333
03-Apr-2025,0.024125
04-Apr-2025,-0.0493333333333333
05-Apr-2025,-0.102083333333333
06-Apr-2025,-0.0929583333333333
07-Apr-2025,-0.0779166666666667
08-Apr-2025,-0.0533333333333333
09-Apr-2025,0.043125
10-Apr-2025,0.078125
11-Apr-2025,0.0491666666666667
12-Apr-2025,0.0279583333333334
13-Apr-2025,0.146583333333333
14-Apr-2025,0.179291666666667
15-Apr-2025,0.132791666666667
16-Apr-2025,0.0166666666666667
17-Apr-2025,0.0825
18-Apr-2025,0.072
19-Apr-2025,0.001875
20-Apr-2025,-0.118041666666667
21-Apr-2025,-0.113458333333333
22-Apr-2025,-0.0300416666666667
23-Apr-2025,-0.0429166666666667
24-Apr-2025,-0.046875
25-Apr-2025,-0.0207916666666667
26-Apr-2025,0.0465
27-Apr-2025,0.0339583333333333
28-Apr-2025,0.0795833333333334
29-Apr-2025,0.0554583333333334
30-Apr-2025,0.0786666666666667
01-May-2025,0.0814583333333334
02-May-2025,0.0982916666666667
03-May-2025,0.0922916666666667
04-May-2025,0.0740833333333333
05-May-2025,0.065625
06-May-2025,-0.0270416666666667
07-May-2025,-0.0125416666666667
08-May-2025,0.0352916666666667
09-May-2025,0.0613333333333334
10-May-2025,0.046875
11-May-2025,0.0960833333333333
12-May-2025,0.091375
13-May-2025,0.199208333333333
14-May-2025,0.165
15-May-2025,0.168458333333333
16-May-2025,0.181416666666667
17-May-2025,0.171625
18-May-2025,0.102166666666667
19-May-2025,0.1065
20-May-2025,0.117
21-May-2025,0.2195
22-May-2025,0.132708333333333
23-May-2025,0.149541666666667
24-May-2025,0.141791666666667
25-May-2025,0.127666666666667
26-May-2025,0.0624166666666667
27-May-2025,0.0995
28-May-2025,0.137208333333333
29-May-2025,0.103833333333333
30-May-2025,0.180166666666667
31-May-2025,0.15975
01-Jun-2025,0.143875
02-Jun-2025,0.152875
03-Jun-2025,0.0955416666666667
04-Jun-2025,0.0756666666666667
05-Jun-2025,0.0881666666666667
06-Jun-2025,0.0545
07-Jun-2025,0.047875
08-Jun-2025,0.0740416666666667
09-Jun-2025,0.0930833333333333
10-Jun-2025,0.043875
11-Jun-2025,0.0297083333333333
12-Jun-2025,0.0445833333333333
13-Jun-2025,0.103208333333333
14-Jun-2025,0.1235
15-Jun-2025,0.114625
16-Jun-2025,0.203333333333333
17-Jun-2025,0.241291666666667
18-Jun-2025,0.204166666666667
19-Jun-2025,0.174458333333333
20-Jun-2025,0.152458333333333
21-Jun-2025,0.120958333333333
22-Jun-2025,0.0621666666666667
23-Jun-2025,0.0420416666666667
24-Jun-2025,0.0408333333333333
25-Jun-2025,0.09775
26-Jun-2025,0.135291666666667
27-Jun-2025,0.234916666666667
28-Jun-2025,0.286708333333333
29-Jun-2025,0.300083333333333
30-Jun-2025,0.258958333333333
01-Jul-2025,0.242791666666667
02-Jul-2025,0.18825
03-Jul-2025,0.131833333333333
04-Jul-2025,0.151166666666667
05-Jul-2025,0.11175
06-Jul-2025,0.283541666666667
07-Jul-2025,0.127958333333333
08-Jul-2025,0.105708333333333
09-Jul-2025,0.113333333333333
10-Jul-2025,0.148291666666667
11-Jul-2025,0.141208333333333
12-Jul-2025,0.214583333333333
13-Jul-2025,0.239833333333333
14-Jul-2025,0.248583333333333
15-Jul-2025,0.26425
16-Jul-2025,0.245791666666667
17-Jul-2025,0.198833333333333
18-Jul-2025,0.145125
19-Jul-2025,0.159958333333333
20-Jul-2025,0.207583333333333
21-Jul-2025,0.192958333333333
22-Jul-2025,0.217083333333333
23-Jul-2025,0.277125
24-Jul-2025,0.292583333333333
25-Jul-2025,0.285875
26-Jul-2025,0.293583333333333
27-Jul-2025,0.274583333333333
28-Jul-2025,0.2945
29-Jul-2025,0.278375
30-Jul-2025,0.271
31-Jul-2025,0.237375
01-Aug-2025,0.13525
02-Aug-2025,0.156375
03-Aug-2025,0.313
04-Aug-2025,0.271916666666667
05-Aug-2025,0.194375
06-Aug-2025,0.133458333333333
07-Aug-2025,0.129583333333333
08-Aug-2025,0.2365
09-Aug-2025,0.290791666666667
10-Aug-2025,0.312625
11-Aug-2025,0.264666666666667
12-Aug-2025,0.238083333333333
13-Aug-2025,0.277875
14-Aug-2025,0.280875
15-Aug-2025,0.269083333333333
16-Aug-2025,0.245625
17-Aug-2025,0.3205
18-Aug-2025,0.335166666666667
19-Aug-2025,0.254958333333333
20-Aug-2025,0.352833333333333
21-Aug-2025,0.466125
22-Aug-2025,0.540958333333333
23-Aug-2025,0.55025
24-Aug-2025,0.535291666666667
25-Aug-2025,0.495583333333333
26-Aug-2025,0.348708333333333
27-Aug-2025,0.282291666666667
28-Aug-2025,0.237125
29-Aug-2025,0.21675
30-Aug-2025,0.177375
31-Aug-2025,0.214
01-Sep-2025,0.253916666666667
02-Sep-2025,0.2755
03-Sep-2025,0.307708333333333
04-Sep-2025,0.279083333333333
05-Sep-2025,0.210333333333333
06-Sep-2025,0.192833333333333
07-Sep-2025,0.221208333333333
08-Sep-2025,0.223333333333333
09-Sep-2025,0.332125
10-Sep-2025,0.338666666666667
11-Sep-2025,0.343541666666667
12-Sep-2025,0.356625
13-Sep-2025,0.323791666666667
14-Sep-2025,0.277541666666667
15-Sep-2025,0.2375
16-Sep-2025,0.193333333333333
17-Sep-2025,0.177625
18-Sep-2025,0.168458333333333
19-Sep-2025,0.2045
20-Sep-2025,0.188333333333333
21-Sep-2025,0.193833333333333
22-Sep-2025,0.258333333333333
23-Sep-2025,0.261791666666667
24-Sep-2025,0.21875
25-Sep-2025,0.2285
26-Sep-2025,0.223583333333333
27-Sep-2025,0.209166666666667
28-Sep-2025,0.194083333333333
29-Sep-2025,0.222416666666667
30-Sep-2025,0.316333333333333
01-Oct-2025,0.402333333333333
02-Oct-2025,0.338375
03-Oct-2025,0.358375
04-Oct-2025,0.43325
05-Oct-2025,0.353875
06-Oct-2025,0.276125
07-Oct-2025,0.278791666666667
08-Oct-2025,0.27975
09-Oct-2025,0.197458333333333
10-Oct-2025,0.330875
11-Oct-2025,0.341875
12-Oct-2025,0.350083333333333
13-Oct-2025,0.307375
14-Oct-2025,0.382958333333333
15-Oct-2025,0.422
16-Oct-2025,0.449833333333333
17-Oct-2025,0.372708333333333
18-Oct-2025,0.381958333333333
19-Oct-2025,0.352916666666667
20-Oct-2025,0.285708333333333
21-Oct-2025,0.279416666666667
22-Oct-2025,0.258666666666667
23-Oct-2025,0.165166666666667
24-Oct-2025,0.138625
25-Oct-2025,0.0971666666666667
26-Oct-2025,0.111666666666667
27-Oct-2025,0.15125
28-Oct-2025,0.25125
29-Oct-2025,0.399458333333333
30-Oct-2025,0.417708333333333
31-Oct-2025,0.23625
01-Nov-2025,0.152208333333333
02-Nov-2025,0.0803333333333333
03-Nov-2025,0.032875
04-Nov-2025,-0.0398333333333334
05-Nov-2025,0.094875
06-Nov-2025,-0.00791666666666668
07-Nov-2025,0.0882916666666667
08-Nov-2025,0.101375
09-Nov-2025,0.109916666666667
10-Nov-2025,0.0642083333333333
11-Nov-2025,-0.149916666666667
12-Nov-2025,-0.0304166666666666
13-Nov-2025,-0.0789583333333334
14-Nov-2025,-0.044
15-Nov-2025,0.00287500000000003
16-Nov-2025,0.111083333333333
17-Nov-2025,0.144625
18-Nov-2025,0.101
19-Nov-2025,0.0613333333333333
20-Nov-2025,0.0647916666666667
21-Nov-2025,0.147833333333333
22-Nov-2025,0.107041666666667
23-Nov-2025,0.0658333333333334
24-Nov-2025,0.1085
25-Nov-2025,0.0964166666666667
26-Nov-2025,0.0790416666666667
27-Nov-2025,-0.03075
28-Nov-2025,-0.015875
29-Nov-2025,-0.048125
30-Nov-2025,0.00166666666666667
